trade_date,ts_code,trade_date,close
2010-06-01,399006.SZ,20100601,973.233
2010-06-02,399006.SZ,20100602,997.119
2010-06-03,399006.SZ,20100603,998.394
2010-06-04,399006.SZ,20100604,1027.681
2010-06-07,399006.SZ,20100607,1069.468
2010-06-08,399006.SZ,20100608,1067.154
2010-06-09,399006.SZ,20100609,1077.823
2010-06-10,399006.SZ,20100610,1117.478
2010-06-11,399006.SZ,20100611,1122.199
2010-06-17,399006.SZ,20100617,1064.839
2010-06-18,399006.SZ,20100618,1000.277
2010-06-21,399006.SZ,20100621,1040.802
2010-06-22,399006.SZ,20100622,1034.995
2010-06-23,399006.SZ,20100623,1047.337
2010-06-24,399006.SZ,20100624,1050.601
2010-06-25,399006.SZ,20100625,1016.283
2010-06-28,399006.SZ,20100628,987.827
2010-06-29,399006.SZ,20100629,913.309
2010-06-30,399006.SZ,20100630,919.314
2010-07-01,399006.SZ,20100701,882.19
2010-07-02,399006.SZ,20100702,873.12
2010-07-05,399006.SZ,20100705,862.268
2010-07-06,399006.SZ,20100706,893.718
2010-07-07,399006.SZ,20100707,908.549
2010-07-08,399006.SZ,20100708,905.509
2010-07-09,399006.SZ,20100709,932.147
2010-07-12,399006.SZ,20100712,930.173
2010-07-13,399006.SZ,20100713,931.08
2010-07-14,399006.SZ,20100714,922.362
2010-07-15,399006.SZ,20100715,892.557
2010-07-16,399006.SZ,20100716,892.298
2010-07-19,399006.SZ,20100719,908.049
2010-07-20,399006.SZ,20100720,937.017
2010-07-21,399006.SZ,20100721,941.25
2010-07-22,399006.SZ,20100722,950.209
2010-07-23,399006.SZ,20100723,960.588
2010-07-26,399006.SZ,20100726,966.154
2010-07-27,399006.SZ,20100727,957.967
2010-07-28,399006.SZ,20100728,972.534
2010-07-29,399006.SZ,20100729,975.362
2010-07-30,399006.SZ,20100730,968.431
2010-08-02,399006.SZ,20100802,994.228
2010-08-03,399006.SZ,20100803,975.645
2010-08-04,399006.SZ,20100804,978.014
2010-08-05,399006.SZ,20100805,987.351
2010-08-06,399006.SZ,20100806,1011.39
2010-08-09,399006.SZ,20100809,1032.339
2010-08-10,399006.SZ,20100810,993.992
2010-08-11,399006.SZ,20100811,1004.637
2010-08-12,399006.SZ,20100812,991.777
2010-08-13,399006.SZ,20100813,1007.206
2010-08-16,399006.SZ,20100816,1030.217
2010-08-17,399006.SZ,20100817,1033.581
2010-08-18,399006.SZ,20100818,1026.722
2010-08-19,399006.SZ,20100819,1025.526
2010-08-20,399006.SZ,20100820,995.944
2010-08-23,399006.SZ,20100823,995.613
2010-08-24,399006.SZ,20100824,1004.985
2010-08-25,399006.SZ,20100825,976.878
2010-08-26,399006.SZ,20100826,980.63
2010-08-27,399006.SZ,20100827,999.456
2010-08-30,399006.SZ,20100830,1024.928
2010-08-31,399006.SZ,20100831,1025.57
2010-09-01,399006.SZ,20100901,995.586
2010-09-02,399006.SZ,20100902,1014.922
2010-09-03,399006.SZ,20100903,1036.703
2010-09-06,399006.SZ,20100906,1010.764
2010-09-07,399006.SZ,20100907,1022.622
2010-09-08,399006.SZ,20100908,1026.327
2010-09-09,399006.SZ,20100909,1021.832
2010-09-10,399006.SZ,20100910,1034.939
2010-09-13,399006.SZ,20100913,1042.482
2010-09-14,399006.SZ,20100914,1031.219
2010-09-15,399006.SZ,20100915,990.103
2010-09-16,399006.SZ,20100916,972.602
2010-09-17,399006.SZ,20100917,972.229
2010-09-20,399006.SZ,20100920,949.195
2010-09-21,399006.SZ,20100921,934.461
2010-09-27,399006.SZ,20100927,950.671
2010-09-28,399006.SZ,20100928,942.049
2010-09-29,399006.SZ,20100929,926.758
2010-09-30,399006.SZ,20100930,942.539
2010-10-08,399006.SZ,20101008,959.863
2010-10-11,399006.SZ,20101011,947.11
2010-10-12,399006.SZ,20101012,951.79
2010-10-13,399006.SZ,20101013,962.738
2010-10-14,399006.SZ,20101014,958.495
2010-10-15,399006.SZ,20101015,944.254
2010-10-18,399006.SZ,20101018,932.359
2010-10-19,399006.SZ,20101019,995.922
2010-10-20,399006.SZ,20101020,1004.542
2010-10-21,399006.SZ,20101021,991.842
2010-10-22,399006.SZ,20101022,1013.448
2010-10-25,399006.SZ,20101025,1039.054
2010-10-26,399006.SZ,20101026,1036.007
2010-10-27,399006.SZ,20101027,1030.593
2010-10-28,399006.SZ,20101028,1038.622
2010-10-29,399006.SZ,20101029,1064.522
2010-11-01,399006.SZ,20101101,1107.523
2010-11-02,399006.SZ,20101102,1075.151
2010-11-03,399006.SZ,20101103,1040.621
2010-11-04,399006.SZ,20101104,1057.714
2010-11-05,399006.SZ,20101105,1072.219
2010-11-08,399006.SZ,20101108,1107.061
2010-11-09,399006.SZ,20101109,1115.648
2010-11-10,399006.SZ,20101110,1141.582
2010-11-11,399006.SZ,20101111,1132.722
2010-11-12,399006.SZ,20101112,1082.24
2010-11-15,399006.SZ,20101115,1148.539
2010-11-16,399006.SZ,20101116,1126.175
2010-11-17,399006.SZ,20101117,1085.349
2010-11-18,399006.SZ,20101118,1102.845
2010-11-19,399006.SZ,20101119,1153.171
2010-11-22,399006.SZ,20101122,1174.938
2010-11-23,399006.SZ,20101123,1183.502
2010-11-24,399006.SZ,20101124,1208.45
2010-11-25,399006.SZ,20101125,1186.358
2010-11-26,399006.SZ,20101126,1196.019
2010-11-29,399006.SZ,20101129,1220.11
2010-11-30,399006.SZ,20101130,1181.504
2010-12-01,399006.SZ,20101201,1177.175
2010-12-02,399006.SZ,20101202,1177.84
2010-12-03,399006.SZ,20101203,1157.939
2010-12-06,399006.SZ,20101206,1134.383
2010-12-07,399006.SZ,20101207,1161.692
2010-12-08,399006.SZ,20101208,1160.239
2010-12-09,399006.SZ,20101209,1144.531
2010-12-10,399006.SZ,20101210,1166.801
2010-12-13,399006.SZ,20101213,1209.271
2010-12-14,399006.SZ,20101214,1218.52
2010-12-15,399006.SZ,20101215,1211.804
2010-12-16,399006.SZ,20101216,1225.03
2010-12-17,399006.SZ,20101217,1232.982
2010-12-20,399006.SZ,20101220,1212.337
2010-12-21,399006.SZ,20101221,1215.022
2010-12-22,399006.SZ,20101222,1201.647
2010-12-23,399006.SZ,20101223,1176.364
2010-12-24,399006.SZ,20101224,1144.502
2010-12-27,399006.SZ,20101227,1105.296
2010-12-28,399006.SZ,20101228,1091.483
2010-12-29,399006.SZ,20101229,1113.31
2010-12-30,399006.SZ,20101230,1117.214
2010-12-31,399006.SZ,20101231,1137.662
2011-01-04,399006.SZ,20110104,1155.106
2011-01-05,399006.SZ,20110105,1155.349
2011-01-06,399006.SZ,20110106,1134.792
2011-01-07,399006.SZ,20110107,1126.517
2011-01-10,399006.SZ,20110110,1093.765
2011-01-11,399006.SZ,20110111,1078.365
2011-01-12,399006.SZ,20110112,1089.673
2011-01-13,399006.SZ,20110113,1093.856
2011-01-14,399006.SZ,20110114,1067.418
2011-01-17,399006.SZ,20110117,1028.161
2011-01-18,399006.SZ,20110118,1025.716
2011-01-19,399006.SZ,20110119,1048.535
2011-01-20,399006.SZ,20110120,1020.389
2011-01-21,399006.SZ,20110121,1024.505
2011-01-24,399006.SZ,20110124,994.967
2011-01-25,399006.SZ,20110125,978.998
2011-01-26,399006.SZ,20110126,995.744
2011-01-27,399006.SZ,20110127,1013.024
2011-01-28,399006.SZ,20110128,1020.938
2011-01-31,399006.SZ,20110131,1029.12
2011-02-01,399006.SZ,20110201,1032.604
2011-02-09,399006.SZ,20110209,1025.152
2011-02-10,399006.SZ,20110210,1063.946
2011-02-11,399006.SZ,20110211,1071.582
2011-02-14,399006.SZ,20110214,1086.558
2011-02-15,399006.SZ,20110215,1087.725
2011-02-16,399006.SZ,20110216,1107.24
2011-02-17,399006.SZ,20110217,1115.334
2011-02-18,399006.SZ,20110218,1100.461
2011-02-21,399006.SZ,20110221,1117.672
2011-02-22,399006.SZ,20110222,1088.266
2011-02-23,399006.SZ,20110223,1114.052
2011-02-24,399006.SZ,20110224,1101.953
2011-02-25,399006.SZ,20110225,1095.098
2011-02-28,399006.SZ,20110228,1099.776
2011-03-01,399006.SZ,20110301,1098.003
2011-03-02,399006.SZ,20110302,1088.897
2011-03-03,399006.SZ,20110303,1064.307
2011-03-04,399006.SZ,20110304,1071.86
2011-03-07,399006.SZ,20110307,1078.111
2011-03-08,399006.SZ,20110308,1084.821
2011-03-09,399006.SZ,20110309,1087.299
2011-03-10,399006.SZ,20110310,1093.904
2011-03-11,399006.SZ,20110311,1101.76
2011-03-14,399006.SZ,20110314,1107.537
2011-03-15,399006.SZ,20110315,1094.954
2011-03-16,399006.SZ,20110316,1102.215
2011-03-17,399006.SZ,20110317,1078.371
2011-03-18,399006.SZ,20110318,1083.597
2011-03-21,399006.SZ,20110321,1070.601
2011-03-22,399006.SZ,20110322,1067.285
2011-03-23,399006.SZ,20110323,1076.563
2011-03-24,399006.SZ,20110324,1077.988
2011-03-25,399006.SZ,20110325,1072.343
2011-03-28,399006.SZ,20110328,1052.113
2011-03-29,399006.SZ,20110329,1019.04
2011-03-30,399006.SZ,20110330,1006.366
2011-03-31,399006.SZ,20110331,1008.296
2011-04-01,399006.SZ,20110401,1015.076
2011-04-06,399006.SZ,20110406,994.261
2011-04-07,399006.SZ,20110407,1004.412
2011-04-08,399006.SZ,20110408,1019.142
2011-04-11,399006.SZ,20110411,1002.804
2011-04-12,399006.SZ,20110412,1000.165
2011-04-13,399006.SZ,20110413,1020.747
2011-04-14,399006.SZ,20110414,1016.616
2011-04-15,399006.SZ,20110415,1010.058
2011-04-18,399006.SZ,20110418,1003.258
2011-04-19,399006.SZ,20110419,994.299
2011-04-20,399006.SZ,20110420,1008.18
2011-04-21,399006.SZ,20110421,1010.56
2011-04-22,399006.SZ,20110422,1004.646
2011-04-25,399006.SZ,20110425,975.175
2011-04-26,399006.SZ,20110426,958.292
2011-04-27,399006.SZ,20110427,942.543
2011-04-28,399006.SZ,20110428,904.147
2011-04-29,399006.SZ,20110429,912.715
2011-05-03,399006.SZ,20110503,922.072
2011-05-04,399006.SZ,20110504,903.985
2011-05-05,399006.SZ,20110505,914.593
2011-05-06,399006.SZ,20110506,918.282
2011-05-09,399006.SZ,20110509,931.77
2011-05-10,399006.SZ,20110510,931.205
2011-05-11,399006.SZ,20110511,929.953
2011-05-12,399006.SZ,20110512,909.255
2011-05-13,399006.SZ,20110513,909.774
2011-05-16,399006.SZ,20110516,906.337
2011-05-17,399006.SZ,20110517,895.149
2011-05-18,399006.SZ,20110518,890.794
2011-05-19,399006.SZ,20110519,884.89
2011-05-20,399006.SZ,20110520,875.43
2011-05-23,399006.SZ,20110523,840.898
2011-05-24,399006.SZ,20110524,870.939
2011-05-25,399006.SZ,20110525,842.35
2011-05-26,399006.SZ,20110526,830.921
2011-05-27,399006.SZ,20110527,822.944
2011-05-30,399006.SZ,20110530,834.316
2011-05-31,399006.SZ,20110531,846.315
2011-06-01,399006.SZ,20110601,851.166
2011-06-02,399006.SZ,20110602,833.737
2011-06-03,399006.SZ,20110603,847.545
2011-06-07,399006.SZ,20110607,847.709
2011-06-08,399006.SZ,20110608,844.978
2011-06-09,399006.SZ,20110609,828.016
2011-06-10,399006.SZ,20110610,824.03
2011-06-13,399006.SZ,20110613,829.359
2011-06-14,399006.SZ,20110614,838.474
2011-06-15,399006.SZ,20110615,827.533
2011-06-16,399006.SZ,20110616,810.709
2011-06-17,399006.SZ,20110617,802.637
2011-06-20,399006.SZ,20110620,791.758
2011-06-21,399006.SZ,20110621,795.608
2011-06-22,399006.SZ,20110622,791.513
2011-06-23,399006.SZ,20110623,814.444
2011-06-24,399006.SZ,20110624,832.324
2011-06-27,399006.SZ,20110627,843.859
2011-06-28,399006.SZ,20110628,844.177
2011-06-29,399006.SZ,20110629,836.384
2011-06-30,399006.SZ,20110630,845.919
2011-07-01,399006.SZ,20110701,855.27
2011-07-04,399006.SZ,20110704,876.168
2011-07-05,399006.SZ,20110705,883.417
2011-07-06,399006.SZ,20110706,894.277
2011-07-07,399006.SZ,20110707,899.798
2011-07-08,399006.SZ,20110708,894.909
2011-07-11,399006.SZ,20110711,903.31
2011-07-12,399006.SZ,20110712,891.516
2011-07-13,399006.SZ,20110713,913.085
2011-07-14,399006.SZ,20110714,932.775
2011-07-15,399006.SZ,20110715,951.138
2011-07-18,399006.SZ,20110718,946.118
2011-07-19,399006.SZ,20110719,927.297
2011-07-20,399006.SZ,20110720,930.828
2011-07-21,399006.SZ,20110721,915.368
2011-07-22,399006.SZ,20110722,923.995
2011-07-25,399006.SZ,20110725,887.063
2011-07-26,399006.SZ,20110726,892.54
2011-07-27,399006.SZ,20110727,915.548
2011-07-28,399006.SZ,20110728,919.395
2011-07-29,399006.SZ,20110729,913.278
2011-08-01,399006.SZ,20110801,927.384
2011-08-02,399006.SZ,20110802,932.121
2011-08-03,399006.SZ,20110803,945.509
2011-08-04,399006.SZ,20110804,937.475
2011-08-05,399006.SZ,20110805,919.185
2011-08-08,399006.SZ,20110808,877.443
2011-08-09,399006.SZ,20110809,878.761
2011-08-10,399006.SZ,20110810,891.752
2011-08-11,399006.SZ,20110811,915.489
2011-08-12,399006.SZ,20110812,926.297
2011-08-15,399006.SZ,20110815,942.485
2011-08-16,399006.SZ,20110816,933.139
2011-08-17,399006.SZ,20110817,936.159
2011-08-18,399006.SZ,20110818,915.684
2011-08-19,399006.SZ,20110819,912.421
2011-08-22,399006.SZ,20110822,910.606
2011-08-23,399006.SZ,20110823,936.416
2011-08-24,399006.SZ,20110824,940.196
2011-08-25,399006.SZ,20110825,942.944
2011-08-26,399006.SZ,20110826,952.806
2011-08-29,399006.SZ,20110829,954.029
2011-08-30,399006.SZ,20110830,934.185
2011-08-31,399006.SZ,20110831,921.495
2011-09-01,399006.SZ,20110901,917.751
2011-09-02,399006.SZ,20110902,909.853
2011-09-05,399006.SZ,20110905,883.873
2011-09-06,399006.SZ,20110906,874.738
2011-09-07,399006.SZ,20110907,899.614
2011-09-08,399006.SZ,20110908,891.932
2011-09-09,399006.SZ,20110909,881.577
2011-09-13,399006.SZ,20110913,861.916
2011-09-14,399006.SZ,20110914,876.949
2011-09-15,399006.SZ,20110915,875.861
2011-09-16,399006.SZ,20110916,874.883
2011-09-19,399006.SZ,20110919,854.712
2011-09-20,399006.SZ,20110920,856.812
2011-09-21,399006.SZ,20110921,881.031
2011-09-22,399006.SZ,20110922,852.92
2011-09-23,399006.SZ,20110923,843.479
2011-09-26,399006.SZ,20110926,829.347
2011-09-27,399006.SZ,20110927,830.884
2011-09-28,399006.SZ,20110928,817.515
2011-09-29,399006.SZ,20110929,791.894
2011-09-30,399006.SZ,20110930,791.134
2011-10-10,399006.SZ,20111010,790.042
2011-10-11,399006.SZ,20111011,786.151
2011-10-12,399006.SZ,20111012,816.138
2011-10-13,399006.SZ,20111013,833.021
2011-10-14,399006.SZ,20111014,830.197
2011-10-17,399006.SZ,20111017,832.289
2011-10-18,399006.SZ,20111018,806.6
2011-10-19,399006.SZ,20111019,804.436
2011-10-20,399006.SZ,20111020,778.954
2011-10-21,399006.SZ,20111021,763.295
2011-10-24,399006.SZ,20111024,772.41
2011-10-25,399006.SZ,20111025,797.858
2011-10-26,399006.SZ,20111026,811.134
2011-10-27,399006.SZ,20111027,810.922
2011-10-28,399006.SZ,20111028,833.423
2011-10-31,399006.SZ,20111031,852.798
2011-11-01,399006.SZ,20111101,853.359
2011-11-02,399006.SZ,20111102,881.047
2011-11-03,399006.SZ,20111103,877.658
2011-11-04,399006.SZ,20111104,882.253
2011-11-07,399006.SZ,20111107,878.758
2011-11-08,399006.SZ,20111108,862.36
2011-11-09,399006.SZ,20111109,891.123
2011-11-10,399006.SZ,20111110,895.272
2011-11-11,399006.SZ,20111111,891.193
2011-11-14,399006.SZ,20111114,915.977
2011-11-15,399006.SZ,20111115,920.974
2011-11-16,399006.SZ,20111116,893.508
2011-11-17,399006.SZ,20111117,898.339
2011-11-18,399006.SZ,20111118,869.19
2011-11-21,399006.SZ,20111121,863.134
2011-11-22,399006.SZ,20111122,868.432
2011-11-23,399006.SZ,20111123,864.811
2011-11-24,399006.SZ,20111124,868.142
2011-11-25,399006.SZ,20111125,863.495
2011-11-28,399006.SZ,20111128,866.837
2011-11-29,399006.SZ,20111129,880.313
2011-11-30,399006.SZ,20111130,838.108
2011-12-01,399006.SZ,20111201,852.872
2011-12-02,399006.SZ,20111202,829.176
2011-12-05,399006.SZ,20111205,792.495
2011-12-06,399006.SZ,20111206,798.096
2011-12-07,399006.SZ,20111207,802.625
2011-12-08,399006.SZ,20111208,809.431
2011-12-09,399006.SZ,20111209,798.837
2011-12-12,399006.SZ,20111212,790.792
2011-12-13,399006.SZ,20111213,768.924
2011-12-14,399006.SZ,20111214,755.762
2011-12-15,399006.SZ,20111215,746.555
2011-12-16,399006.SZ,20111216,778.775
2011-12-19,399006.SZ,20111219,793.44
2011-12-20,399006.SZ,20111220,781.418
2011-12-21,399006.SZ,20111221,761.337
2011-12-22,399006.SZ,20111222,757.896
2011-12-23,399006.SZ,20111223,761.442
2011-12-26,399006.SZ,20111226,753.049
2011-12-27,399006.SZ,20111227,727.173
2011-12-28,399006.SZ,20111228,717.554
2011-12-29,399006.SZ,20111229,716.549
2011-12-30,399006.SZ,20111230,729.504
2012-01-04,399006.SZ,20120104,707.107
2012-01-05,399006.SZ,20120105,666.905
2012-01-06,399006.SZ,20120106,669.017
2012-01-09,399006.SZ,20120109,692.418
2012-01-10,399006.SZ,20120110,716.453
2012-01-11,399006.SZ,20120111,717.936
2012-01-12,399006.SZ,20120112,709.89
2012-01-13,399006.SZ,20120113,666.078
2012-01-16,399006.SZ,20120116,633.908
2012-01-17,399006.SZ,20120117,662.69
2012-01-18,399006.SZ,20120118,624.911
2012-01-19,399006.SZ,20120119,632.799
2012-01-20,399006.SZ,20120120,646.383
2012-01-30,399006.SZ,20120130,651.246
2012-01-31,399006.SZ,20120131,648.681
2012-02-01,399006.SZ,20120201,650.776
2012-02-02,399006.SZ,20120202,665.402
2012-02-03,399006.SZ,20120203,680.045
2012-02-06,399006.SZ,20120206,686.508
2012-02-07,399006.SZ,20120207,673.679
2012-02-08,399006.SZ,20120208,692.303
2012-02-09,399006.SZ,20120209,697.79
2012-02-10,399006.SZ,20120210,698.854
2012-02-13,399006.SZ,20120213,714.956
2012-02-14,399006.SZ,20120214,712.296
2012-02-15,399006.SZ,20120215,724.751
2012-02-16,399006.SZ,20120216,721.832
2012-02-17,399006.SZ,20120217,717.797
2012-02-20,399006.SZ,20120220,721.099
2012-02-21,399006.SZ,20120221,736.882
2012-02-22,399006.SZ,20120222,759.562
2012-02-23,399006.SZ,20120223,756.897
2012-02-24,399006.SZ,20120224,762.29
2012-02-27,399006.SZ,20120227,760.373
2012-02-28,399006.SZ,20120228,747.768
2012-02-29,399006.SZ,20120229,735.336
2012-03-01,399006.SZ,20120301,743.148
2012-03-02,399006.SZ,20120302,757.669
2012-03-05,399006.SZ,20120305,759.369
2012-03-06,399006.SZ,20120306,750.837
2012-03-07,399006.SZ,20120307,749.266
2012-03-08,399006.SZ,20120308,761.703
2012-03-09,399006.SZ,20120309,777.694
2012-03-12,399006.SZ,20120312,786.049
2012-03-13,399006.SZ,20120313,792.378
2012-03-14,399006.SZ,20120314,756.459
2012-03-15,399006.SZ,20120315,746.441
2012-03-16,399006.SZ,20120316,765.562
2012-03-19,399006.SZ,20120319,779.557
2012-03-20,399006.SZ,20120320,755.583
2012-03-21,399006.SZ,20120321,751.791
2012-03-22,399006.SZ,20120322,750.851
2012-03-23,399006.SZ,20120323,737.892
2012-03-26,399006.SZ,20120326,737.213
2012-03-27,399006.SZ,20120327,735.734
2012-03-28,399006.SZ,20120328,698.486
2012-03-29,399006.SZ,20120329,683.959
2012-03-30,399006.SZ,20120330,678.519
2012-04-05,399006.SZ,20120405,697.751
2012-04-06,399006.SZ,20120406,701.901
2012-04-09,399006.SZ,20120409,689.715
2012-04-10,399006.SZ,20120410,697.165
2012-04-11,399006.SZ,20120411,698.487
2012-04-12,399006.SZ,20120412,713.124
2012-04-13,399006.SZ,20120413,718.959
2012-04-16,399006.SZ,20120416,716.229
2012-04-17,399006.SZ,20120417,709.139
2012-04-18,399006.SZ,20120418,723.462
2012-04-19,399006.SZ,20120419,725.12
2012-04-20,399006.SZ,20120420,728.718
2012-04-23,399006.SZ,20120423,690.432
2012-04-24,399006.SZ,20120424,681.534
2012-04-25,399006.SZ,20120425,682.524
2012-04-26,399006.SZ,20120426,678.444
2012-04-27,399006.SZ,20120427,685.131
2012-05-02,399006.SZ,20120502,693.609
2012-05-03,399006.SZ,20120503,699.306
2012-05-04,399006.SZ,20120504,713.186
2012-05-07,399006.SZ,20120507,733.045
2012-05-08,399006.SZ,20120508,731.723
2012-05-09,399006.SZ,20120509,719.35
2012-05-10,399006.SZ,20120510,727.285
2012-05-11,399006.SZ,20120511,721.078
2012-05-14,399006.SZ,20120514,719.872
2012-05-15,399006.SZ,20120515,720.115
2012-05-16,399006.SZ,20120516,709.956
2012-05-17,399006.SZ,20120517,716.17
2012-05-18,399006.SZ,20120518,706.216
2012-05-21,399006.SZ,20120521,704.803
2012-05-22,399006.SZ,20120522,714.662
2012-05-23,399006.SZ,20120523,713.017
2012-05-24,399006.SZ,20120524,712.577
2012-05-25,399006.SZ,20120525,702.724
2012-05-28,399006.SZ,20120528,706.47
2012-05-29,399006.SZ,20120529,720.454
2012-05-30,399006.SZ,20120530,727.188
2012-05-31,399006.SZ,20120531,734.454
2012-06-01,399006.SZ,20120601,734.257
2012-06-04,399006.SZ,20120604,717.101
2012-06-05,399006.SZ,20120605,715.93
2012-06-06,399006.SZ,20120606,715.24
2012-06-07,399006.SZ,20120607,711.428
2012-06-08,399006.SZ,20120608,713.921
2012-06-11,399006.SZ,20120611,734.504
2012-06-12,399006.SZ,20120612,735.294
2012-06-13,399006.SZ,20120613,746.505
2012-06-14,399006.SZ,20120614,740.966
2012-06-15,399006.SZ,20120615,742.268
2012-06-18,399006.SZ,20120618,752.978
2012-06-19,399006.SZ,20120619,747.492
2012-06-20,399006.SZ,20120620,748.388
2012-06-21,399006.SZ,20120621,739.047
2012-06-25,399006.SZ,20120625,720.6
2012-06-26,399006.SZ,20120626,715.924
2012-06-27,399006.SZ,20120627,718.928
2012-06-28,399006.SZ,20120628,711.144
2012-06-29,399006.SZ,20120629,726.684
2012-07-02,399006.SZ,20120702,741.186
2012-07-03,399006.SZ,20120703,743.902
2012-07-04,399006.SZ,20120704,739.624
2012-07-05,399006.SZ,20120705,724.313
2012-07-06,399006.SZ,20120706,737.289
2012-07-09,399006.SZ,20120709,722.281
2012-07-10,399006.SZ,20120710,713.526
2012-07-11,399006.SZ,20120711,719.299
2012-07-12,399006.SZ,20120712,734.323
2012-07-13,399006.SZ,20120713,725.788
2012-07-16,399006.SZ,20120716,691.385
2012-07-17,399006.SZ,20120717,697.003
2012-07-18,399006.SZ,20120718,702.138
2012-07-19,399006.SZ,20120719,709.166
2012-07-20,399006.SZ,20120720,706.25
2012-07-23,399006.SZ,20120723,704.573
2012-07-24,399006.SZ,20120724,706.396
2012-07-25,399006.SZ,20120725,708.301
2012-07-26,399006.SZ,20120726,706.725
2012-07-27,399006.SZ,20120727,703.581
2012-07-30,399006.SZ,20120730,688.474
2012-07-31,399006.SZ,20120731,676.96
2012-08-01,399006.SZ,20120801,689.489
2012-08-02,399006.SZ,20120802,690.982
2012-08-03,399006.SZ,20120803,711.925
2012-08-06,399006.SZ,20120806,730.419
2012-08-07,399006.SZ,20120807,736.012
2012-08-08,399006.SZ,20120808,730.065
2012-08-09,399006.SZ,20120809,743.199
2012-08-10,399006.SZ,20120810,743.073
2012-08-13,399006.SZ,20120813,727.637
2012-08-14,399006.SZ,20120814,736.347
2012-08-15,399006.SZ,20120815,729.73
2012-08-16,399006.SZ,20120816,723.53
2012-08-17,399006.SZ,20120817,721.049
2012-08-20,399006.SZ,20120820,730.866
2012-08-21,399006.SZ,20120821,748.935
2012-08-22,399006.SZ,20120822,746.853
2012-08-23,399006.SZ,20120823,750.561
2012-08-24,399006.SZ,20120824,733.309
2012-08-27,399006.SZ,20120827,722.574
2012-08-28,399006.SZ,20120828,727.616
2012-08-29,399006.SZ,20120829,726.941
2012-08-30,399006.SZ,20120830,704.035
2012-08-31,399006.SZ,20120831,706.625
2012-09-03,399006.SZ,20120903,723.871
2012-09-04,399006.SZ,20120904,722.721
2012-09-05,399006.SZ,20120905,730.616
2012-09-06,399006.SZ,20120906,739.741
2012-09-07,399006.SZ,20120907,759.46
2012-09-10,399006.SZ,20120910,762.313
2012-09-11,399006.SZ,20120911,761.731
2012-09-12,399006.SZ,20120912,762.511
2012-09-13,399006.SZ,20120913,749.892
2012-09-14,399006.SZ,20120914,744.464
2012-09-17,399006.SZ,20120917,724.145
2012-09-18,399006.SZ,20120918,723.61
2012-09-19,399006.SZ,20120919,728.251
2012-09-20,399006.SZ,20120920,706.693
2012-09-21,399006.SZ,20120921,691.138
2012-09-24,399006.SZ,20120924,690.338
2012-09-25,399006.SZ,20120925,682.335
2012-09-26,399006.SZ,20120926,661.49
2012-09-27,399006.SZ,20120927,676.957
2012-09-28,399006.SZ,20120928,689.64
2012-10-08,399006.SZ,20121008,690.767
2012-10-09,399006.SZ,20121009,712.702
2012-10-10,399006.SZ,20121010,721.848
2012-10-11,399006.SZ,20121011,711.797
2012-10-12,399006.SZ,20121012,708.868
2012-10-15,399006.SZ,20121015,701.964
2012-10-16,399006.SZ,20121016,705.388
2012-10-17,399006.SZ,20121017,709.094
2012-10-18,399006.SZ,20121018,720.524
2012-10-19,399006.SZ,20121019,719.448
2012-10-22,399006.SZ,20121022,724.278
2012-10-23,399006.SZ,20121023,711.262
2012-10-24,399006.SZ,20121024,707.753
2012-10-25,399006.SZ,20121025,697.436
2012-10-26,399006.SZ,20121026,685.333
2012-10-29,399006.SZ,20121029,688.12
2012-10-30,399006.SZ,20121030,689.61
2012-10-31,399006.SZ,20121031,691.653
2012-11-01,399006.SZ,20121101,701.778
2012-11-02,399006.SZ,20121102,701.38
2012-11-05,399006.SZ,20121105,692.868
2012-11-06,399006.SZ,20121106,690.497
2012-11-07,399006.SZ,20121107,689.746
2012-11-08,399006.SZ,20121108,675.849
2012-11-09,399006.SZ,20121109,672.67
2012-11-12,399006.SZ,20121112,676.597
2012-11-13,399006.SZ,20121113,667.327
2012-11-14,399006.SZ,20121114,665.185
2012-11-15,399006.SZ,20121115,659.211
2012-11-16,399006.SZ,20121116,656.196
2012-11-19,399006.SZ,20121119,656.936
2012-11-20,399006.SZ,20121120,656.606
2012-11-21,399006.SZ,20121121,660.032
2012-11-22,399006.SZ,20121122,651.826
2012-11-23,399006.SZ,20121123,651.43
2012-11-26,399006.SZ,20121126,638.878
2012-11-27,399006.SZ,20121127,616.284
2012-11-28,399006.SZ,20121128,607.67
2012-11-29,399006.SZ,20121129,603.17
2012-11-30,399006.SZ,20121130,606.766
2012-12-03,399006.SZ,20121203,593.66
2012-12-04,399006.SZ,20121204,600.801
2012-12-05,399006.SZ,20121205,624.824
2012-12-06,399006.SZ,20121206,624.318
2012-12-07,399006.SZ,20121207,637.487
2012-12-10,399006.SZ,20121210,646.319
2012-12-11,399006.SZ,20121211,641.167
2012-12-12,399006.SZ,20121212,639.509
2012-12-13,399006.SZ,20121213,632.181
2012-12-14,399006.SZ,20121214,656.217
2012-12-17,399006.SZ,20121217,649.612
2012-12-18,399006.SZ,20121218,646.046
2012-12-19,399006.SZ,20121219,652.101
2012-12-20,399006.SZ,20121220,658.311
2012-12-21,399006.SZ,20121221,668.089
2012-12-24,399006.SZ,20121224,679.759
2012-12-25,399006.SZ,20121225,694.116
2012-12-26,399006.SZ,20121226,709.075
2012-12-27,399006.SZ,20121227,699.569
2012-12-28,399006.SZ,20121228,707.668
2012-12-31,399006.SZ,20121231,713.863
2013-01-04,399006.SZ,20130104,705.342
2013-01-07,399006.SZ,20130107,718.114
2013-01-08,399006.SZ,20130108,733.138
2013-01-09,399006.SZ,20130109,734.506
2013-01-10,399006.SZ,20130110,741.18
2013-01-11,399006.SZ,20130111,731.587
2013-01-14,399006.SZ,20130114,760.55
2013-01-15,399006.SZ,20130115,778.603
2013-01-16,399006.SZ,20130116,774.485
2013-01-17,399006.SZ,20130117,768.308
2013-01-18,399006.SZ,20130118,787.386
2013-01-21,399006.SZ,20130121,792.6
2013-01-22,399006.SZ,20130122,775.135
2013-01-23,399006.SZ,20130123,778.478
2013-01-24,399006.SZ,20130124,757.869
2013-01-25,399006.SZ,20130125,762.848
2013-01-28,399006.SZ,20130128,784.76
2013-01-29,399006.SZ,20130129,791.671
2013-01-30,399006.SZ,20130130,783.682
2013-01-31,399006.SZ,20130131,776.005
2013-02-01,399006.SZ,20130201,782.363
2013-02-04,399006.SZ,20130204,771.902
2013-02-05,399006.SZ,20130205,780.981
2013-02-06,399006.SZ,20130206,791.263
2013-02-07,399006.SZ,20130207,805.586
2013-02-08,399006.SZ,20130208,823.028
2013-02-18,399006.SZ,20130218,835.277
2013-02-19,399006.SZ,20130219,819.709
2013-02-20,399006.SZ,20130220,850.863
2013-02-21,399006.SZ,20130221,839.298
2013-02-22,399006.SZ,20130222,838.763
2013-02-25,399006.SZ,20130225,855.694
2013-02-26,399006.SZ,20130226,851.217
2013-02-27,399006.SZ,20130227,846.09
2013-02-28,399006.SZ,20130228,861.095
2013-03-01,399006.SZ,20130301,884.891
2013-03-04,399006.SZ,20130304,863.5
2013-03-05,399006.SZ,20130305,888.099
2013-03-06,399006.SZ,20130306,902.903
2013-03-07,399006.SZ,20130307,877.337
2013-03-08,399006.SZ,20130308,864.699
2013-03-11,399006.SZ,20130311,869.15
2013-03-12,399006.SZ,20130312,839.836
2013-03-13,399006.SZ,20130313,834.049
2013-03-14,399006.SZ,20130314,842.036
2013-03-15,399006.SZ,20130315,853.906
2013-03-18,399006.SZ,20130318,852.117
2013-03-19,399006.SZ,20130319,842.685
2013-03-20,399006.SZ,20130320,866.267
2013-03-21,399006.SZ,20130321,882.734
2013-03-22,399006.SZ,20130322,882.001
2013-03-25,399006.SZ,20130325,881.756
2013-03-26,399006.SZ,20130326,876.361
2013-03-27,399006.SZ,20130327,882.752
2013-03-28,399006.SZ,20130328,867.511
2013-03-29,399006.SZ,20130329,866.455
2013-04-01,399006.SZ,20130401,877.001
2013-04-02,399006.SZ,20130402,845.163
2013-04-03,399006.SZ,20130403,835.138
2013-04-08,399006.SZ,20130408,853.484
2013-04-09,399006.SZ,20130409,861.991
2013-04-10,399006.SZ,20130410,850.533
2013-04-11,399006.SZ,20130411,847.782
2013-04-12,399006.SZ,20130412,846.612
2013-04-15,399006.SZ,20130415,836.342
2013-04-16,399006.SZ,20130416,846.054
2013-04-17,399006.SZ,20130417,867.511
2013-04-18,399006.SZ,20130418,873.481
2013-04-19,399006.SZ,20130419,892.21
2013-04-22,399006.SZ,20130422,916.021
2013-04-23,399006.SZ,20130423,893.79
2013-04-24,399006.SZ,20130424,923.406
2013-04-25,399006.SZ,20130425,903.634
2013-04-26,399006.SZ,20130426,889.381
2013-05-02,399006.SZ,20130502,913.651
2013-05-03,399006.SZ,20130503,939.21
2013-05-06,399006.SZ,20130506,958.022
2013-05-07,399006.SZ,20130507,957.44
2013-05-08,399006.SZ,20130508,980.083
2013-05-09,399006.SZ,20130509,992.161
2013-05-10,399006.SZ,20130510,988.3
2013-05-13,399006.SZ,20130513,995.109
2013-05-14,399006.SZ,20130514,976.333
2013-05-15,399006.SZ,20130515,1012.656
2013-05-16,399006.SZ,20130516,1009.526
2013-05-17,399006.SZ,20130517,1023.403
2013-05-20,399006.SZ,20130520,1051.653
2013-05-21,399006.SZ,20130521,1073.583
2013-05-22,399006.SZ,20130522,1039.811
2013-05-23,399006.SZ,20130523,1042.897
2013-05-24,399006.SZ,20130524,1073.782
2013-05-27,399006.SZ,20130527,1089.724
2013-05-28,399006.SZ,20130528,1059.002
2013-05-29,399006.SZ,20130529,1065.96
2013-05-30,399006.SZ,20130530,1073.869
2013-05-31,399006.SZ,20130531,1073.023
2013-06-03,399006.SZ,20130603,1052.136
2013-06-04,399006.SZ,20130604,1022.46
2013-06-05,399006.SZ,20130605,1032.756
2013-06-06,399006.SZ,20130606,1022.13
2013-06-07,399006.SZ,20130607,1030.139
2013-06-13,399006.SZ,20130613,1029.275
2013-06-14,399006.SZ,20130614,1068.147
2013-06-17,399006.SZ,20130617,1073.691
2013-06-18,399006.SZ,20130618,1072.93
2013-06-19,399006.SZ,20130619,1067.625
2013-06-20,399006.SZ,20130620,1029.528
2013-06-21,399006.SZ,20130621,1025.497
2013-06-24,399006.SZ,20130624,971.454
2013-06-25,399006.SZ,20130625,984.746
2013-06-26,399006.SZ,20130626,1038.976
2013-06-27,399006.SZ,20130627,1022.503
2013-06-28,399006.SZ,20130628,1011.658
2013-07-01,399006.SZ,20130701,1055.839
2013-07-02,399006.SZ,20130702,1083.248
2013-07-03,399006.SZ,20130703,1104.578
2013-07-04,399006.SZ,20130704,1087.904
2013-07-05,399006.SZ,20130705,1057.273
2013-07-08,399006.SZ,20130708,1030.604
2013-07-09,399006.SZ,20130709,1050.715
2013-07-10,399006.SZ,20130710,1068.857
2013-07-11,399006.SZ,20130711,1080.782
2013-07-12,399006.SZ,20130712,1096.296
2013-07-15,399006.SZ,20130715,1139.567
2013-07-16,399006.SZ,20130716,1143.195
2013-07-17,399006.SZ,20130717,1129.48
2013-07-18,399006.SZ,20130718,1127.966
2013-07-19,399006.SZ,20130719,1116.005
2013-07-22,399006.SZ,20130722,1153.772
2013-07-23,399006.SZ,20130723,1178.588
2013-07-24,399006.SZ,20130724,1203.308
2013-07-25,399006.SZ,20130725,1150.387
2013-07-26,399006.SZ,20130726,1158.354
2013-07-29,399006.SZ,20130729,1136.984
2013-07-30,399006.SZ,20130730,1124.102
2013-07-31,399006.SZ,20130731,1134.015
2013-08-01,399006.SZ,20130801,1190.113
2013-08-02,399006.SZ,20130802,1188.851
2013-08-05,399006.SZ,20130805,1202.832
2013-08-06,399006.SZ,20130806,1211.782
2013-08-07,399006.SZ,20130807,1175.702
2013-08-08,399006.SZ,20130808,1185.955
2013-08-09,399006.SZ,20130809,1172.519
2013-08-12,399006.SZ,20130812,1161.872
2013-08-13,399006.SZ,20130813,1172.329
2013-08-14,399006.SZ,20130814,1180.656
2013-08-15,399006.SZ,20130815,1167.094
2013-08-16,399006.SZ,20130816,1132.086
2013-08-19,399006.SZ,20130819,1171.402
2013-08-20,399006.SZ,20130820,1175.783
2013-08-21,399006.SZ,20130821,1181.34
2013-08-22,399006.SZ,20130822,1197.134
2013-08-23,399006.SZ,20130823,1219.825
2013-08-26,399006.SZ,20130826,1238.172
2013-08-27,399006.SZ,20130827,1250.751
2013-08-28,399006.SZ,20130828,1227.995
2013-08-29,399006.SZ,20130829,1226.296
2013-08-30,399006.SZ,20130830,1185.145
2013-09-02,399006.SZ,20130902,1210.185
2013-09-03,399006.SZ,20130903,1234.587
2013-09-04,399006.SZ,20130904,1236.35
2013-09-05,399006.SZ,20130905,1267.26
2013-09-06,399006.SZ,20130906,1282.746
2013-09-09,399006.SZ,20130909,1275.912
2013-09-10,399006.SZ,20130910,1263.589
2013-09-11,399006.SZ,20130911,1220.705
2013-09-12,399006.SZ,20130912,1220.633
2013-09-13,399006.SZ,20130913,1253.448
2013-09-16,399006.SZ,20130916,1278.798
2013-09-17,399006.SZ,20130917,1269.36
2013-09-18,399006.SZ,20130918,1289.642
2013-09-23,399006.SZ,20130923,1326.091
2013-09-24,399006.SZ,20130924,1328.404
2013-09-25,399006.SZ,20130925,1323.04
2013-09-26,399006.SZ,20130926,1306.344
2013-09-27,399006.SZ,20130927,1323.759
2013-09-30,399006.SZ,20130930,1367.912
2013-10-08,399006.SZ,20131008,1387.663
2013-10-09,399006.SZ,20131009,1415.833
2013-10-10,399006.SZ,20131010,1378.148
2013-10-11,399006.SZ,20131011,1379.9
2013-10-14,399006.SZ,20131014,1393.602
2013-10-15,399006.SZ,20131015,1389.749
2013-10-16,399006.SZ,20131016,1335.1
2013-10-17,399006.SZ,20131017,1322.988
2013-10-18,399006.SZ,20131018,1349.937
2013-10-21,399006.SZ,20131021,1400.967
2013-10-22,399006.SZ,20131022,1350.473
2013-10-23,399006.SZ,20131023,1311.231
2013-10-24,399006.SZ,20131024,1295.932
2013-10-25,399006.SZ,20131025,1269.171
2013-10-28,399006.SZ,20131028,1279.05
2013-10-29,399006.SZ,20131029,1261.684
2013-10-30,399006.SZ,20131030,1273.291
2013-10-31,399006.SZ,20131031,1235.555
2013-11-01,399006.SZ,20131101,1221.962
2013-11-04,399006.SZ,20131104,1222.456
2013-11-05,399006.SZ,20131105,1260.025
2013-11-06,399006.SZ,20131106,1241.789
2013-11-07,399006.SZ,20131107,1224.05
2013-11-08,399006.SZ,20131108,1211.11
2013-11-11,399006.SZ,20131111,1212.689
2013-11-12,399006.SZ,20131112,1228.346
2013-11-13,399006.SZ,20131113,1212.08
2013-11-14,399006.SZ,20131114,1249.667
2013-11-15,399006.SZ,20131115,1269.052
2013-11-18,399006.SZ,20131118,1291.151
2013-11-19,399006.SZ,20131119,1298.166
2013-11-20,399006.SZ,20131120,1299.264
2013-11-21,399006.SZ,20131121,1298.953
2013-11-22,399006.SZ,20131122,1295.067
2013-11-25,399006.SZ,20131125,1293.795
2013-11-26,399006.SZ,20131126,1291.854
2013-11-27,399006.SZ,20131127,1329.477
2013-11-28,399006.SZ,20131128,1336.661
2013-11-29,399006.SZ,20131129,1366.834
2013-12-02,399006.SZ,20131202,1253.929
2013-12-03,399006.SZ,20131203,1255.329
2013-12-04,399006.SZ,20131204,1240.287
2013-12-05,399006.SZ,20131205,1202.066
2013-12-06,399006.SZ,20131206,1206.783
2013-12-09,399006.SZ,20131209,1241.715
2013-12-10,399006.SZ,20131210,1231.921
2013-12-11,399006.SZ,20131211,1244.505
2013-12-12,399006.SZ,20131212,1279.318
2013-12-13,399006.SZ,20131213,1278.143
2013-12-16,399006.SZ,20131216,1279.958
2013-12-17,399006.SZ,20131217,1267.673
2013-12-18,399006.SZ,20131218,1256.0
2013-12-19,399006.SZ,20131219,1256.084
2013-12-20,399006.SZ,20131220,1253.714
2013-12-23,399006.SZ,20131223,1242.806
2013-12-24,399006.SZ,20131224,1258.823
2013-12-25,399006.SZ,20131225,1288.341
2013-12-26,399006.SZ,20131226,1269.535
2013-12-27,399006.SZ,20131227,1294.302
2013-12-30,399006.SZ,20131230,1307.988
2013-12-31,399006.SZ,20131231,1304.444
2014-01-02,399006.SZ,20140102,1333.003
2014-01-03,399006.SZ,20140103,1352.84
2014-01-06,399006.SZ,20140106,1323.328
2014-01-07,399006.SZ,20140107,1352.276
2014-01-08,399006.SZ,20140108,1405.023
2014-01-09,399006.SZ,20140109,1380.244
2014-01-10,399006.SZ,20140110,1353.302
2014-01-13,399006.SZ,20140113,1362.788
2014-01-14,399006.SZ,20140114,1400.916
2014-01-15,399006.SZ,20140115,1415.323
2014-01-16,399006.SZ,20140116,1395.163
2014-01-17,399006.SZ,20140117,1395.509
2014-01-20,399006.SZ,20140120,1372.736
2014-01-21,399006.SZ,20140121,1407.152
2014-01-22,399006.SZ,20140122,1431.741
2014-01-23,399006.SZ,20140123,1461.525
2014-01-24,399006.SZ,20140124,1484.432
2014-01-27,399006.SZ,20140127,1477.669
2014-01-28,399006.SZ,20140128,1471.34
2014-01-29,399006.SZ,20140129,1496.527
2014-01-30,399006.SZ,20140130,1495.978
2014-02-07,399006.SZ,20140207,1532.687
2014-02-10,399006.SZ,20140210,1553.415
2014-02-11,399006.SZ,20140211,1527.151
2014-02-12,399006.SZ,20140212,1539.966
2014-02-13,399006.SZ,20140213,1485.131
2014-02-14,399006.SZ,20140214,1515.784
2014-02-17,399006.SZ,20140217,1558.616
2014-02-18,399006.SZ,20140218,1545.341
2014-02-19,399006.SZ,20140219,1544.402
2014-02-20,399006.SZ,20140220,1515.164
2014-02-21,399006.SZ,20140221,1519.665
2014-02-24,399006.SZ,20140224,1540.026
2014-02-25,399006.SZ,20140225,1472.691
2014-02-26,399006.SZ,20140226,1465.985
2014-02-27,399006.SZ,20140227,1414.657
2014-02-28,399006.SZ,20140228,1434.894
2014-03-03,399006.SZ,20140303,1465.139
2014-03-04,399006.SZ,20140304,1460.452
2014-03-05,399006.SZ,20140305,1464.578
2014-03-06,399006.SZ,20140306,1462.528
2014-03-07,399006.SZ,20140307,1460.611
2014-03-10,399006.SZ,20140310,1407.073
2014-03-11,399006.SZ,20140311,1395.813
2014-03-12,399006.SZ,20140312,1399.266
2014-03-13,399006.SZ,20140313,1436.856
2014-03-14,399006.SZ,20140314,1434.021
2014-03-17,399006.SZ,20140317,1477.415
2014-03-18,399006.SZ,20140318,1485.64
2014-03-19,399006.SZ,20140319,1466.217
2014-03-20,399006.SZ,20140320,1417.658
2014-03-21,399006.SZ,20140321,1419.84
2014-03-24,399006.SZ,20140324,1397.294
2014-03-25,399006.SZ,20140325,1394.824
2014-03-26,399006.SZ,20140326,1417.614
2014-03-27,399006.SZ,20140327,1367.964
2014-03-28,399006.SZ,20140328,1330.5
2014-03-31,399006.SZ,20140331,1327.8
2014-04-01,399006.SZ,20140401,1355.051
2014-04-02,399006.SZ,20140402,1327.983
2014-04-03,399006.SZ,20140403,1326.1764
2014-04-04,399006.SZ,20140404,1346.738
2014-04-08,399006.SZ,20140408,1351.183
2014-04-09,399006.SZ,20140409,1370.462
2014-04-10,399006.SZ,20140410,1381.142
2014-04-11,399006.SZ,20140411,1363.899
2014-04-14,399006.SZ,20140414,1372.728
2014-04-15,399006.SZ,20140415,1369.889
2014-04-16,399006.SZ,20140416,1359.304
2014-04-17,399006.SZ,20140417,1367.591
2014-04-18,399006.SZ,20140418,1377.419
2014-04-21,399006.SZ,20140421,1363.851
2014-04-22,399006.SZ,20140422,1336.187
2014-04-23,399006.SZ,20140423,1326.438
2014-04-24,399006.SZ,20140424,1319.505
2014-04-25,399006.SZ,20140425,1291.903
2014-04-28,399006.SZ,20140428,1257.263
2014-04-29,399006.SZ,20140429,1266.543
2014-04-30,399006.SZ,20140430,1283.209
2014-05-05,399006.SZ,20140505,1302.146
2014-05-06,399006.SZ,20140506,1316.858
2014-05-07,399006.SZ,20140507,1290.025
2014-05-08,399006.SZ,20140508,1279.837
2014-05-09,399006.SZ,20140509,1258.584
2014-05-12,399006.SZ,20140512,1278.282
2014-05-13,399006.SZ,20140513,1276.244
2014-05-14,399006.SZ,20140514,1278.661
2014-05-15,399006.SZ,20140515,1253.879
2014-05-16,399006.SZ,20140516,1226.473
2014-05-19,399006.SZ,20140519,1228.371
2014-05-20,399006.SZ,20140520,1244.647
2014-05-21,399006.SZ,20140521,1257.796
2014-05-22,399006.SZ,20140522,1269.513
2014-05-23,399006.SZ,20140523,1295.998
2014-05-26,399006.SZ,20140526,1320.759
2014-05-27,399006.SZ,20140527,1306.284
2014-05-28,399006.SZ,20140528,1338.971
2014-05-29,399006.SZ,20140529,1314.212
2014-05-30,399006.SZ,20140530,1318.127
2014-06-03,399006.SZ,20140603,1319.625
2014-06-04,399006.SZ,20140604,1321.718
2014-06-05,399006.SZ,20140605,1355.482
2014-06-06,399006.SZ,20140606,1350.447
2014-06-09,399006.SZ,20140609,1326.675
2014-06-10,399006.SZ,20140610,1353.871
2014-06-11,399006.SZ,20140611,1367.388
2014-06-12,399006.SZ,20140612,1363.739
2014-06-13,399006.SZ,20140613,1382.733
2014-06-16,399006.SZ,20140616,1395.611
2014-06-17,399006.SZ,20140617,1377.431
2014-06-18,399006.SZ,20140618,1363.991
2014-06-19,399006.SZ,20140619,1320.655
2014-06-20,399006.SZ,20140620,1333.982
2014-06-23,399006.SZ,20140623,1361.283
2014-06-24,399006.SZ,20140624,1369.439
2014-06-25,399006.SZ,20140625,1358.708
2014-06-26,399006.SZ,20140626,1386.273
2014-06-27,399006.SZ,20140627,1388.815
2014-06-30,399006.SZ,20140630,1404.71
2014-07-01,399006.SZ,20140701,1411.736
2014-07-02,399006.SZ,20140702,1419.937
2014-07-03,399006.SZ,20140703,1422.603
2014-07-04,399006.SZ,20140704,1411.638
2014-07-07,399006.SZ,20140707,1393.889
2014-07-08,399006.SZ,20140708,1410.725
2014-07-09,399006.SZ,20140709,1384.579
2014-07-10,399006.SZ,20140710,1363.882
2014-07-11,399006.SZ,20140711,1359.342
2014-07-14,399006.SZ,20140714,1367.07
2014-07-15,399006.SZ,20140715,1341.269
2014-07-16,399006.SZ,20140716,1318.615
2014-07-17,399006.SZ,20140717,1312.809
2014-07-18,399006.SZ,20140718,1305.922
2014-07-21,399006.SZ,20140721,1306.965
2014-07-22,399006.SZ,20140722,1329.349
2014-07-23,399006.SZ,20140723,1293.094
2014-07-24,399006.SZ,20140724,1271.879
2014-07-25,399006.SZ,20140725,1285.768
2014-07-28,399006.SZ,20140728,1314.527
2014-07-29,399006.SZ,20140729,1331.764
2014-07-30,399006.SZ,20140730,1342.738
2014-07-31,399006.SZ,20140731,1344.544
2014-08-01,399006.SZ,20140801,1325.938
2014-08-04,399006.SZ,20140804,1329.821
2014-08-05,399006.SZ,20140805,1360.692
2014-08-06,399006.SZ,20140806,1365.74
2014-08-07,399006.SZ,20140807,1362.028
2014-08-08,399006.SZ,20140808,1377.445
2014-08-11,399006.SZ,20140811,1397.784
2014-08-12,399006.SZ,20140812,1396.438
2014-08-13,399006.SZ,20140813,1384.309
2014-08-14,399006.SZ,20140814,1380.303
2014-08-15,399006.SZ,20140815,1392.451
2014-08-18,399006.SZ,20140818,1428.739
2014-08-19,399006.SZ,20140819,1436.396
2014-08-20,399006.SZ,20140820,1427.404
2014-08-21,399006.SZ,20140821,1447.881
2014-08-22,399006.SZ,20140822,1461.722
2014-08-25,399006.SZ,20140825,1443.806
2014-08-26,399006.SZ,20140826,1411.15
2014-08-27,399006.SZ,20140827,1420.54
2014-08-28,399006.SZ,20140828,1403.795
2014-08-29,399006.SZ,20140829,1424.469
2014-09-01,399006.SZ,20140901,1452.843
2014-09-02,399006.SZ,20140902,1465.033
2014-09-03,399006.SZ,20140903,1477.673
2014-09-04,399006.SZ,20140904,1495.513
2014-09-05,399006.SZ,20140905,1489.835
2014-09-09,399006.SZ,20140909,1494.017
2014-09-10,399006.SZ,20140910,1504.914
2014-09-11,399006.SZ,20140911,1513.014
2014-09-12,399006.SZ,20140912,1524.121
2014-09-15,399006.SZ,20140915,1526.135
2014-09-16,399006.SZ,20140916,1473.13
2014-09-17,399006.SZ,20140917,1479.118
2014-09-18,399006.SZ,20140918,1490.787
2014-09-19,399006.SZ,20140919,1499.124
2014-09-22,399006.SZ,20140922,1483.353
2014-09-23,399006.SZ,20140923,1500.99
2014-09-24,399006.SZ,20140924,1517.421
2014-09-25,399006.SZ,20140925,1508.416
2014-09-26,399006.SZ,20140926,1511.357
2014-09-29,399006.SZ,20140929,1526.175
2014-09-30,399006.SZ,20140930,1540.874
2014-10-08,399006.SZ,20141008,1557.568
2014-10-09,399006.SZ,20141009,1561.166
2014-10-10,399006.SZ,20141010,1554.217
2014-10-13,399006.SZ,20141013,1548.327
2014-10-14,399006.SZ,20141014,1539.119
2014-10-15,399006.SZ,20141015,1545.623
2014-10-16,399006.SZ,20141016,1526.56
2014-10-17,399006.SZ,20141017,1511.054
2014-10-20,399006.SZ,20141020,1532.38
2014-10-21,399006.SZ,20141021,1517.483
2014-10-22,399006.SZ,20141022,1504.552
2014-10-23,399006.SZ,20141023,1477.837
2014-10-24,399006.SZ,20141024,1477.588
2014-10-27,399006.SZ,20141027,1492.01
2014-10-28,399006.SZ,20141028,1522.052
2014-10-29,399006.SZ,20141029,1530.084
2014-10-30,399006.SZ,20141030,1525.767
2014-10-31,399006.SZ,20141031,1513.267
2014-11-03,399006.SZ,20141103,1529.892
2014-11-04,399006.SZ,20141104,1516.396
2014-11-05,399006.SZ,20141105,1512.487
2014-11-06,399006.SZ,20141106,1532.52
2014-11-07,399006.SZ,20141107,1522.625
2014-11-10,399006.SZ,20141110,1514.818
2014-11-11,399006.SZ,20141111,1461.508
2014-11-12,399006.SZ,20141112,1475.753
2014-11-13,399006.SZ,20141113,1442.859
2014-11-14,399006.SZ,20141114,1441.213
2014-11-17,399006.SZ,20141117,1471.685
2014-11-18,399006.SZ,20141118,1481.86
2014-11-19,399006.SZ,20141119,1505.552
2014-11-20,399006.SZ,20141120,1494.591
2014-11-21,399006.SZ,20141121,1504.833
2014-11-24,399006.SZ,20141124,1507.811
2014-11-25,399006.SZ,20141125,1541.922
2014-11-26,399006.SZ,20141126,1554.22
2014-11-27,399006.SZ,20141127,1563.409
2014-11-28,399006.SZ,20141128,1570.851
2014-12-01,399006.SZ,20141201,1552.306
2014-12-02,399006.SZ,20141202,1565.417
2014-12-03,399006.SZ,20141203,1604.447
2014-12-04,399006.SZ,20141204,1621.845
2014-12-05,399006.SZ,20141205,1581.907
2014-12-08,399006.SZ,20141208,1567.163
2014-12-09,399006.SZ,20141209,1504.623
2014-12-10,399006.SZ,20141210,1572.685
2014-12-11,399006.SZ,20141211,1587.665
2014-12-12,399006.SZ,20141212,1623.569
2014-12-15,399006.SZ,20141215,1657.498
2014-12-16,399006.SZ,20141216,1649.582
2014-12-17,399006.SZ,20141217,1644.212
2014-12-18,399006.SZ,20141218,1634.052
2014-12-19,399006.SZ,20141219,1596.811
2014-12-22,399006.SZ,20141222,1517.928
2014-12-23,399006.SZ,20141223,1496.534
2014-12-24,399006.SZ,20141224,1519.798
2014-12-25,399006.SZ,20141225,1529.468
2014-12-26,399006.SZ,20141226,1536.082
2014-12-29,399006.SZ,20141229,1499.4
2014-12-30,399006.SZ,20141230,1460.108
2014-12-31,399006.SZ,20141231,1471.764
2015-01-05,399006.SZ,20150105,1464.774
2015-01-06,399006.SZ,20150106,1539.828
2015-01-07,399006.SZ,20150107,1523.387
2015-01-08,399006.SZ,20150108,1541.887
2015-01-09,399006.SZ,20150109,1553.239
2015-01-12,399006.SZ,20150112,1586.124
2015-01-13,399006.SZ,20150113,1601.168
2015-01-14,399006.SZ,20150114,1588.007
2015-01-15,399006.SZ,20150115,1586.335
2015-01-16,399006.SZ,20150116,1639.555
2015-01-19,399006.SZ,20150119,1630.065
2015-01-20,399006.SZ,20150120,1700.852
2015-01-21,399006.SZ,20150121,1722.581
2015-01-22,399006.SZ,20150122,1744.037
2015-01-23,399006.SZ,20150123,1697.288
2015-01-26,399006.SZ,20150126,1739.79
2015-01-27,399006.SZ,20150127,1743.675
2015-01-28,399006.SZ,20150128,1731.413
2015-01-29,399006.SZ,20150129,1711.372
2015-01-30,399006.SZ,20150130,1680.58
2015-02-02,399006.SZ,20150202,1696.829
2015-02-03,399006.SZ,20150203,1750.906
2015-02-04,399006.SZ,20150204,1757.739
2015-02-05,399006.SZ,20150205,1774.312
2015-02-06,399006.SZ,20150206,1730.966
2015-02-09,399006.SZ,20150209,1708.845
2015-02-10,399006.SZ,20150210,1747.675
2015-02-11,399006.SZ,20150211,1772.845
2015-02-12,399006.SZ,20150212,1788.809
2015-02-13,399006.SZ,20150213,1825.488
2015-02-16,399006.SZ,20150216,1896.628
2015-02-17,399006.SZ,20150217,1894.306
2015-02-25,399006.SZ,20150225,1876.745
2015-02-26,399006.SZ,20150226,1880.388
2015-02-27,399006.SZ,20150227,1928.044
2015-03-02,399006.SZ,20150302,1986.986
2015-03-03,399006.SZ,20150303,1961.743
2015-03-04,399006.SZ,20150304,2009.827
2015-03-05,399006.SZ,20150305,2014.786
2015-03-06,399006.SZ,20150306,1951.398
2015-03-09,399006.SZ,20150309,1994.39
2015-03-10,399006.SZ,20150310,2045.322
2015-03-11,399006.SZ,20150311,2035.829
2015-03-12,399006.SZ,20150312,2018.132
2015-03-13,399006.SZ,20150313,2069.072
2015-03-16,399006.SZ,20150316,2142.672
2015-03-17,399006.SZ,20150317,2137.462
2015-03-18,399006.SZ,20150318,2182.919
2015-03-19,399006.SZ,20150319,2183.878
2015-03-20,399006.SZ,20150320,2213.766
2015-03-23,399006.SZ,20150323,2293.649
2015-03-24,399006.SZ,20150324,2357.969
2015-03-25,399006.SZ,20150325,2385.014
2015-03-26,399006.SZ,20150326,2291.789
2015-03-27,399006.SZ,20150327,2323.818
2015-03-30,399006.SZ,20150330,2290.476
2015-03-31,399006.SZ,20150331,2335.171
2015-04-01,399006.SZ,20150401,2404.909
2015-04-02,399006.SZ,20150402,2475.325
2015-04-03,399006.SZ,20150403,2510.16
2015-04-07,399006.SZ,20150407,2556.698
2015-04-08,399006.SZ,20150408,2488.158
2015-04-09,399006.SZ,20150409,2496.487
2015-04-10,399006.SZ,20150410,2552.829
2015-04-13,399006.SZ,20150413,2577.776
2015-04-14,399006.SZ,20150414,2558.848
2015-04-15,399006.SZ,20150415,2441.739
2015-04-16,399006.SZ,20150416,2484.33
2015-04-17,399006.SZ,20150417,2463.99
2015-04-20,399006.SZ,20150420,2424.848
2015-04-21,399006.SZ,20150421,2566.091
2015-04-22,399006.SZ,20150422,2634.931
2015-04-23,399006.SZ,20150423,2706.185
2015-04-24,399006.SZ,20150424,2734.75
2015-04-27,399006.SZ,20150427,2747.497
2015-04-28,399006.SZ,20150428,2687.974
2015-04-29,399006.SZ,20150429,2797.524
2015-04-30,399006.SZ,20150430,2857.89
2015-05-04,399006.SZ,20150504,2845.252
2015-05-05,399006.SZ,20150505,2783.443
2015-05-06,399006.SZ,20150506,2846.558
2015-05-07,399006.SZ,20150507,2806.047
2015-05-08,399006.SZ,20150508,2973.596
2015-05-11,399006.SZ,20150511,3146.83
2015-05-12,399006.SZ,20150512,3250.296
2015-05-13,399006.SZ,20150513,3192.147
2015-05-14,399006.SZ,20150514,3141.593
2015-05-15,399006.SZ,20150515,3145.335
2015-05-18,399006.SZ,20150518,3278.483
2015-05-19,399006.SZ,20150519,3322.774
2015-05-20,399006.SZ,20150520,3406.284
2015-05-21,399006.SZ,20150521,3527.413
2015-05-22,399006.SZ,20150522,3516.627
2015-05-25,399006.SZ,20150525,3467.916
2015-05-26,399006.SZ,20150526,3618.231
2015-05-27,399006.SZ,20150527,3628.673
2015-05-28,399006.SZ,20150528,3432.982
2015-05-29,399006.SZ,20150529,3542.844
2015-06-01,399006.SZ,20150601,3718.753
2015-06-02,399006.SZ,20150602,3901.543
2015-06-03,399006.SZ,20150603,3982.251
2015-06-04,399006.SZ,20150604,3943.467
2015-06-05,399006.SZ,20150605,3885.832
2015-06-08,399006.SZ,20150608,3704.553
2015-06-09,399006.SZ,20150609,3705.536
2015-06-10,399006.SZ,20150610,3834.699
2015-06-11,399006.SZ,20150611,3862.138
2015-06-12,399006.SZ,20150612,3899.705
2015-06-15,399006.SZ,20150615,3696.027
2015-06-16,399006.SZ,20150616,3590.669
2015-06-17,399006.SZ,20150617,3741.357
2015-06-18,399006.SZ,20150618,3504.554
2015-06-19,399006.SZ,20150619,3314.976
2015-06-23,399006.SZ,20150623,3393.94
2015-06-24,399006.SZ,20150624,3383.404
2015-06-25,399006.SZ,20150625,3206.381
2015-06-26,399006.SZ,20150626,2920.703
2015-06-29,399006.SZ,20150629,2689.76
2015-06-30,399006.SZ,20150630,2858.606
2015-07-01,399006.SZ,20150701,2759.408
2015-07-02,399006.SZ,20150702,2649.316
2015-07-03,399006.SZ,20150703,2605.276
2015-07-06,399006.SZ,20150706,2493.828
2015-07-07,399006.SZ,20150707,2352.01
2015-07-08,399006.SZ,20150708,2364.049
2015-07-09,399006.SZ,20150709,2435.755
2015-07-10,399006.SZ,20150710,2535.889
2015-07-13,399006.SZ,20150713,2683.074
2015-07-14,399006.SZ,20150714,2726.048
2015-07-15,399006.SZ,20150715,2590.031
2015-07-16,399006.SZ,20150716,2627.076
2015-07-17,399006.SZ,20150717,2783.324
2015-07-20,399006.SZ,20150720,2848.303
2015-07-21,399006.SZ,20150721,2882.897
2015-07-22,399006.SZ,20150722,2897.373
2015-07-23,399006.SZ,20150723,2967.952
2015-07-24,399006.SZ,20150724,2897.824
2015-07-27,399006.SZ,20150727,2683.446
2015-07-28,399006.SZ,20150728,2581.962
2015-07-29,399006.SZ,20150729,2693.865
2015-07-30,399006.SZ,20150730,2561.191
2015-07-31,399006.SZ,20150731,2539.844
2015-08-03,399006.SZ,20150803,2399.273
2015-08-04,399006.SZ,20150804,2546.162
2015-08-05,399006.SZ,20150805,2502.041
2015-08-06,399006.SZ,20150806,2480.926
2015-08-07,399006.SZ,20150807,2576.993
2015-08-10,399006.SZ,20150810,2706.718
2015-08-11,399006.SZ,20150811,2698.912
2015-08-12,399006.SZ,20150812,2622.188
2015-08-13,399006.SZ,20150813,2684.258
2015-08-14,399006.SZ,20150814,2674.022
2015-08-17,399006.SZ,20150817,2666.287
2015-08-18,399006.SZ,20150818,2504.172
2015-08-19,399006.SZ,20150819,2570.691
2015-08-20,399006.SZ,20150820,2508.817
2015-08-21,399006.SZ,20150821,2341.954
2015-08-24,399006.SZ,20150824,2152.614
2015-08-25,399006.SZ,20150825,1990.706
2015-08-26,399006.SZ,20150826,1890.036
2015-08-27,399006.SZ,20150827,1959.494
2015-08-28,399006.SZ,20150828,2082.124
2015-08-31,399006.SZ,20150831,1996.865
2015-09-01,399006.SZ,20150901,1889.491
2015-09-02,399006.SZ,20150902,1855.032
2015-09-07,399006.SZ,20150907,1893.521
2015-09-08,399006.SZ,20150908,2001.156
2015-09-09,399006.SZ,20150909,2071.717
2015-09-10,399006.SZ,20150910,2039.118
2015-09-11,399006.SZ,20150911,2060.505
2015-09-14,399006.SZ,20150914,1906.214
2015-09-15,399006.SZ,20150915,1797.557
2015-09-16,399006.SZ,20150916,1926.245
2015-09-17,399006.SZ,20150917,1933.297
2015-09-18,399006.SZ,20150918,1983.298
2015-09-21,399006.SZ,20150921,2079.06
2015-09-22,399006.SZ,20150922,2078.718
2015-09-23,399006.SZ,20150923,2077.99
2015-09-24,399006.SZ,20150924,2106.594
2015-09-25,399006.SZ,20150925,2020.972
2015-09-28,399006.SZ,20150928,2122.257
2015-09-29,399006.SZ,20150929,2098.567
2015-09-30,399006.SZ,20150930,2082.673
2015-10-08,399006.SZ,20151008,2190.311
2015-10-09,399006.SZ,20151009,2216.656
2015-10-12,399006.SZ,20151012,2316.782
2015-10-13,399006.SZ,20151013,2342.039
2015-10-14,399006.SZ,20151014,2305.003
2015-10-15,399006.SZ,20151015,2404.533
2015-10-16,399006.SZ,20151016,2449.03
2015-10-19,399006.SZ,20151019,2433.599
2015-10-20,399006.SZ,20151020,2511.164
2015-10-21,399006.SZ,20151021,2344.74
2015-10-22,399006.SZ,20151022,2458.138
2015-10-23,399006.SZ,20151023,2538.383
2015-10-26,399006.SZ,20151026,2527.477
2015-10-27,399006.SZ,20151027,2563.958
2015-10-28,399006.SZ,20151028,2485.235
2015-10-29,399006.SZ,20151029,2485.276
2015-10-30,399006.SZ,20151030,2478.277
2015-11-02,399006.SZ,20151102,2432.038
2015-11-03,399006.SZ,20151103,2429.27
2015-11-04,399006.SZ,20151104,2584.317
2015-11-05,399006.SZ,20151105,2564.722
2015-11-06,399006.SZ,20151106,2661.412
2015-11-09,399006.SZ,20151109,2724.619
2015-11-10,399006.SZ,20151110,2746.609
2015-11-11,399006.SZ,20151111,2804.677
2015-11-12,399006.SZ,20151112,2783.298
2015-11-13,399006.SZ,20151113,2710.161
2015-11-16,399006.SZ,20151116,2797.162
2015-11-17,399006.SZ,20151117,2717.052
2015-11-18,399006.SZ,20151118,2661.165
2015-11-19,399006.SZ,20151119,2770.752
2015-11-20,399006.SZ,20151120,2800.15
2015-11-23,399006.SZ,20151123,2770.577
2015-11-24,399006.SZ,20151124,2816.048
2015-11-25,399006.SZ,20151125,2897.569
2015-11-26,399006.SZ,20151126,2833.198
2015-11-27,399006.SZ,20151127,2649.55
2015-11-30,399006.SZ,20151130,2672.581
2015-12-01,399006.SZ,20151201,2655.345
2015-12-02,399006.SZ,20151202,2613.263
2015-12-03,399006.SZ,20151203,2708.123
2015-12-04,399006.SZ,20151204,2692.161
2015-12-07,399006.SZ,20151207,2738.149
2015-12-08,399006.SZ,20151208,2691.658
2015-12-09,399006.SZ,20151209,2667.912
2015-12-10,399006.SZ,20151210,2695.507
2015-12-11,399006.SZ,20151211,2671.292
2015-12-14,399006.SZ,20151214,2709.265
2015-12-15,399006.SZ,20151215,2745.7
2015-12-16,399006.SZ,20151216,2763.114
2015-12-17,399006.SZ,20151217,2835.701
2015-12-18,399006.SZ,20151218,2830.259
2015-12-21,399006.SZ,20151221,2829.921
2015-12-22,399006.SZ,20151222,2839.852
2015-12-23,399006.SZ,20151223,2783.942
2015-12-24,399006.SZ,20151224,2795.78
2015-12-25,399006.SZ,20151225,2794.73
2015-12-28,399006.SZ,20151228,2735.485
2015-12-29,399006.SZ,20151229,2749.822
2015-12-30,399006.SZ,20151230,2779.513
2015-12-31,399006.SZ,20151231,2714.048
2016-01-04,399006.SZ,20160104,2491.24
2016-01-05,399006.SZ,20160105,2416.725
2016-01-06,399006.SZ,20160106,2468.366
2016-01-07,399006.SZ,20160107,2256.524
2016-01-08,399006.SZ,20160108,2248.99
2016-01-11,399006.SZ,20160111,2106.358
2016-01-12,399006.SZ,20160112,2147.531
2016-01-13,399006.SZ,20160113,2059.776
2016-01-14,399006.SZ,20160114,2175.012
2016-01-15,399006.SZ,20160115,2112.902
2016-01-18,399006.SZ,20160118,2174.934
2016-01-19,399006.SZ,20160119,2241.696
2016-01-20,399006.SZ,20160120,2204.648
2016-01-21,399006.SZ,20160121,2112.404
2016-01-22,399006.SZ,20160122,2149.586
2016-01-25,399006.SZ,20160125,2158.824
2016-01-26,399006.SZ,20160126,1994.047
2016-01-27,399006.SZ,20160127,1997.465
2016-01-28,399006.SZ,20160128,1906.461
2016-01-29,399006.SZ,20160129,1994.065
2016-02-01,399006.SZ,20160201,1992.695
2016-02-02,399006.SZ,20160202,2075.287
2016-02-03,399006.SZ,20160203,2090.513
2016-02-04,399006.SZ,20160204,2126.636
2016-02-05,399006.SZ,20160205,2096.986
2016-02-15,399006.SZ,20160215,2116.838
2016-02-16,399006.SZ,20160216,2201.925
2016-02-17,399006.SZ,20160217,2215.341
2016-02-18,399006.SZ,20160218,2190.911
2016-02-19,399006.SZ,20160219,2211.006
2016-02-22,399006.SZ,20160222,2245.564
2016-02-23,399006.SZ,20160223,2218.119
2016-02-24,399006.SZ,20160224,2203.741
2016-02-25,399006.SZ,20160225,2037.143
2016-02-26,399006.SZ,20160226,2014.92
2016-02-29,399006.SZ,20160229,1880.146
2016-03-01,399006.SZ,20160301,1934.919
2016-03-02,399006.SZ,20160302,2017.604
2016-03-03,399006.SZ,20160303,2007.076
2016-03-04,399006.SZ,20160304,1907.041
2016-03-07,399006.SZ,20160307,1953.332
2016-03-08,399006.SZ,20160308,2002.191
2016-03-09,399006.SZ,20160309,1970.813
2016-03-10,399006.SZ,20160310,1936.968
2016-03-11,399006.SZ,20160311,1934.87
2016-03-14,399006.SZ,20160314,2023.128
2016-03-15,399006.SZ,20160315,1996.92
2016-03-16,399006.SZ,20160316,1977.538
2016-03-17,399006.SZ,20160317,2087.293
2016-03-18,399006.SZ,20160318,2177.87
2016-03-21,399006.SZ,20160321,2227.034
2016-03-22,399006.SZ,20160322,2221.702
2016-03-23,399006.SZ,20160323,2259.106
2016-03-24,399006.SZ,20160324,2219.77
2016-03-25,399006.SZ,20160325,2216.086
2016-03-28,399006.SZ,20160328,2199.685
2016-03-29,399006.SZ,20160329,2152.548
2016-03-30,399006.SZ,20160330,2248.783
2016-03-31,399006.SZ,20160331,2238.286
2016-04-01,399006.SZ,20160401,2205.369
2016-04-05,399006.SZ,20160405,2279.52
2016-04-06,399006.SZ,20160406,2297.041
2016-04-07,399006.SZ,20160407,2248.684
2016-04-08,399006.SZ,20160408,2229.934
2016-04-11,399006.SZ,20160411,2283.143
2016-04-12,399006.SZ,20160412,2264.016
2016-04-13,399006.SZ,20160413,2294.015
2016-04-14,399006.SZ,20160414,2324.394
2016-04-15,399006.SZ,20160415,2309.676
2016-04-18,399006.SZ,20160418,2265.593
2016-04-19,399006.SZ,20160419,2272.52
2016-04-20,399006.SZ,20160420,2145.239
2016-04-21,399006.SZ,20160421,2110.162
2016-04-22,399006.SZ,20160422,2136.924
2016-04-25,399006.SZ,20160425,2126.834
2016-04-26,399006.SZ,20160426,2155.697
2016-04-27,399006.SZ,20160427,2146.611
2016-04-28,399006.SZ,20160428,2155.229
2016-04-29,399006.SZ,20160429,2138.738
2016-05-03,399006.SZ,20160503,2217.23
2016-05-04,399006.SZ,20160504,2211.018
2016-05-05,399006.SZ,20160505,2224.095
2016-05-06,399006.SZ,20160506,2129.194
2016-05-09,399006.SZ,20160509,2053.597
2016-05-10,399006.SZ,20160510,2054.222
2016-05-11,399006.SZ,20160511,2034.925
2016-05-12,399006.SZ,20160512,2034.565
2016-05-13,399006.SZ,20160513,2025.223
2016-05-16,399006.SZ,20160516,2057.857
2016-05-17,399006.SZ,20160517,2081.44
2016-05-18,399006.SZ,20160518,2020.475
2016-05-19,399006.SZ,20160519,2037.403
2016-05-20,399006.SZ,20160520,2065.301
2016-05-23,399006.SZ,20160523,2098.234
2016-05-24,399006.SZ,20160524,2075.509
2016-05-25,399006.SZ,20160525,2067.254
2016-05-26,399006.SZ,20160526,2086.007
2016-05-27,399006.SZ,20160527,2069.885
2016-05-30,399006.SZ,20160530,2058.518
2016-05-31,399006.SZ,20160531,2159.8
2016-06-01,399006.SZ,20160601,2168.82
2016-06-02,399006.SZ,20160602,2188.558
2016-06-03,399006.SZ,20160603,2204.974
2016-06-06,399006.SZ,20160606,2199.301
2016-06-07,399006.SZ,20160607,2196.727
2016-06-08,399006.SZ,20160608,2186.544
2016-06-13,399006.SZ,20160613,2054.707
2016-06-14,399006.SZ,20160614,2058.314
2016-06-15,399006.SZ,20160615,2128.799
2016-06-16,399006.SZ,20160616,2101.416
2016-06-17,399006.SZ,20160617,2122.89
2016-06-20,399006.SZ,20160620,2119.63
2016-06-21,399006.SZ,20160621,2092.001
2016-06-22,399006.SZ,20160622,2144.818
2016-06-23,399006.SZ,20160623,2137.485
2016-06-24,399006.SZ,20160624,2127.364
2016-06-27,399006.SZ,20160627,2191.806
2016-06-28,399006.SZ,20160628,2216.71
2016-06-29,399006.SZ,20160629,2209.788
2016-06-30,399006.SZ,20160630,2227.79
2016-07-01,399006.SZ,20160701,2211.177
2016-07-04,399006.SZ,20160704,2248.712
2016-07-05,399006.SZ,20160705,2246.024
2016-07-06,399006.SZ,20160706,2241.56
2016-07-07,399006.SZ,20160707,2233.922
2016-07-08,399006.SZ,20160708,2239.002
2016-07-11,399006.SZ,20160711,2218.588
2016-07-12,399006.SZ,20160712,2247.354
2016-07-13,399006.SZ,20160713,2285.369
2016-07-14,399006.SZ,20160714,2293.079
2016-07-15,399006.SZ,20160715,2263.784
2016-07-18,399006.SZ,20160718,2249.871
2016-07-19,399006.SZ,20160719,2273.719
2016-07-20,399006.SZ,20160720,2268.535
2016-07-21,399006.SZ,20160721,2265.128
2016-07-22,399006.SZ,20160722,2249.999
2016-07-25,399006.SZ,20160725,2245.885
2016-07-26,399006.SZ,20160726,2279.55
2016-07-27,399006.SZ,20160727,2155.386
2016-07-28,399006.SZ,20160728,2139.744
2016-07-29,399006.SZ,20160729,2122.412
2016-08-01,399006.SZ,20160801,2099.179
2016-08-02,399006.SZ,20160802,2113.214
2016-08-03,399006.SZ,20160803,2108.314
2016-08-04,399006.SZ,20160804,2129.652
2016-08-05,399006.SZ,20160805,2109.055
2016-08-08,399006.SZ,20160808,2130.594
2016-08-09,399006.SZ,20160809,2154.505
2016-08-10,399006.SZ,20160810,2137.001
2016-08-11,399006.SZ,20160811,2103.395
2016-08-12,399006.SZ,20160812,2123.841
2016-08-15,399006.SZ,20160815,2193.211
2016-08-16,399006.SZ,20160816,2201.096
2016-08-17,399006.SZ,20160817,2208.195
2016-08-18,399006.SZ,20160818,2201.594
2016-08-19,399006.SZ,20160819,2204.556
2016-08-22,399006.SZ,20160822,2167.4
2016-08-23,399006.SZ,20160823,2174.158
2016-08-24,399006.SZ,20160824,2192.17
2016-08-25,399006.SZ,20160825,2180.66
2016-08-26,399006.SZ,20160826,2189.749
2016-08-29,399006.SZ,20160829,2193.2
2016-08-30,399006.SZ,20160830,2195.531
2016-08-31,399006.SZ,20160831,2191.758
2016-09-01,399006.SZ,20160901,2181.326
2016-09-02,399006.SZ,20160902,2170.857
2016-09-05,399006.SZ,20160905,2182.694
2016-09-06,399006.SZ,20160906,2222.837
2016-09-07,399006.SZ,20160907,2212.053
2016-09-08,399006.SZ,20160908,2223.468
2016-09-09,399006.SZ,20160909,2202.967
2016-09-12,399006.SZ,20160912,2145.563
2016-09-13,399006.SZ,20160913,2145.868
2016-09-14,399006.SZ,20160914,2144.557
2016-09-19,399006.SZ,20160919,2165.213
2016-09-20,399006.SZ,20160920,2158.432
2016-09-21,399006.SZ,20160921,2162.131
2016-09-22,399006.SZ,20160922,2168.422
2016-09-23,399006.SZ,20160923,2156.51
2016-09-26,399006.SZ,20160926,2122.9
2016-09-27,399006.SZ,20160927,2140.803
2016-09-28,399006.SZ,20160928,2139.628
2016-09-29,399006.SZ,20160929,2146.184
2016-09-30,399006.SZ,20160930,2149.901
2016-10-10,399006.SZ,20161010,2208.469
2016-10-11,399006.SZ,20161011,2210.861
2016-10-12,399006.SZ,20161012,2209.685
2016-10-13,399006.SZ,20161013,2208.567
2016-10-14,399006.SZ,20161014,2194.227
2016-10-17,399006.SZ,20161017,2167.862
2016-10-18,399006.SZ,20161018,2198.141
2016-10-19,399006.SZ,20161019,2184.91
2016-10-20,399006.SZ,20161020,2193.255
2016-10-21,399006.SZ,20161021,2180.996
2016-10-24,399006.SZ,20161024,2200.803
2016-10-25,399006.SZ,20161025,2200.207
2016-10-26,399006.SZ,20161026,2184.493
2016-10-27,399006.SZ,20161027,2182.477
2016-10-28,399006.SZ,20161028,2165.433
2016-10-31,399006.SZ,20161031,2159.76
2016-11-01,399006.SZ,20161101,2176.447
2016-11-02,399006.SZ,20161102,2146.399
2016-11-03,399006.SZ,20161103,2153.185
2016-11-04,399006.SZ,20161104,2145.229
2016-11-07,399006.SZ,20161107,2130.301
2016-11-08,399006.SZ,20161108,2150.303
2016-11-09,399006.SZ,20161109,2123.845
2016-11-10,399006.SZ,20161110,2143.321
2016-11-11,399006.SZ,20161111,2147.107
2016-11-14,399006.SZ,20161114,2161.686
2016-11-15,399006.SZ,20161115,2179.3
2016-11-16,399006.SZ,20161116,2182.467
2016-11-17,399006.SZ,20161117,2163.041
2016-11-18,399006.SZ,20161118,2157.96
2016-11-21,399006.SZ,20161121,2152.602
2016-11-22,399006.SZ,20161122,2177.651
2016-11-23,399006.SZ,20161123,2165.707
2016-11-24,399006.SZ,20161124,2146.627
2016-11-25,399006.SZ,20161125,2167.528
2016-11-28,399006.SZ,20161128,2166.045
2016-11-29,399006.SZ,20161129,2160.346
2016-11-30,399006.SZ,20161130,2183.049
2016-12-01,399006.SZ,20161201,2181.929
2016-12-02,399006.SZ,20161202,2143.452
2016-12-05,399006.SZ,20161205,2143.878
2016-12-06,399006.SZ,20161206,2122.259
2016-12-07,399006.SZ,20161207,2134.987
2016-12-08,399006.SZ,20161208,2114.711
2016-12-09,399006.SZ,20161209,2099.888
2016-12-12,399006.SZ,20161212,1984.395
2016-12-13,399006.SZ,20161213,1985.043
2016-12-14,399006.SZ,20161214,1963.08
2016-12-15,399006.SZ,20161215,1975.854
2016-12-16,399006.SZ,20161216,1998.113
2016-12-19,399006.SZ,20161219,1980.4102
2016-12-20,399006.SZ,20161220,1982.2972
2016-12-21,399006.SZ,20161221,1991.6964
2016-12-22,399006.SZ,20161222,1986.2744
2016-12-23,399006.SZ,20161223,1964.5412
2016-12-26,399006.SZ,20161226,1974.0101
2016-12-27,399006.SZ,20161227,1968.6195
2016-12-28,399006.SZ,20161228,1957.1545
2016-12-29,399006.SZ,20161229,1959.2396
2016-12-30,399006.SZ,20161230,1962.0587
2017-01-03,399006.SZ,20170103,1963.255
2017-01-04,399006.SZ,20170104,1991.5652
2017-01-05,399006.SZ,20170105,1983.9713
2017-01-06,399006.SZ,20170106,1965.03
2017-01-09,399006.SZ,20170109,1961.6191
2017-01-10,399006.SZ,20170110,1951.6773
2017-01-11,399006.SZ,20170111,1937.5466
2017-01-12,399006.SZ,20170112,1930.1447
2017-01-13,399006.SZ,20170113,1899.9428
2017-01-16,399006.SZ,20170116,1830.8477
2017-01-17,399006.SZ,20170117,1867.8683
2017-01-18,399006.SZ,20170118,1845.7875
2017-01-19,399006.SZ,20170119,1844.14
2017-01-20,399006.SZ,20170120,1880.7483
2017-01-23,399006.SZ,20170123,1887.3245
2017-01-24,399006.SZ,20170124,1861.2158
2017-01-25,399006.SZ,20170125,1870.7028
2017-01-26,399006.SZ,20170126,1886.232
2017-02-03,399006.SZ,20170203,1876.7607
2017-02-06,399006.SZ,20170206,1900.4472
2017-02-07,399006.SZ,20170207,1889.1337
2017-02-08,399006.SZ,20170208,1903.6279
2017-02-09,399006.SZ,20170209,1914.0823
2017-02-10,399006.SZ,20170210,1904.6849
2017-02-13,399006.SZ,20170213,1913.6805
2017-02-14,399006.SZ,20170214,1909.3954
2017-02-15,399006.SZ,20170215,1892.357
2017-02-16,399006.SZ,20170216,1897.6297
2017-02-17,399006.SZ,20170217,1882.8685
2017-02-20,399006.SZ,20170220,1894.9616
2017-02-21,399006.SZ,20170221,1921.0773
2017-02-22,399006.SZ,20170222,1919.9732
2017-02-23,399006.SZ,20170223,1925.9512
2017-02-24,399006.SZ,20170224,1938.4445
2017-02-27,399006.SZ,20170227,1926.7715
2017-02-28,399006.SZ,20170228,1927.1597
2017-03-01,399006.SZ,20170301,1931.9682
2017-03-02,399006.SZ,20170302,1920.4049
2017-03-03,399006.SZ,20170303,1928.289
2017-03-06,399006.SZ,20170306,1962.7697
2017-03-07,399006.SZ,20170307,1977.8531
2017-03-08,399006.SZ,20170308,1964.6284
2017-03-09,399006.SZ,20170309,1953.9425
2017-03-10,399006.SZ,20170310,1950.0077
2017-03-13,399006.SZ,20170313,1970.8788
2017-03-14,399006.SZ,20170314,1958.023
2017-03-15,399006.SZ,20170315,1957.8199
2017-03-16,399006.SZ,20170316,1966.7266
2017-03-17,399006.SZ,20170317,1949.661
2017-03-20,399006.SZ,20170320,1953.8158
2017-03-21,399006.SZ,20170321,1961.0632
2017-03-22,399006.SZ,20170322,1948.5799
2017-03-23,399006.SZ,20170323,1948.3692
2017-03-24,399006.SZ,20170324,1965.1368
2017-03-27,399006.SZ,20170327,1947.5282
2017-03-28,399006.SZ,20170328,1944.3626
2017-03-29,399006.SZ,20170329,1929.1958
2017-03-30,399006.SZ,20170330,1893.7009
2017-03-31,399006.SZ,20170331,1907.3381
2017-04-05,399006.SZ,20170405,1943.1602
2017-04-06,399006.SZ,20170406,1944.2345
2017-04-07,399006.SZ,20170407,1946.0485
2017-04-10,399006.SZ,20170410,1912.4507
2017-04-11,399006.SZ,20170411,1917.6329
2017-04-12,399006.SZ,20170412,1897.5065
2017-04-13,399006.SZ,20170413,1910.476
2017-04-14,399006.SZ,20170414,1887.4603
2017-04-17,399006.SZ,20170417,1868.2814
2017-04-18,399006.SZ,20170418,1848.2027
2017-04-19,399006.SZ,20170419,1845.3821
2017-04-20,399006.SZ,20170420,1850.39
2017-04-21,399006.SZ,20170421,1839.0064
2017-04-24,399006.SZ,20170424,1809.9113
2017-04-25,399006.SZ,20170425,1818.8704
2017-04-26,399006.SZ,20170426,1820.4805
2017-04-27,399006.SZ,20170427,1842.9222
2017-04-28,399006.SZ,20170428,1850.7336
2017-05-02,399006.SZ,20170502,1850.8493
2017-05-03,399006.SZ,20170503,1840.4534
2017-05-04,399006.SZ,20170504,1838.1038
2017-05-05,399006.SZ,20170505,1818.1911
2017-05-08,399006.SZ,20170508,1788.7083
2017-05-09,399006.SZ,20170509,1802.4908
2017-05-10,399006.SZ,20170510,1771.3195
2017-05-11,399006.SZ,20170511,1772.4131
2017-05-12,399006.SZ,20170512,1774.6277
2017-05-15,399006.SZ,20170515,1778.6359
2017-05-16,399006.SZ,20170516,1814.9405
2017-05-17,399006.SZ,20170517,1822.6389
2017-05-18,399006.SZ,20170518,1813.5065
2017-05-19,399006.SZ,20170519,1801.0776
2017-05-22,399006.SZ,20170522,1788.0753
2017-05-23,399006.SZ,20170523,1758.2348
2017-05-24,399006.SZ,20170524,1776.2778
2017-05-25,399006.SZ,20170525,1777.6939
2017-05-26,399006.SZ,20170526,1759.6318
2017-05-31,399006.SZ,20170531,1763.7292
2017-06-01,399006.SZ,20170601,1728.488
2017-06-02,399006.SZ,20170602,1745.9265
2017-06-05,399006.SZ,20170605,1761.2457
2017-06-06,399006.SZ,20170606,1766.3934
2017-06-07,399006.SZ,20170607,1799.8524
2017-06-08,399006.SZ,20170608,1794.7496
2017-06-09,399006.SZ,20170609,1796.1348
2017-06-12,399006.SZ,20170612,1775.5508
2017-06-13,399006.SZ,20170613,1795.6316
2017-06-14,399006.SZ,20170614,1790.6354
2017-06-15,399006.SZ,20170615,1816.2585
2017-06-16,399006.SZ,20170616,1810.0526
2017-06-19,399006.SZ,20170619,1816.3997
2017-06-20,399006.SZ,20170620,1820.9764
2017-06-21,399006.SZ,20170621,1824.6908
2017-06-22,399006.SZ,20170622,1798.3806
2017-06-23,399006.SZ,20170623,1807.4288
2017-06-26,399006.SZ,20170626,1821.2775
2017-06-27,399006.SZ,20170627,1819.9338
2017-06-28,399006.SZ,20170628,1808.1995
2017-06-29,399006.SZ,20170629,1813.5524
2017-06-30,399006.SZ,20170630,1818.0668
2017-07-03,399006.SZ,20170703,1835.9857
2017-07-04,399006.SZ,20170704,1829.5051
2017-07-05,399006.SZ,20170705,1836.6309
2017-07-06,399006.SZ,20170706,1838.9952
2017-07-07,399006.SZ,20170707,1835.439
2017-07-10,399006.SZ,20170710,1803.2473
2017-07-11,399006.SZ,20170711,1783.9117
2017-07-12,399006.SZ,20170712,1786.7462
2017-07-13,399006.SZ,20170713,1778.8626
2017-07-14,399006.SZ,20170714,1745.5672
2017-07-17,399006.SZ,20170717,1656.4333
2017-07-18,399006.SZ,20170718,1667.4881
2017-07-19,399006.SZ,20170719,1684.771
2017-07-20,399006.SZ,20170720,1688.6097
2017-07-21,399006.SZ,20170721,1690.1454
2017-07-24,399006.SZ,20170724,1686.4385
2017-07-25,399006.SZ,20170725,1688.0945
2017-07-26,399006.SZ,20170726,1681.3097
2017-07-27,399006.SZ,20170727,1742.1908
2017-07-28,399006.SZ,20170728,1734.0736
2017-07-31,399006.SZ,20170731,1736.3
2017-08-01,399006.SZ,20170801,1741.0741
2017-08-02,399006.SZ,20170802,1724.833
2017-08-03,399006.SZ,20170803,1733.1235
2017-08-04,399006.SZ,20170804,1719.6172
2017-08-07,399006.SZ,20170807,1732.4341
2017-08-08,399006.SZ,20170808,1762.4211
2017-08-09,399006.SZ,20170809,1763.0491
2017-08-10,399006.SZ,20170810,1753.6692
2017-08-11,399006.SZ,20170811,1742.1394
2017-08-14,399006.SZ,20170814,1793.4818
2017-08-15,399006.SZ,20170815,1798.5691
2017-08-16,399006.SZ,20170816,1825.1869
2017-08-17,399006.SZ,20170817,1833.3982
2017-08-18,399006.SZ,20170818,1821.8032
2017-08-21,399006.SZ,20170821,1829.2167
2017-08-22,399006.SZ,20170822,1814.9153
2017-08-23,399006.SZ,20170823,1807.3663
2017-08-24,399006.SZ,20170824,1795.7391
2017-08-25,399006.SZ,20170825,1812.8781
2017-08-28,399006.SZ,20170828,1842.8285
2017-08-29,399006.SZ,20170829,1831.5912
2017-08-30,399006.SZ,20170830,1838.6308
2017-08-31,399006.SZ,20170831,1849.3789
2017-09-01,399006.SZ,20170901,1865.25
2017-09-04,399006.SZ,20170904,1883.6179
2017-09-05,399006.SZ,20170905,1885.1622
2017-09-06,399006.SZ,20170906,1902.8567
2017-09-07,399006.SZ,20170907,1890.3823
2017-09-08,399006.SZ,20170908,1885.2737
2017-09-11,399006.SZ,20170911,1896.3754
2017-09-12,399006.SZ,20170912,1884.4841
2017-09-13,399006.SZ,20170913,1888.4324
2017-09-14,399006.SZ,20170914,1879.2524
2017-09-15,399006.SZ,20170915,1875.6347
2017-09-18,399006.SZ,20170918,1894.8022
2017-09-19,399006.SZ,20170919,1880.2964
2017-09-20,399006.SZ,20170920,1892.6689
2017-09-21,399006.SZ,20170921,1872.7698
2017-09-22,399006.SZ,20170922,1866.4245
2017-09-25,399006.SZ,20170925,1843.6213
2017-09-26,399006.SZ,20170926,1839.4553
2017-09-27,399006.SZ,20170927,1854.9428
2017-09-28,399006.SZ,20170928,1854.7341
2017-09-29,399006.SZ,20170929,1866.9817
2017-10-09,399006.SZ,20171009,1889.8381
2017-10-10,399006.SZ,20171010,1917.4576
2017-10-11,399006.SZ,20171011,1901.5506
2017-10-12,399006.SZ,20171012,1899.9862
2017-10-13,399006.SZ,20171013,1926.0744
2017-10-16,399006.SZ,20171016,1882.6861
2017-10-17,399006.SZ,20171017,1876.9913
2017-10-18,399006.SZ,20171018,1868.1586
2017-10-19,399006.SZ,20171019,1862.6112
2017-10-20,399006.SZ,20171020,1880.2142
2017-10-23,399006.SZ,20171023,1898.7594
2017-10-24,399006.SZ,20171024,1901.6928
2017-10-25,399006.SZ,20171025,1913.2643
2017-10-26,399006.SZ,20171026,1910.7217
2017-10-27,399006.SZ,20171027,1896.2235
2017-10-30,399006.SZ,20171030,1855.9863
2017-10-31,399006.SZ,20171031,1869.7873
2017-11-01,399006.SZ,20171101,1872.7464
2017-11-02,399006.SZ,20171102,1847.565
2017-11-03,399006.SZ,20171103,1832.9665
2017-11-06,399006.SZ,20171106,1850.3028
2017-11-07,399006.SZ,20171107,1859.0682
2017-11-08,399006.SZ,20171108,1866.1423
2017-11-09,399006.SZ,20171109,1884.1117
2017-11-10,399006.SZ,20171110,1900.6308
2017-11-13,399006.SZ,20171113,1906.4371
2017-11-14,399006.SZ,20171114,1896.721
2017-11-15,399006.SZ,20171115,1868.0808
2017-11-16,399006.SZ,20171116,1878.2595
2017-11-17,399006.SZ,20171117,1833.8951
2017-11-20,399006.SZ,20171120,1859.7498
2017-11-21,399006.SZ,20171121,1856.9607
2017-11-22,399006.SZ,20171122,1853.3781
2017-11-23,399006.SZ,20171123,1794.7808
2017-11-24,399006.SZ,20171124,1782.6567
2017-11-27,399006.SZ,20171127,1760.8995
2017-11-28,399006.SZ,20171128,1793.8676
2017-11-29,399006.SZ,20171129,1787.3816
2017-11-30,399006.SZ,20171130,1770.3016
2017-12-01,399006.SZ,20171201,1804.6224
2017-12-04,399006.SZ,20171204,1797.7654
2017-12-05,399006.SZ,20171205,1758.5897
2017-12-06,399006.SZ,20171206,1784.3148
2017-12-07,399006.SZ,20171207,1776.9899
2017-12-08,399006.SZ,20171208,1792.1554
2017-12-11,399006.SZ,20171211,1816.9847
2017-12-12,399006.SZ,20171212,1798.6909
2017-12-13,399006.SZ,20171213,1806.0902
2017-12-14,399006.SZ,20171214,1794.3441
2017-12-15,399006.SZ,20171215,1783.9732
2017-12-18,399006.SZ,20171218,1780.6443
2017-12-19,399006.SZ,20171219,1798.5023
2017-12-20,399006.SZ,20171220,1782.4132
2017-12-21,399006.SZ,20171221,1789.7362
2017-12-22,399006.SZ,20171222,1779.3392
2017-12-25,399006.SZ,20171225,1755.806
2017-12-26,399006.SZ,20171226,1758.8205
2017-12-27,399006.SZ,20171227,1745.236
2017-12-28,399006.SZ,20171228,1745.0175
2017-12-29,399006.SZ,20171229,1752.652
2018-01-02,399006.SZ,20180102,1769.6718
2018-01-03,399006.SZ,20180103,1795.3831
2018-01-04,399006.SZ,20180104,1794.6087
2018-01-05,399006.SZ,20180105,1801.4185
2018-01-08,399006.SZ,20180108,1806.1562
2018-01-09,399006.SZ,20180109,1803.5858
2018-01-10,399006.SZ,20180110,1791.0845
2018-01-11,399006.SZ,20180111,1804.2349
2018-01-12,399006.SZ,20180112,1785.705
2018-01-15,399006.SZ,20180115,1732.6225
2018-01-16,399006.SZ,20180116,1729.5974
2018-01-17,399006.SZ,20180117,1742.0344
2018-01-18,399006.SZ,20180118,1738.0019
2018-01-19,399006.SZ,20180119,1728.1396
2018-01-22,399006.SZ,20180122,1768.214
2018-01-23,399006.SZ,20180123,1767.829
2018-01-24,399006.SZ,20180124,1813.2751
2018-01-25,399006.SZ,20180125,1810.8346
2018-01-26,399006.SZ,20180126,1816.8003
2018-01-29,399006.SZ,20180129,1799.7709
2018-01-30,399006.SZ,20180130,1782.399
2018-01-31,399006.SZ,20180131,1735.057
2018-02-01,399006.SZ,20180201,1697.39
2018-02-02,399006.SZ,20180202,1702.4264
2018-02-05,399006.SZ,20180205,1688.2724
2018-02-06,399006.SZ,20180206,1598.1161
2018-02-07,399006.SZ,20180207,1616.4003
2018-02-08,399006.SZ,20180208,1641.4307
2018-02-09,399006.SZ,20180209,1592.5102
2018-02-12,399006.SZ,20180212,1648.0721
2018-02-13,399006.SZ,20180213,1648.5816
2018-02-14,399006.SZ,20180214,1646.7714
2018-02-22,399006.SZ,20180222,1677.7647
2018-02-23,399006.SZ,20180223,1668.8345
2018-02-26,399006.SZ,20180226,1729.1527
2018-02-27,399006.SZ,20180227,1743.5413
2018-02-28,399006.SZ,20180228,1753.6274
2018-03-01,399006.SZ,20180301,1789.8488
2018-03-02,399006.SZ,20180302,1772.0054
2018-03-05,399006.SZ,20180305,1795.6928
2018-03-06,399006.SZ,20180306,1797.6095
2018-03-07,399006.SZ,20180307,1785.2696
2018-03-08,399006.SZ,20180308,1793.2216
2018-03-09,399006.SZ,20180309,1856.4554
2018-03-12,399006.SZ,20180312,1882.409
2018-03-13,399006.SZ,20180313,1872.6782
2018-03-14,399006.SZ,20180314,1841.2893
2018-03-15,399006.SZ,20180315,1848.7105
2018-03-16,399006.SZ,20180316,1821.3223
2018-03-19,399006.SZ,20180319,1842.9199
2018-03-20,399006.SZ,20180320,1864.6204
2018-03-21,399006.SZ,20180321,1829.9129
2018-03-22,399006.SZ,20180322,1817.2279
2018-03-23,399006.SZ,20180323,1726.0209
2018-03-26,399006.SZ,20180326,1780.6093
2018-03-27,399006.SZ,20180327,1844.6929
2018-03-28,399006.SZ,20180328,1835.1539
2018-03-29,399006.SZ,20180329,1842.1872
2018-03-30,399006.SZ,20180330,1900.4817
2018-04-02,399006.SZ,20180402,1900.2546
2018-04-03,399006.SZ,20180403,1872.4701
2018-04-04,399006.SZ,20180404,1836.8127
2018-04-09,399006.SZ,20180409,1841.6531
2018-04-10,399006.SZ,20180410,1835.5201
2018-04-11,399006.SZ,20180411,1834.6256
2018-04-12,399006.SZ,20180412,1826.8897
2018-04-13,399006.SZ,20180413,1824.5943
2018-04-16,399006.SZ,20180416,1838.7088
2018-04-17,399006.SZ,20180417,1783.7407
2018-04-18,399006.SZ,20180418,1822.2644
2018-04-19,399006.SZ,20180419,1820.2808
2018-04-20,399006.SZ,20180420,1782.8085
2018-04-23,399006.SZ,20180423,1753.0476
2018-04-24,399006.SZ,20180424,1806.8609
2018-04-25,399006.SZ,20180425,1819.4064
2018-04-26,399006.SZ,20180426,1781.2761
2018-04-27,399006.SZ,20180427,1805.5958
2018-05-02,399006.SZ,20180502,1801.5708
2018-05-03,399006.SZ,20180503,1826.7912
2018-05-04,399006.SZ,20180504,1814.8549
2018-05-07,399006.SZ,20180507,1852.3359
2018-05-08,399006.SZ,20180508,1856.868
2018-05-09,399006.SZ,20180509,1855.8086
2018-05-10,399006.SZ,20180510,1865.3588
2018-05-11,399006.SZ,20180511,1834.7797
2018-05-14,399006.SZ,20180514,1830.9804
2018-05-15,399006.SZ,20180515,1858.0114
2018-05-16,399006.SZ,20180516,1846.6748
2018-05-17,399006.SZ,20180517,1831.2045
2018-05-18,399006.SZ,20180518,1836.7539
2018-05-21,399006.SZ,20180521,1862.4808
2018-05-22,399006.SZ,20180522,1875.9994
2018-05-23,399006.SZ,20180523,1845.9733
2018-05-24,399006.SZ,20180524,1838.4028
2018-05-25,399006.SZ,20180525,1804.5488
2018-05-28,399006.SZ,20180528,1796.9134
2018-05-29,399006.SZ,20180529,1773.6458
2018-05-30,399006.SZ,20180530,1726.2188
2018-05-31,399006.SZ,20180531,1743.7426
2018-06-01,399006.SZ,20180601,1709.5476
2018-06-04,399006.SZ,20180604,1702.9297
2018-06-05,399006.SZ,20180605,1746.113
2018-06-06,399006.SZ,20180606,1743.2475
2018-06-07,399006.SZ,20180607,1730.375
2018-06-08,399006.SZ,20180608,1711.5224
2018-06-11,399006.SZ,20180611,1688.6179
2018-06-12,399006.SZ,20180612,1712.7684
2018-06-13,399006.SZ,20180613,1685.8948
2018-06-14,399006.SZ,20180614,1673.3194
2018-06-15,399006.SZ,20180615,1641.6627
2018-06-19,399006.SZ,20180619,1547.1453
2018-06-20,399006.SZ,20180620,1563.7925
2018-06-21,399006.SZ,20180621,1521.6761
2018-06-22,399006.SZ,20180622,1549.6605
2018-06-25,399006.SZ,20180625,1538.565
2018-06-26,399006.SZ,20180626,1564.9174
2018-06-27,399006.SZ,20180627,1546.2315
2018-06-28,399006.SZ,20180628,1543.6637
2018-06-29,399006.SZ,20180629,1606.7147
2018-07-02,399006.SZ,20180702,1588.3739
2018-07-03,399006.SZ,20180703,1607.1223
2018-07-04,399006.SZ,20180704,1565.6104
2018-07-05,399006.SZ,20180705,1532.6789
2018-07-06,399006.SZ,20180706,1541.3135
2018-07-09,399006.SZ,20180709,1581.9302
2018-07-10,399006.SZ,20180710,1592.9761
2018-07-11,399006.SZ,20180711,1563.0085
2018-07-12,399006.SZ,20180712,1614.6324
2018-07-13,399006.SZ,20180713,1618.4632
2018-07-16,399006.SZ,20180716,1616.9125
2018-07-17,399006.SZ,20180717,1621.6318
2018-07-18,399006.SZ,20180718,1607.8841
2018-07-19,399006.SZ,20180719,1590.0633
2018-07-20,399006.SZ,20180720,1609.5479
2018-07-23,399006.SZ,20180723,1620.9733
2018-07-24,399006.SZ,20180724,1629.6096
2018-07-25,399006.SZ,20180725,1632.3204
2018-07-26,399006.SZ,20180726,1606.1153
2018-07-27,399006.SZ,20180727,1594.5674
2018-07-30,399006.SZ,20180730,1559.6408
2018-07-31,399006.SZ,20180731,1561.2576
2018-08-01,399006.SZ,20180801,1541.8601
2018-08-02,399006.SZ,20180802,1510.0876
2018-08-03,399006.SZ,20180803,1481.6065
2018-08-06,399006.SZ,20180806,1440.7955
2018-08-07,399006.SZ,20180807,1479.4408
2018-08-08,399006.SZ,20180808,1447.7568
2018-08-09,399006.SZ,20180809,1497.6063
2018-08-10,399006.SZ,20180810,1511.7073
2018-08-13,399006.SZ,20180813,1531.3404
2018-08-14,399006.SZ,20180814,1518.4912
2018-08-15,399006.SZ,20180815,1478.5059
2018-08-16,399006.SZ,20180816,1463.8718
2018-08-17,399006.SZ,20180817,1434.3058
2018-08-20,399006.SZ,20180820,1435.6902
2018-08-21,399006.SZ,20180821,1456.9724
2018-08-22,399006.SZ,20180822,1439.5515
2018-08-23,399006.SZ,20180823,1455.5021
2018-08-24,399006.SZ,20180824,1450.0912
2018-08-27,399006.SZ,20180827,1493.4329
2018-08-28,399006.SZ,20180828,1493.1057
2018-08-29,399006.SZ,20180829,1481.1915
2018-08-30,399006.SZ,20180830,1457.916
2018-08-31,399006.SZ,20180831,1435.2005
2018-09-03,399006.SZ,20180903,1443.6877
2018-09-04,399006.SZ,20180904,1455.5027
2018-09-05,399006.SZ,20180905,1430.2399
2018-09-06,399006.SZ,20180906,1422.8699
2018-09-07,399006.SZ,20180907,1425.2289
2018-09-10,399006.SZ,20180910,1390.8229
2018-09-11,399006.SZ,20180911,1395.1665
2018-09-12,399006.SZ,20180912,1385.7962
2018-09-13,399006.SZ,20180913,1391.2791
2018-09-14,399006.SZ,20180914,1366.5653
2018-09-17,399006.SZ,20180917,1349.7765
2018-09-18,399006.SZ,20180918,1377.3027
2018-09-19,399006.SZ,20180919,1392.4026
2018-09-20,399006.SZ,20180920,1387.6192
2018-09-21,399006.SZ,20180921,1411.119
2018-09-25,399006.SZ,20180925,1405.806
2018-09-26,399006.SZ,20180926,1420.7498
2018-09-27,399006.SZ,20180927,1400.3593
2018-09-28,399006.SZ,20180928,1411.3398
2018-10-08,399006.SZ,20181008,1353.6711
2018-10-09,399006.SZ,20181009,1345.9527
2018-10-10,399006.SZ,20181010,1346.7045
2018-10-11,399006.SZ,20181011,1261.8831
2018-10-12,399006.SZ,20181012,1268.4055
2018-10-15,399006.SZ,20181015,1250.2184
2018-10-16,399006.SZ,20181016,1216.6868
2018-10-17,399006.SZ,20181017,1231.8615
2018-10-18,399006.SZ,20181018,1205.0314
2018-10-19,399006.SZ,20181019,1249.8896
2018-10-22,399006.SZ,20181022,1314.9449
2018-10-23,399006.SZ,20181023,1292.0559
2018-10-24,399006.SZ,20181024,1284.1023
2018-10-25,399006.SZ,20181025,1273.6029
2018-10-26,399006.SZ,20181026,1263.1881
2018-10-29,399006.SZ,20181029,1250.4796
2018-10-30,399006.SZ,20181030,1259.948
2018-10-31,399006.SZ,20181031,1275.5743
2018-11-01,399006.SZ,20181101,1286.3265
2018-11-02,399006.SZ,20181102,1348.2794
2018-11-05,399006.SZ,20181105,1348.8759
2018-11-06,399006.SZ,20181106,1349.1087
2018-11-07,399006.SZ,20181107,1345.7678
2018-11-08,399006.SZ,20181108,1329.5909
2018-11-09,399006.SZ,20181109,1322.8308
2018-11-12,399006.SZ,20181112,1368.7907
2018-11-13,399006.SZ,20181113,1392.0549
2018-11-14,399006.SZ,20181114,1385.7324
2018-11-15,399006.SZ,20181115,1405.2479
2018-11-16,399006.SZ,20181116,1403.2829
2018-11-19,399006.SZ,20181119,1394.4
2018-11-20,399006.SZ,20181120,1355.3343
2018-11-21,399006.SZ,20181121,1363.0284
2018-11-22,399006.SZ,20181122,1353.9237
2018-11-23,399006.SZ,20181123,1308.7387
2018-11-26,399006.SZ,20181126,1304.5572
2018-11-27,399006.SZ,20181127,1315.4328
2018-11-28,399006.SZ,20181128,1341.0832
2018-11-29,399006.SZ,20181129,1312.7163
2018-11-30,399006.SZ,20181130,1329.3885
2018-12-03,399006.SZ,20181203,1372.7939
2018-12-04,399006.SZ,20181204,1378.7535
2018-12-05,399006.SZ,20181205,1381.7668
2018-12-06,399006.SZ,20181206,1345.7608
2018-12-07,399006.SZ,20181207,1341.0187
2018-12-10,399006.SZ,20181210,1326.8478
2018-12-11,399006.SZ,20181211,1338.0788
2018-12-12,399006.SZ,20181212,1338.7307
2018-12-13,399006.SZ,20181213,1348.5039
2018-12-14,399006.SZ,20181214,1310.4576
2018-12-17,399006.SZ,20181217,1299.1747
2018-12-18,399006.SZ,20181218,1293.3351
2018-12-19,399006.SZ,20181219,1268.8139
2018-12-20,399006.SZ,20181220,1278.1573
2018-12-21,399006.SZ,20181221,1270.3043
2018-12-24,399006.SZ,20181224,1284.3322
2018-12-25,399006.SZ,20181225,1273.4473
2018-12-26,399006.SZ,20181226,1264.0702
2018-12-27,399006.SZ,20181227,1248.0765
2018-12-28,399006.SZ,20181228,1250.5254
2019-01-02,399006.SZ,20190102,1228.7668
2019-01-03,399006.SZ,20190103,1214.4969
2019-01-04,399006.SZ,20190104,1245.1567
2019-01-07,399006.SZ,20190107,1268.0583
2019-01-08,399006.SZ,20190108,1263.5102
2019-01-09,399006.SZ,20190109,1262.5167
2019-01-10,399006.SZ,20190110,1258.9886
2019-01-11,399006.SZ,20190111,1261.5603
2019-01-14,399006.SZ,20190114,1245.9994
2019-01-15,399006.SZ,20190115,1266.2745
2019-01-16,399006.SZ,20190116,1267.3048
2019-01-17,399006.SZ,20190117,1251.4137
2019-01-18,399006.SZ,20190118,1269.5046
2019-01-21,399006.SZ,20190121,1274.7889
2019-01-22,399006.SZ,20190122,1252.2391
2019-01-23,399006.SZ,20190123,1251.1266
2019-01-24,399006.SZ,20190124,1265.1607
2019-01-25,399006.SZ,20190125,1265.4942
2019-01-28,399006.SZ,20190128,1259.7432
2019-01-29,399006.SZ,20190129,1243.5918
2019-01-30,399006.SZ,20190130,1230.8193
2019-01-31,399006.SZ,20190131,1227.9878
2019-02-01,399006.SZ,20190201,1271.2746
2019-02-11,399006.SZ,20190211,1316.0984
2019-02-12,399006.SZ,20190212,1332.2704
2019-02-13,399006.SZ,20190213,1357.6657
2019-02-14,399006.SZ,20190214,1361.9384
2019-02-15,399006.SZ,20190215,1357.8362
2019-02-18,399006.SZ,20190218,1413.6002
2019-02-19,399006.SZ,20190219,1406.0375
2019-02-20,399006.SZ,20190220,1408.3818
2019-02-21,399006.SZ,20190221,1412.535
2019-02-22,399006.SZ,20190222,1456.2989
2019-02-25,399006.SZ,20190225,1536.3711
2019-02-26,399006.SZ,20190226,1546.9869
2019-02-27,399006.SZ,20190227,1520.4193
2019-02-28,399006.SZ,20190228,1535.6804
2019-03-01,399006.SZ,20190301,1567.8731
2019-03-04,399006.SZ,20190304,1619.7099
2019-03-05,399006.SZ,20190305,1676.5659
2019-03-06,399006.SZ,20190306,1700.4964
2019-03-07,399006.SZ,20190307,1692.4163
2019-03-08,399006.SZ,20190308,1654.4853
2019-03-11,399006.SZ,20190311,1727.8014
2019-03-12,399006.SZ,20190312,1773.4325
2019-03-13,399006.SZ,20190313,1693.8604
2019-03-14,399006.SZ,20190314,1650.1862
2019-03-15,399006.SZ,20190315,1662.6229
2019-03-18,399006.SZ,20190318,1707.056
2019-03-19,399006.SZ,20190319,1708.8743
2019-03-20,399006.SZ,20190320,1687.9
2019-03-21,399006.SZ,20190321,1703.8545
2019-03-22,399006.SZ,20190322,1693.8654
2019-03-25,399006.SZ,20190325,1668.8413
2019-03-26,399006.SZ,20190326,1630.1903
2019-03-27,399006.SZ,20190327,1637.7728
2019-03-28,399006.SZ,20190328,1626.8187
2019-03-29,399006.SZ,20190329,1693.5475
2019-04-01,399006.SZ,20190401,1760.892
2019-04-02,399006.SZ,20190402,1754.1565
2019-04-03,399006.SZ,20190403,1768.1781
2019-04-04,399006.SZ,20190404,1777.2628
2019-04-08,399006.SZ,20190408,1739.6551
2019-04-09,399006.SZ,20190409,1741.1706
2019-04-10,399006.SZ,20190410,1726.6364
2019-04-11,399006.SZ,20190411,1691.1042
2019-04-12,399006.SZ,20190412,1695.7294
2019-04-15,399006.SZ,20190415,1666.8971
2019-04-16,399006.SZ,20190416,1697.5287
2019-04-17,399006.SZ,20190417,1717.4373
2019-04-18,399006.SZ,20190418,1704.5468
2019-04-19,399006.SZ,20190419,1715.7952
2019-04-22,399006.SZ,20190422,1697.5121
2019-04-23,399006.SZ,20190423,1683.8
2019-04-24,399006.SZ,20190424,1718.8461
2019-04-25,399006.SZ,20190425,1669.9777
2019-04-26,399006.SZ,20190426,1657.8243
2019-04-29,399006.SZ,20190429,1615.6164
2019-04-30,399006.SZ,20190430,1623.7819
2019-05-06,399006.SZ,20190506,1494.8864
2019-05-07,399006.SZ,20190507,1504.1637
2019-05-08,399006.SZ,20190508,1481.873
2019-05-09,399006.SZ,20190509,1469.4755
2019-05-10,399006.SZ,20190510,1533.8712
2019-05-13,399006.SZ,20190513,1503.0646
2019-05-14,399006.SZ,20190514,1494.6033
2019-05-15,399006.SZ,20190515,1528.6912
2019-05-16,399006.SZ,20190516,1533.6697
2019-05-17,399006.SZ,20190517,1478.7481
2019-05-20,399006.SZ,20190520,1469.311
2019-05-21,399006.SZ,20190521,1493.7156
2019-05-22,399006.SZ,20190522,1488.6266
2019-05-23,399006.SZ,20190523,1451.2448
2019-05-24,399006.SZ,20190524,1443.7467
2019-05-27,399006.SZ,20190527,1491.9516
2019-05-28,399006.SZ,20190528,1505.163
2019-05-29,399006.SZ,20190529,1497.8922
2019-05-30,399006.SZ,20190530,1485.2423
2019-05-31,399006.SZ,20190531,1483.6576
2019-06-03,399006.SZ,20190603,1468.9816
2019-06-04,399006.SZ,20190604,1456.2678
2019-06-05,399006.SZ,20190605,1451.1766
2019-06-06,399006.SZ,20190606,1416.0552
2019-06-10,399006.SZ,20190610,1431.3371
2019-06-11,399006.SZ,20190611,1487.3499
2019-06-12,399006.SZ,20190612,1473.9007
2019-06-13,399006.SZ,20190613,1479.8305
2019-06-14,399006.SZ,20190614,1453.9575
2019-06-17,399006.SZ,20190617,1442.3479
2019-06-18,399006.SZ,20190618,1455.7456
2019-06-19,399006.SZ,20190619,1469.9874
2019-06-20,399006.SZ,20190620,1498.0144
2019-06-21,399006.SZ,20190621,1523.8089
2019-06-24,399006.SZ,20190624,1514.4648
2019-06-25,399006.SZ,20190625,1498.4655
2019-06-26,399006.SZ,20190626,1504.5487
2019-06-27,399006.SZ,20190627,1525.2438
2019-06-28,399006.SZ,20190628,1511.5071
2019-07-01,399006.SZ,20190701,1568.1598
2019-07-02,399006.SZ,20190702,1570.5116
2019-07-03,399006.SZ,20190703,1544.3566
2019-07-04,399006.SZ,20190704,1532.7435
2019-07-05,399006.SZ,20190705,1547.737
2019-07-08,399006.SZ,20190708,1506.6612
2019-07-09,399006.SZ,20190709,1517.7927
2019-07-10,399006.SZ,20190710,1510.4346
2019-07-11,399006.SZ,20190711,1514.1994
2019-07-12,399006.SZ,20190712,1518.0741
2019-07-15,399006.SZ,20190715,1547.4677
2019-07-16,399006.SZ,20190716,1545.2729
2019-07-17,399006.SZ,20190717,1550.2173
2019-07-18,399006.SZ,20190718,1524.4792
2019-07-19,399006.SZ,20190719,1541.9814
2019-07-22,399006.SZ,20190722,1515.9654
2019-07-23,399006.SZ,20190723,1534.9261
2019-07-24,399006.SZ,20190724,1553.7177
2019-07-25,399006.SZ,20190725,1566.0771
2019-07-26,399006.SZ,20190726,1561.8552
2019-07-29,399006.SZ,20190729,1566.5244
2019-07-30,399006.SZ,20190730,1580.1286
2019-07-31,399006.SZ,20190731,1570.3934
2019-08-01,399006.SZ,20190801,1573.8657
2019-08-02,399006.SZ,20190802,1556.7442
2019-08-05,399006.SZ,20190805,1531.3724
2019-08-06,399006.SZ,20190806,1507.9105
2019-08-07,399006.SZ,20190807,1500.2514
2019-08-08,399006.SZ,20190808,1522.9742
2019-08-09,399006.SZ,20190809,1507.706
2019-08-12,399006.SZ,20190812,1539.9133
2019-08-13,399006.SZ,20190813,1524.3574
2019-08-14,399006.SZ,20190814,1536.6595
2019-08-15,399006.SZ,20190815,1555.7734
2019-08-16,399006.SZ,20190816,1567.9928
2019-08-19,399006.SZ,20190819,1622.8437
2019-08-20,399006.SZ,20190820,1611.5925
2019-08-21,399006.SZ,20190821,1609.8333
2019-08-22,399006.SZ,20190822,1613.4575
2019-08-23,399006.SZ,20190823,1615.5592
2019-08-26,399006.SZ,20190826,1600.7952
2019-08-27,399006.SZ,20190827,1628.1214
2019-08-28,399006.SZ,20190828,1625.1881
2019-08-29,399006.SZ,20190829,1620.8606
2019-08-30,399006.SZ,20190830,1610.8982
2019-09-02,399006.SZ,20190902,1652.2882
2019-09-03,399006.SZ,20190903,1660.4265
2019-09-04,399006.SZ,20190904,1669.4104
2019-09-05,399006.SZ,20190905,1689.054
2019-09-06,399006.SZ,20190906,1692.2391
2019-09-09,399006.SZ,20190909,1733.2301
2019-09-10,399006.SZ,20190910,1725.3082
2019-09-11,399006.SZ,20190911,1703.5377
2019-09-12,399006.SZ,20190912,1710.5723
2019-09-16,399006.SZ,20190916,1714.3683
2019-09-17,399006.SZ,20190917,1677.9866
2019-09-18,399006.SZ,20190918,1679.3059
2019-09-19,399006.SZ,20190919,1705.5991
2019-09-20,399006.SZ,20190920,1705.0471
2019-09-23,399006.SZ,20190923,1684.3236
2019-09-24,399006.SZ,20190924,1694.5964
2019-09-25,399006.SZ,20190925,1672.6464
2019-09-26,399006.SZ,20190926,1623.7908
2019-09-27,399006.SZ,20190927,1647.5332
2019-09-30,399006.SZ,20190930,1627.5454
2019-10-08,399006.SZ,20191008,1616.5842
2019-10-09,399006.SZ,20191009,1622.415
2019-10-10,399006.SZ,20191010,1666.9663
2019-10-11,399006.SZ,20191011,1666.8345
2019-10-14,399006.SZ,20191014,1679.3784
2019-10-15,399006.SZ,20191015,1660.887
2019-10-16,399006.SZ,20191016,1656.3719
2019-10-17,399006.SZ,20191017,1658.2592
2019-10-18,399006.SZ,20191018,1648.6253
2019-10-21,399006.SZ,20191021,1644.5077
2019-10-22,399006.SZ,20191022,1666.8685
2019-10-23,399006.SZ,20191023,1650.29
2019-10-24,399006.SZ,20191024,1653.8646
2019-10-25,399006.SZ,20191025,1675.3402
2019-10-28,399006.SZ,20191028,1704.4168
2019-10-29,399006.SZ,20191029,1686.5802
2019-10-30,399006.SZ,20191030,1684.0782
2019-10-31,399006.SZ,20191031,1671.3122
2019-11-01,399006.SZ,20191101,1686.9984
2019-11-04,399006.SZ,20191104,1699.9194
2019-11-05,399006.SZ,20191105,1713.2892
2019-11-06,399006.SZ,20191106,1703.0175
2019-11-07,399006.SZ,20191107,1715.5753
2019-11-08,399006.SZ,20191108,1711.2157
2019-11-11,399006.SZ,20191111,1673.1288
2019-11-12,399006.SZ,20191112,1671.4421
2019-11-13,399006.SZ,20191113,1681.7939
2019-11-14,399006.SZ,20191114,1692.5827
2019-11-15,399006.SZ,20191115,1674.7838
2019-11-18,399006.SZ,20191118,1682.4917
2019-11-19,399006.SZ,20191119,1729.0785
2019-11-20,399006.SZ,20191120,1719.6649
2019-11-21,399006.SZ,20191121,1713.2023
2019-11-22,399006.SZ,20191122,1679.8026
2019-11-25,399006.SZ,20191125,1661.7742
2019-11-26,399006.SZ,20191126,1679.0823
2019-11-27,399006.SZ,20191127,1674.3888
2019-11-28,399006.SZ,20191128,1673.7948
2019-11-29,399006.SZ,20191129,1664.8963
2019-12-02,399006.SZ,20191202,1669.5358
2019-12-03,399006.SZ,20191203,1675.3852
2019-12-04,399006.SZ,20191204,1673.7793
2019-12-05,399006.SZ,20191205,1709.8264
2019-12-06,399006.SZ,20191206,1726.8011
2019-12-09,399006.SZ,20191209,1721.0707
2019-12-10,399006.SZ,20191210,1734.0216
2019-12-11,399006.SZ,20191211,1718.2595
2019-12-12,399006.SZ,20191212,1720.986
2019-12-13,399006.SZ,20191213,1755.4132
2019-12-16,399006.SZ,20191216,1780.333
2019-12-17,399006.SZ,20191217,1801.6162
2019-12-18,399006.SZ,20191218,1792.4178
2019-12-19,399006.SZ,20191219,1790.4375
2019-12-20,399006.SZ,20191220,1771.7065
2019-12-23,399006.SZ,20191223,1736.624
2019-12-24,399006.SZ,20191224,1769.8688
2019-12-25,399006.SZ,20191225,1784.3947
2019-12-26,399006.SZ,20191226,1793.6354
2019-12-27,399006.SZ,20191227,1767.5818
2019-12-30,399006.SZ,20191230,1790.2385
2019-12-31,399006.SZ,20191231,1798.1181
2020-01-02,399006.SZ,20200102,1832.7416
2020-01-03,399006.SZ,20200103,1836.0118
2020-01-06,399006.SZ,20200106,1859.9209
2020-01-07,399006.SZ,20200107,1893.2141
2020-01-08,399006.SZ,20200108,1862.6992
2020-01-09,399006.SZ,20200109,1913.1422
2020-01-10,399006.SZ,20200110,1904.1945
2020-01-13,399006.SZ,20200113,1935.0716
2020-01-14,399006.SZ,20200114,1922.5573
2020-01-15,399006.SZ,20200115,1924.2384
2020-01-16,399006.SZ,20200116,1929.9608
2020-01-17,399006.SZ,20200117,1932.5106
2020-01-20,399006.SZ,20200120,1982.1762
2020-01-21,399006.SZ,20200121,1967.0268
2020-01-22,399006.SZ,20200122,1993.8991
2020-01-23,399006.SZ,20200123,1927.7418
2020-02-03,399006.SZ,20200203,1795.7744
2020-02-04,399006.SZ,20200204,1882.691
2020-02-05,399006.SZ,20200205,1939.6198
2020-02-06,399006.SZ,20200206,2012.2485
2020-02-07,399006.SZ,20200207,2015.7993
2020-02-10,399006.SZ,20200210,2042.1773
2020-02-11,399006.SZ,20200211,2028.4442
2020-02-12,399006.SZ,20200212,2085.278
2020-02-13,399006.SZ,20200213,2064.5956
2020-02-14,399006.SZ,20200214,2069.2188
2020-02-17,399006.SZ,20200217,2146.1776
2020-02-18,399006.SZ,20200218,2170.9493
2020-02-19,399006.SZ,20200219,2139.4372
2020-02-20,399006.SZ,20200220,2186.7374
2020-02-21,399006.SZ,20200221,2226.6389
2020-02-24,399006.SZ,20200224,2263.9716
2020-02-25,399006.SZ,20200225,2287.3117
2020-02-26,399006.SZ,20200226,2180.7012
2020-02-27,399006.SZ,20200227,2196.7138
2020-02-28,399006.SZ,20200228,2071.5665
2020-03-02,399006.SZ,20200302,2135.4152
2020-03-03,399006.SZ,20200303,2173.3465
2020-03-04,399006.SZ,20200304,2169.4428
2020-03-05,399006.SZ,20200305,2209.5883
2020-03-06,399006.SZ,20200306,2192.9361
2020-03-09,399006.SZ,20200309,2093.0632
2020-03-10,399006.SZ,20200310,2148.8097
2020-03-11,399006.SZ,20200311,2101.4635
2020-03-12,399006.SZ,20200312,2045.9255
2020-03-13,399006.SZ,20200313,2030.58
2020-03-16,399006.SZ,20200316,1910.7666
2020-03-17,399006.SZ,20200317,1917.7019
2020-03-18,399006.SZ,20200318,1887.0419
2020-03-19,399006.SZ,20200319,1894.9431
2020-03-20,399006.SZ,20200320,1915.0464
2020-03-23,399006.SZ,20200323,1827.0522
2020-03-24,399006.SZ,20200324,1876.9102
2020-03-25,399006.SZ,20200325,1937.8546
2020-03-26,399006.SZ,20200326,1927.2753
2020-03-27,399006.SZ,20200327,1903.881
2020-03-30,399006.SZ,20200330,1860.4845
2020-03-31,399006.SZ,20200331,1871.9174
2020-04-01,399006.SZ,20200401,1864.8002
2020-04-02,399006.SZ,20200402,1916.9506
2020-04-03,399006.SZ,20200403,1906.6747
2020-04-07,399006.SZ,20200407,1969.7818
2020-04-08,399006.SZ,20200408,1964.7573
2020-04-09,399006.SZ,20200409,1997.1361
2020-04-10,399006.SZ,20200410,1949.8848
2020-04-13,399006.SZ,20200413,1923.0814
2020-04-14,399006.SZ,20200414,1985.426
2020-04-15,399006.SZ,20200415,1977.5145
2020-04-16,399006.SZ,20200416,2008.3881
2020-04-17,399006.SZ,20200417,2020.7696
2020-04-20,399006.SZ,20200420,2043.437
2020-04-21,399006.SZ,20200421,2023.9423
2020-04-22,399006.SZ,20200422,2043.1705
2020-04-23,399006.SZ,20200423,2029.5244
2020-04-24,399006.SZ,20200424,2003.7478
2020-04-27,399006.SZ,20200427,2018.6659
2020-04-28,399006.SZ,20200428,2030.7242
2020-04-29,399006.SZ,20200429,2030.4769
2020-04-30,399006.SZ,20200430,2069.4321
2020-05-06,399006.SZ,20200506,2110.2665
2020-05-07,399006.SZ,20200507,2106.8418
2020-05-08,399006.SZ,20200508,2125.2433
2020-05-11,399006.SZ,20200511,2102.8251
2020-05-12,399006.SZ,20200512,2124.15
2020-05-13,399006.SZ,20200513,2140.6809
2020-05-14,399006.SZ,20200514,2117.6473
2020-05-15,399006.SZ,20200515,2124.3107
2020-05-18,399006.SZ,20200518,2114.8582
2020-05-19,399006.SZ,20200519,2144.1207
2020-05-20,399006.SZ,20200520,2118.1192
2020-05-21,399006.SZ,20200521,2099.4317
2020-05-22,399006.SZ,20200522,2046.5956
2020-05-25,399006.SZ,20200525,2052.3022
2020-05-26,399006.SZ,20200526,2112.9733
2020-05-27,399006.SZ,20200527,2071.4735
2020-05-28,399006.SZ,20200528,2054.964
2020-05-29,399006.SZ,20200529,2086.6658
2020-06-01,399006.SZ,20200601,2158.2231
2020-06-02,399006.SZ,20200602,2145.2857
2020-06-03,399006.SZ,20200603,2143.1169
2020-06-04,399006.SZ,20200604,2151.3849
2020-06-05,399006.SZ,20200605,2166.3751
2020-06-08,399006.SZ,20200608,2153.5642
2020-06-09,399006.SZ,20200609,2181.5887
2020-06-10,399006.SZ,20200610,2201.9882
2020-06-11,399006.SZ,20200611,2195.6376
2020-06-12,399006.SZ,20200612,2206.7641
2020-06-15,399006.SZ,20200615,2219.5495
2020-06-16,399006.SZ,20200616,2260.4575
2020-06-17,399006.SZ,20200617,2263.9606
2020-06-18,399006.SZ,20200618,2266.0319
2020-06-19,399006.SZ,20200619,2319.4494
2020-06-22,399006.SZ,20200622,2342.8804
2020-06-23,399006.SZ,20200623,2382.0473
2020-06-24,399006.SZ,20200624,2382.4734
2020-06-29,399006.SZ,20200629,2372.5363
2020-06-30,399006.SZ,20200630,2438.1967
2020-07-01,399006.SZ,20200701,2419.6294
2020-07-02,399006.SZ,20200702,2424.3934
2020-07-03,399006.SZ,20200703,2462.5624
2020-07-06,399006.SZ,20200706,2529.487
2020-07-07,399006.SZ,20200707,2591.2634
2020-07-08,399006.SZ,20200708,2651.9694
2020-07-09,399006.SZ,20200709,2757.6534
2020-07-10,399006.SZ,20200710,2778.4567
2020-07-13,399006.SZ,20200713,2889.4265
2020-07-14,399006.SZ,20200714,2858.6719
2020-07-15,399006.SZ,20200715,2813.0607
2020-07-16,399006.SZ,20200716,2646.2604
2020-07-17,399006.SZ,20200717,2662.4024
2020-07-20,399006.SZ,20200720,2697.3006
2020-07-21,399006.SZ,20200721,2736.5118
2020-07-22,399006.SZ,20200722,2769.028
2020-07-23,399006.SZ,20200723,2799.6735
2020-07-24,399006.SZ,20200724,2627.8426
2020-07-27,399006.SZ,20200727,2631.7619
2020-07-28,399006.SZ,20200728,2666.5213
2020-07-29,399006.SZ,20200729,2767.4018
2020-07-30,399006.SZ,20200730,2743.6336
2020-07-31,399006.SZ,20200731,2795.3998
2020-08-03,399006.SZ,20200803,2868.8821
2020-08-04,399006.SZ,20200804,2832.8447
2020-08-05,399006.SZ,20200805,2860.2415
2020-08-06,399006.SZ,20200806,2814.3737
2020-08-07,399006.SZ,20200807,2749.9533
2020-08-10,399006.SZ,20200810,2735.2561
2020-08-11,399006.SZ,20200811,2688.7004
2020-08-12,399006.SZ,20200812,2635.5022
2020-08-13,399006.SZ,20200813,2622.6405
2020-08-14,399006.SZ,20200814,2668.7124
2020-08-17,399006.SZ,20200817,2696.3924
2020-08-18,399006.SZ,20200818,2701.0606
2020-08-19,399006.SZ,20200819,2612.8354
2020-08-20,399006.SZ,20200820,2587.8614
2020-08-21,399006.SZ,20200821,2632.452
2020-08-24,399006.SZ,20200824,2684.6293
2020-08-25,399006.SZ,20200825,2701.6042
2020-08-26,399006.SZ,20200826,2644.144
2020-08-27,399006.SZ,20200827,2689.1705
2020-08-28,399006.SZ,20200828,2757.8387
2020-08-31,399006.SZ,20200831,2728.3134
2020-09-01,399006.SZ,20200901,2750.4235
2020-09-02,399006.SZ,20200902,2771.8503
2020-09-03,399006.SZ,20200903,2746.9528
2020-09-04,399006.SZ,20200904,2732.1546
2020-09-07,399006.SZ,20200907,2641.2016
2020-09-08,399006.SZ,20200908,2650.629
2020-09-09,399006.SZ,20200909,2523.3957
2020-09-10,399006.SZ,20200910,2483.0316
2020-09-11,399006.SZ,20200911,2536.6181
2020-09-14,399006.SZ,20200914,2572.6012
2020-09-15,399006.SZ,20200915,2595.1539
2020-09-16,399006.SZ,20200916,2554.7996
2020-09-17,399006.SZ,20200917,2557.3211
2020-09-18,399006.SZ,20200918,2596.0818
2020-09-21,399006.SZ,20200921,2569.2194
2020-09-22,399006.SZ,20200922,2555.5441
2020-09-23,399006.SZ,20200923,2599.8846
2020-09-24,399006.SZ,20200924,2535.8685
2020-09-25,399006.SZ,20200925,2540.4261
2020-09-28,399006.SZ,20200928,2521.246
2020-09-29,399006.SZ,20200929,2563.3794
2020-09-30,399006.SZ,20200930,2574.7583
2020-10-09,399006.SZ,20201009,2672.9344
2020-10-12,399006.SZ,20201012,2777.388
2020-10-13,399006.SZ,20201013,2784.7166
2020-10-14,399006.SZ,20201014,2764.2438
2020-10-15,399006.SZ,20201015,2737.9628
2020-10-16,399006.SZ,20201016,2724.4966
2020-10-19,399006.SZ,20201019,2689.669
2020-10-20,399006.SZ,20201020,2740.583
2020-10-21,399006.SZ,20201021,2700.5327
2020-10-22,399006.SZ,20201022,2673.585
2020-10-23,399006.SZ,20201023,2600.8426
2020-10-26,399006.SZ,20201026,2617.7427
2020-10-27,399006.SZ,20201027,2650.7637
2020-10-28,399006.SZ,20201028,2670.4815
2020-10-29,399006.SZ,20201029,2699.9229
2020-10-30,399006.SZ,20201030,2655.8646
2020-11-02,399006.SZ,20201102,2708.3878
2020-11-03,399006.SZ,20201103,2744.3137
2020-11-04,399006.SZ,20201104,2750.5536
2020-11-05,399006.SZ,20201105,2787.878
2020-11-06,399006.SZ,20201106,2733.0715
2020-11-09,399006.SZ,20201109,2813.9978
2020-11-10,399006.SZ,20201110,2773.2176
2020-11-11,399006.SZ,20201111,2681.5244
2020-11-12,399006.SZ,20201112,2700.5098
2020-11-13,399006.SZ,20201113,2706.8134
2020-11-16,399006.SZ,20201116,2712.4087
2020-11-17,399006.SZ,20201117,2658.0921
2020-11-18,399006.SZ,20201118,2620.6722
2020-11-19,399006.SZ,20201119,2645.161
2020-11-20,399006.SZ,20201120,2667.0925
2020-11-23,399006.SZ,20201123,2686.3577
2020-11-24,399006.SZ,20201124,2674.7983
2020-11-25,399006.SZ,20201125,2615.5311
2020-11-26,399006.SZ,20201126,2609.3862
2020-11-27,399006.SZ,20201127,2618.9908
