,ts_code,trade_date,open,high,low,close,pre_close,change,pct_chg,vol,amount
0,300059.SZ,20200618,16.42,17.17,16.36,16.95,16.42,0.5299999999999976,3.2278,3413247.69,5742169.925
1,300059.SZ,20200617,16.49,16.55,16.17,16.42,16.5,-0.0799999999999983,-0.4848,2165594.94,3542020.967
2,300059.SZ,20200616,16.48,16.75,16.26,16.5,16.23,0.2699999999999996,1.6636,2958862.74,4879896.544
3,300059.SZ,20200615,16.28,16.96,16.12,16.23,16.13,0.10000000000000142,0.62,4696224.97,7742734.53
4,300059.SZ,20200612,15.45,16.28,15.35,16.13,15.81,0.3199999999999985,2.024,3955942.68,6315334.944
5,300059.SZ,20200611,15.71,16.44,15.67,15.81,15.81,0.0,0.0,3784164.6,6048587.049
6,300059.SZ,20200610,15.67,15.85,15.56,15.81,15.72,0.08999999999999986,0.5725,2002835.75,3147993.616
7,300059.SZ,20200609,15.2,16.12,15.19,15.72,15.16,0.5600000000000005,3.6939,3995624.23,6282682.193
8,300059.SZ,20200608,15.36,15.44,15.13,15.16,15.37,-0.20999999999999908,-1.3663,1604705.48,2452199.137
9,300059.SZ,20200605,15.3,15.4,15.01,15.37,15.25,0.11999999999999922,0.7869,2128775.93,3238126.777
10,300059.SZ,20200604,15.39,15.48,15.2,15.25,15.25,0.0,0.0,1545104.15,2364748.069
11,300059.SZ,20200603,15.48,15.65,15.18,15.25,15.35,-0.09999999999999964,-0.6515,2574609.13,3971931.11
12,300059.SZ,20200602,15.3,15.53,15.17,15.35,15.44,-0.08999999999999986,-0.5829,2348540.05,3598618.573
13,300059.SZ,20200601,14.7,15.6,14.7,15.44,14.25,1.1899999999999995,8.3509,4051408.85,6119991.813
14,300059.SZ,20200529,14.25,14.37,14.16,14.25,14.4,-0.15000000000000036,-1.0417,1241350.82,1767998.026
15,300059.SZ,20200528,14.27,14.64,14.18,14.4,14.23,0.16999999999999993,1.1947,1929887.2,2778933.004
16,300059.SZ,20200527,14.39,14.39,14.12,14.23,14.41,-0.17999999999999972,-1.2491,1098265.27,1563106.411
17,300059.SZ,20200526,14.22,14.49,14.21,14.41,14.13,0.27999999999999936,1.9816,1491861.29,2141513.043
18,300059.SZ,20200525,14.2,14.28,14.04,14.13,14.19,-0.05999999999999872,-0.4228,1110197.81,1571025.176
19,300059.SZ,20200522,14.65,14.71,14.16,14.19,14.68,-0.4900000000000002,-3.3379,1736694.08,2500179.533
20,300059.SZ,20200521,15.03,15.06,14.61,14.68,14.93,-0.25,-1.6745,1533814.58,2271074.709
21,300059.SZ,20200520,15.1379,15.1795,14.8551,14.9299,15.1878,-0.25789999999999935,-1.6981,1258916.34,2274510.667
22,300059.SZ,20200519,15.2377,15.3791,15.1628,15.1878,14.9965,0.19130000000000003,1.2756,1591315.74,2915452.346
23,300059.SZ,20200518,14.8884,15.2044,14.7386,14.9965,14.8967,0.09980000000000011,0.6699,1614240.61,2915712.872
24,300059.SZ,20200515,15.0048,15.0963,14.8884,14.8967,14.88,0.016699999999998383,0.1122,1086825.21,1958549.511
25,300059.SZ,20200514,15.0713,15.1379,14.8717,14.88,15.1795,-0.2995000000000001,-1.9731,1255429.24,2263708.755
26,300059.SZ,20200513,15.063,15.2543,15.0048,15.1795,15.1379,0.04160000000000075,0.2748,1174428.02,2138373.096
27,300059.SZ,20200512,15.2044,15.2959,14.9133,15.1379,15.1795,-0.04160000000000075,-0.2741,1288660.74,2339150.978
28,300059.SZ,20200511,15.2626,15.4706,15.0464,15.1795,15.3042,-0.12469999999999892,-0.8148,1868458.53,3427094.189
29,300059.SZ,20200508,15.246,15.6619,15.1545,15.3042,15.088,0.21620000000000061,1.4329,2647392.1,4890339.31
30,300059.SZ,20200507,15.2377,15.3625,15.0131,15.088,15.3209,-0.23290000000000077,-1.5201,1712023.99,3122081.566
31,300059.SZ,20200506,14.9299,15.3375,14.8717,15.3209,15.1712,0.14969999999999928,0.9867,2499949.13,4534067.144
32,300059.SZ,20200430,14.6887,15.2211,14.6222,15.1712,14.539,0.632200000000001,4.3483,2906978.11,5250878.321
33,300059.SZ,20200429,14.2562,14.7054,14.223,14.539,14.3311,0.20790000000000042,1.4507,1953266.12,3413478.428
34,300059.SZ,20200428,14.1315,14.5557,14.015,14.3311,13.8986,0.4324999999999992,3.1118,2740119.57,4713579.808
35,300059.SZ,20200427,14.04,14.1814,13.8736,13.8986,13.9901,-0.09149999999999991,-0.654,1356462.55,2290364.85
36,300059.SZ,20200424,14.2562,14.3644,13.9318,13.9901,14.2562,-0.2660999999999998,-1.8666,1581927.01,2684621.242
37,300059.SZ,20200423,14.4891,14.5058,14.2396,14.2562,14.4891,-0.23290000000000077,-1.6074,1271065.47,2190554.519
38,300059.SZ,20200422,14.3061,14.5557,14.2812,14.4891,14.4558,0.03330000000000055,0.2304,1557752.04,2700923.84
39,300059.SZ,20200421,14.6056,14.6139,14.223,14.4558,14.722,-0.26619999999999955,-1.8082,1880075.24,3258513.995
40,300059.SZ,20200420,14.6804,14.9299,14.5972,14.722,14.6721,0.04989999999999917,0.3401,1685547.2,2990002.926
41,300059.SZ,20200417,14.7886,14.9882,14.6388,14.6721,14.6139,0.05820000000000114,0.3983,2678493.49,4769324.709
42,300059.SZ,20200416,14.3477,14.7636,14.3145,14.6139,14.4059,0.2079999999999984,1.4439,2068866.23,3629400.538
43,300059.SZ,20200415,14.7636,14.8967,14.381,14.4059,14.8884,-0.48249999999999993,-3.2408,2427732.71,4274958.916
44,300059.SZ,20200414,14.6887,15.1213,14.539,14.8884,14.7054,0.1830000000000016,1.2444,3068789.97,5457118.047
45,300059.SZ,20200413,14.1398,14.7054,14.0649,14.7054,14.2479,0.4574999999999996,3.211,2364836.87,4094262.647
46,300059.SZ,20200410,14.8052,14.8052,14.1814,14.2479,14.5141,-0.26619999999999955,-1.8341,3044293.54,5292963.193
47,300059.SZ,20200409,14.2396,14.8135,14.2396,14.5141,13.9235,0.5905999999999985,4.2417,3490226.75,6103970.73
48,300059.SZ,20200408,13.8154,14.0233,13.8071,13.9235,13.9485,-0.02499999999999858,-0.1792,1371524.96,2291813.697
49,300059.SZ,20200407,13.8404,14.0566,13.7821,13.9485,13.4993,0.4491999999999994,3.3276,2360240.42,3948685.284
50,300059.SZ,20200403,13.6823,13.7239,13.4577,13.4993,13.8237,-0.3244000000000007,-2.3467,1552486.8,2534718.402
51,300059.SZ,20200402,13.3746,13.8404,13.3663,13.8237,13.3663,0.4573999999999998,3.422,1934676.85,3159733.312
52,300059.SZ,20200401,13.2748,13.6407,13.2249,13.3663,13.3496,0.01670000000000016,0.1251,1582557.5,2563599.693
53,300059.SZ,20200331,13.7655,13.7655,13.333,13.3496,13.5908,-0.2411999999999992,-1.7747,1609576.28,2621101.704
54,300059.SZ,20200330,13.4744,13.7322,13.3247,13.5908,13.8404,-0.24960000000000093,-1.8034,1800253.48,2920875.93
55,300059.SZ,20200327,13.9984,14.223,13.7988,13.8404,13.7988,0.04160000000000075,0.3015,2074625.93,3488334.615
56,300059.SZ,20200326,13.8903,14.0732,13.7655,13.7988,14.04,-0.2411999999999992,-1.7179,1668375.4,2790150.941
57,300059.SZ,20200325,14.1398,14.3394,13.9318,14.04,13.8736,0.16639999999999944,1.1994,3164923.96,5377731.428
58,300059.SZ,20200324,13.6657,13.9235,13.2581,13.8736,13.333,0.5405999999999995,4.0546,2758468.71,4526702.289
59,300059.SZ,20200323,13.5492,13.7655,13.308,13.333,14.04,-0.706999999999999,-5.0356,2287452.4,3720037.499
60,300059.SZ,20200320,14.0566,14.1398,13.674,14.04,13.9152,0.12479999999999869,0.8969,2503253.89,4196414.62
61,300059.SZ,20200319,13.6075,14.0899,13.3579,13.9152,13.4411,0.47409999999999997,3.5272,3483066.81,5747426.163
62,300059.SZ,20200318,14.0566,14.3394,13.3912,13.4411,13.9568,-0.5156999999999989,-3.695,3289019.23,5522108.89
63,300059.SZ,20200317,14.1398,14.2479,13.4993,13.9568,13.699,0.2577999999999996,1.8819,3210659.22,5380984.258
64,300059.SZ,20200316,14.722,14.905,13.5659,13.699,14.9133,-1.2142999999999997,-8.1424,4252991.12,7273535.782
65,300059.SZ,20200313,14.3727,15.2211,14.2895,14.9133,15.063,-0.14970000000000105,-0.9938,4015042.03,7097581.27
66,300059.SZ,20200312,14.9299,15.271,14.7886,15.063,15.1129,-0.04989999999999917,-0.3302,2833130.96,5115009.489
67,300059.SZ,20200311,15.6868,15.7451,15.0131,15.1129,15.8033,-0.6904000000000003,-4.3687,3274860.01,6057177.933
68,300059.SZ,20200310,15.2211,15.9696,14.8218,15.8033,14.9632,0.8400999999999996,5.6144,4383228.92,8114760.202
69,300059.SZ,20200309,15.3791,15.7367,14.6721,14.9632,15.9447,-0.9814999999999987,-6.1557,4763155.99,8689648.737
70,300059.SZ,20200306,16.3023,16.4936,15.9364,15.9447,16.7764,-0.8316999999999997,-4.9576,3577782.52,6953359.99
71,300059.SZ,20200305,16.1942,17.2006,15.7534,16.7764,16.0694,0.7069999999999972,4.3997,6029906.34,11924762.912
72,300059.SZ,20200304,15.3292,16.0694,15.1296,16.0694,15.3458,0.7236000000000011,4.7153,4199614.79,7863390.431
73,300059.SZ,20200303,15.5538,16.0944,15.1379,15.3458,15.1213,0.2245000000000008,1.4847,4298307.05,8048507.664
74,300059.SZ,20200302,14.7969,15.4373,14.5307,15.1213,14.4309,0.6904000000000003,4.7842,4604522.7,8301295.913
75,300059.SZ,20200228,15.1379,15.4124,14.2063,14.4309,15.7867,-1.3558000000000003,-8.5882,5711879.4,10227920.731
76,300059.SZ,20200227,15.77,16.1942,15.4124,15.7867,15.5787,0.20800000000000018,1.3352,4134497.87,7870104.398
77,300059.SZ,20200226,16.2192,16.8014,15.4623,15.5787,16.5935,-1.0147999999999993,-6.1156,5873584.32,11393493.258
78,300059.SZ,20200225,15.1961,16.7598,14.8052,16.5935,15.5205,1.0729999999999986,6.9134,6379795.66,12030162.084
79,300059.SZ,20200224,15.1545,15.9364,15.0298,15.5205,15.3874,0.13310000000000066,0.865,5275289.61,9823524.651
80,300059.SZ,20200221,15.1878,15.8532,14.8967,15.3874,14.4226,0.9648000000000003,6.6895,7966523.26,14695740.956
81,300059.SZ,20200220,13.1999,14.4226,13.1001,14.4226,13.1084,1.3141999999999996,10.0256,4794105.45,7938634.975
82,300059.SZ,20200219,13.0585,13.4661,13.0169,13.1084,13.0918,0.016600000000000392,0.1268,2839203.78,4526412.99
83,300059.SZ,20200218,13.1583,13.308,12.9587,13.0918,13.2332,-0.14140000000000086,-1.0685,2520140.55,3974813.872
84,300059.SZ,20200217,13.1417,13.333,12.9254,13.2332,12.7258,0.5074000000000005,3.9872,4114007.18,6499285.959
85,300059.SZ,20200214,12.2268,13.1916,12.1685,12.7258,12.1768,0.5489999999999995,4.5086,4275733.66,6545694.481
86,300059.SZ,20200213,12.3931,12.5262,12.1353,12.1768,12.468,-0.2911999999999999,-2.3356,1793530.29,2649260.301
87,300059.SZ,20200212,12.0271,12.5428,12.0271,12.468,12.1103,0.35769999999999946,2.9537,2315963.28,3431309.03
88,300059.SZ,20200211,12.3349,12.4181,12.102,12.1103,12.2268,-0.11650000000000027,-0.9528,1465764.48,2156235.443
89,300059.SZ,20200210,12.1103,12.3931,12.0355,12.2268,12.1602,0.0666000000000011,0.5477,1752240.31,2572921.904
90,300059.SZ,20200207,12.0188,12.2351,11.9689,12.1602,12.1602,0.0,0.0,2267481.98,3299786.285
91,300059.SZ,20200206,11.4782,12.285,11.4033,12.1602,11.5281,0.6320999999999994,5.4831,3604743.24,5148374.956
92,300059.SZ,20200205,11.3534,11.8109,11.237,11.5281,11.2702,0.25789999999999935,2.2883,2510474.46,3475782.335
93,300059.SZ,20200204,10.8128,11.4532,10.8128,11.2702,11.2869,-0.016699999999998383,-0.148,3163301.18,4256429.712
94,300059.SZ,20200203,11.2869,11.2869,11.2869,11.2869,12.5428,-1.2559000000000005,-10.0129,361203.0,490152.471
95,300059.SZ,20200123,12.9753,13.1167,12.3931,12.5428,13.1999,-0.6570999999999998,-4.9781,2444972.37,3750783.739
96,300059.SZ,20200122,12.8922,13.2664,12.7674,13.1999,12.9753,0.2245999999999988,1.731,1888975.52,2961876.532
97,300059.SZ,20200121,13.2415,13.2664,12.9171,12.9753,13.333,-0.35769999999999946,-2.6828,1722311.07,2711396.219
98,300059.SZ,20200120,13.0918,13.3496,13.0918,13.333,13.1001,0.23290000000000077,1.7778,1492426.51,2379620.288
99,300059.SZ,20200117,13.1334,13.308,13.0751,13.1001,13.0585,0.04159999999999897,0.3186,1135910.48,1799277.904
100,300059.SZ,20200116,13.1417,13.1666,13.0419,13.0585,13.1001,-0.04159999999999897,-0.3176,931874.54,1466140.782
101,300059.SZ,20200115,13.1583,13.2748,13.0585,13.1001,13.1999,-0.09980000000000011,-0.7561,1227334.48,1938272.856
102,300059.SZ,20200114,13.491,13.5576,13.175,13.1999,13.4661,-0.2662000000000013,-1.9768,1617495.17,2600530.007
103,300059.SZ,20200113,13.1666,13.4661,13.0419,13.4661,13.3995,0.0666000000000011,0.497,2204026.27,3504645.958
104,300059.SZ,20200110,13.5576,13.6075,13.3247,13.3995,13.3163,0.08319999999999972,0.6248,2581244.64,4181775.118
105,300059.SZ,20200109,13.2165,13.3912,13.1916,13.3163,12.9254,0.39090000000000025,3.0243,2065533.55,3297195.484
106,300059.SZ,20200108,13.2997,13.2997,12.9171,12.9254,13.4245,-0.4991000000000003,-3.7178,2092825.73,3301142.862
107,300059.SZ,20200107,13.4328,13.516,13.1916,13.4245,13.4328,-0.008300000000000196,-0.0618,2020087.49,3244565.956
108,300059.SZ,20200106,13.1916,13.6823,13.1666,13.4328,13.308,0.12480000000000047,0.9378,2689109.57,4335189.595
109,300059.SZ,20200103,13.2165,13.4411,13.1666,13.308,13.2249,0.08309999999999995,0.6284,1892723.68,3024522.223
110,300059.SZ,20200102,13.3912,13.4577,13.1666,13.2249,13.1167,0.10820000000000007,0.8249,3016043.94,4838053.459
111,300059.SZ,20191231,13.0585,13.1999,12.992,13.1167,13.1334,-0.01670000000000016,-0.1272,2081343.08,3279001.089
112,300059.SZ,20191230,12.4347,13.3579,12.3931,13.1334,12.5262,0.6072000000000006,4.8474,3669271.04,5729767.549
113,300059.SZ,20191227,12.9005,13.0086,12.4846,12.5262,12.8838,-0.3576000000000015,-2.7756,2420216.67,3726181.404
114,300059.SZ,20191226,12.6509,12.9088,12.601,12.8838,12.6343,0.24950000000000117,1.9748,1639551.92,2509240.485
115,300059.SZ,20191225,12.601,12.8007,12.5179,12.6343,12.6343,0.0,0.0,1332583.52,2026647.534
116,300059.SZ,20191224,12.5179,12.6426,12.4846,12.6343,12.443,0.19130000000000003,1.5374,1162351.26,1755188.49
117,300059.SZ,20191223,12.7341,12.8755,12.443,12.443,12.7341,-0.29110000000000014,-2.286,1882512.73,2870539.219
118,300059.SZ,20191220,12.9587,13.1001,12.7258,12.7341,12.8838,-0.14970000000000105,-1.1619,2310112.85,3592329.536
119,300059.SZ,20191219,13.0003,13.0751,12.7757,12.8838,13.0003,-0.1164999999999985,-0.8961,1996599.54,3097295.686
120,300059.SZ,20191218,13.0336,13.2664,12.9753,13.0003,13.0835,-0.0832000000000015,-0.6359,2822484.71,4449069.743
121,300059.SZ,20191217,12.8339,13.5409,12.7341,13.0835,12.809,0.2745000000000015,2.143,4328141.31,6836972.125
122,300059.SZ,20191216,12.601,12.9753,12.5012,12.809,12.626,0.18299999999999983,1.4494,3461963.64,5299371.089
123,300059.SZ,20191213,12.0604,12.8423,12.0271,12.626,11.8525,0.7735000000000003,6.526,4791536.56,7148070.042
124,300059.SZ,20191212,11.8441,11.9855,11.8275,11.8525,11.8525,0.0,0.0,1108809.88,1584932.447
125,300059.SZ,20191211,11.8941,12.0105,11.8192,11.8525,11.8941,-0.04160000000000075,-0.3498,1328840.16,1902210.491
126,300059.SZ,20191210,11.761,11.919,11.7194,11.8941,11.8109,0.08319999999999972,0.7044,1136510.0,1612961.998
127,300059.SZ,20191209,11.9689,11.9689,11.7776,11.8109,11.9107,-0.09980000000000011,-0.8379,994987.45,1418443.092
128,300059.SZ,20191206,11.8525,11.9689,11.8026,11.9107,11.8941,0.016600000000000392,0.1396,1179793.09,1683303.682
129,300059.SZ,20191205,11.6861,11.944,11.6695,11.8941,11.6279,0.26619999999999955,2.2893,2052589.33,2914481.439
130,300059.SZ,20191204,11.5697,11.6279,11.5281,11.6279,11.6612,-0.033299999999998775,-0.2856,782858.8,1089612.95
131,300059.SZ,20191203,11.4782,11.6778,11.4366,11.6612,11.5697,0.09149999999999991,0.7909,882617.38,1225110.077
132,300059.SZ,20191202,11.6695,11.761,11.5364,11.5697,11.5198,0.04989999999999917,0.4332,1119708.82,1567688.754
133,300059.SZ,20191129,11.4283,11.6279,11.3784,11.5198,11.4449,0.07489999999999952,0.6544,901129.92,1247150.03
134,300059.SZ,20191128,11.4033,11.4865,11.37,11.4449,11.4116,0.03330000000000055,0.2918,591374.38,812178.606
135,300059.SZ,20191127,11.4948,11.5281,11.3867,11.4116,11.553,-0.14140000000000086,-1.2239,802096.48,1103197.701
136,300059.SZ,20191126,11.6362,11.6612,11.4865,11.553,11.5946,-0.04159999999999897,-0.3588,754024.76,1047450.794
137,300059.SZ,20191125,11.6113,11.6445,11.4449,11.5946,11.6612,-0.06659999999999933,-0.5711,1006295.3,1397593.31
138,300059.SZ,20191122,11.7527,11.9273,11.6279,11.6612,11.761,-0.09980000000000011,-0.8486,1071836.86,1512683.855
139,300059.SZ,20191121,11.6445,11.8275,11.6113,11.761,11.7194,0.04159999999999897,0.355,660782.56,931787.539
140,300059.SZ,20191120,11.9606,12.0105,11.6861,11.7194,12.0105,-0.29110000000000014,-2.4237,1116771.7,1590981.148
141,300059.SZ,20191119,11.7443,12.0188,11.7028,12.0105,11.7527,0.2577999999999996,2.1935,1281809.02,1835680.951
142,300059.SZ,20191118,11.6113,11.8026,11.5697,11.7527,11.6029,0.14980000000000082,1.2911,1023284.35,1442754.762
143,300059.SZ,20191115,12.0105,12.0521,11.5863,11.6029,12.0188,-0.4159000000000006,-3.4604,1580666.46,2249075.532
144,300059.SZ,20191114,12.0105,12.0937,11.8691,12.0188,11.9939,0.02490000000000059,0.2076,1003740.36,1447754.994
145,300059.SZ,20191113,12.0105,12.0604,11.9107,11.9939,12.0854,-0.09149999999999991,-0.7571,824933.89,1189049.225
146,300059.SZ,20191112,12.1103,12.1685,11.8857,12.0854,12.1436,-0.05819999999999936,-0.4793,1291771.23,1865431.159
147,300059.SZ,20191111,12.3931,12.4264,12.0854,12.1436,12.5345,-0.39090000000000025,-3.1186,1512853.89,2230711.567
148,300059.SZ,20191108,12.7175,12.7923,12.5179,12.5345,12.5927,-0.05820000000000114,-0.4622,1337141.78,2038115.106
149,300059.SZ,20191107,12.468,12.6759,12.443,12.5927,12.5345,0.05820000000000114,0.4643,908264.04,1371897.001
150,300059.SZ,20191106,12.7258,12.7591,12.4596,12.5345,12.7757,-0.24120000000000097,-1.888,1325923.58,2012746.484
151,300059.SZ,20191105,12.6426,12.9587,12.6177,12.7757,12.6426,0.13310000000000066,1.0528,1959538.16,3017317.578
152,300059.SZ,20191104,12.6593,12.8173,12.5595,12.6426,12.6094,0.03319999999999901,0.2633,1323014.85,2018698.796
153,300059.SZ,20191101,12.3515,12.6676,12.3182,12.6094,12.4097,0.1997,1.6092,1362313.54,2054975.118
154,300059.SZ,20191031,12.5095,12.5844,12.3682,12.4097,12.468,-0.05829999999999913,-0.4676,1002408.97,1502317.489
155,300059.SZ,20191030,12.5595,12.6842,12.443,12.468,12.626,-0.15799999999999947,-1.2514,1315206.75,1982301.755
156,300059.SZ,20191029,13.0419,13.0502,12.6094,12.626,13.1999,-0.5739000000000001,-4.3478,2319122.28,3583114.533
157,300059.SZ,20191028,12.9254,13.3579,12.6676,13.1999,12.5428,0.6570999999999998,5.2389,3792743.14,5936356.1
158,300059.SZ,20191025,12.3182,12.5761,12.1685,12.5428,12.3515,0.19130000000000003,1.5488,1577590.85,2352409.441
159,300059.SZ,20191024,12.2933,12.5012,12.2517,12.3515,12.285,0.06649999999999956,0.5413,1081930.36,1609158.448
160,300059.SZ,20191023,12.468,12.5262,12.2434,12.285,12.443,-0.15799999999999947,-1.2698,1087518.87,1621738.01
161,300059.SZ,20191022,12.3099,12.443,12.2683,12.443,12.285,0.15799999999999947,1.2861,1032414.68,1532471.419
162,300059.SZ,20191021,12.3598,12.3765,12.1269,12.285,12.3266,-0.04159999999999897,-0.3375,1158871.79,1704476.068
163,300059.SZ,20191018,12.7591,12.809,12.3099,12.3266,12.7092,-0.38260000000000005,-3.0104,1633335.03,2459856.233
164,300059.SZ,20191017,12.7674,12.9254,12.6509,12.7092,12.809,-0.09980000000000011,-0.7791,1063165.14,1630198.443
165,300059.SZ,20191016,12.9753,13.1167,12.7923,12.809,12.9254,-0.1164000000000005,-0.9006,1455130.42,2264249.198
166,300059.SZ,20191015,12.9587,13.125,12.7674,12.9254,12.8755,0.04989999999999917,0.3876,1865145.3,2900669.69
167,300059.SZ,20191014,12.9005,13.1999,12.7674,12.8755,12.7341,0.14140000000000086,1.1104,2549924.06,3981297.388
168,300059.SZ,20191011,12.5511,12.9088,12.3848,12.7341,12.5262,0.20790000000000042,1.6597,2328024.67,3553281.888
169,300059.SZ,20191010,12.3931,12.5511,12.3266,12.5262,12.4097,0.1164999999999985,0.9388,1456900.08,2183635.374
170,300059.SZ,20191009,12.1519,12.4097,12.0687,12.4097,12.285,0.1247000000000007,1.0151,1147243.07,1691700.899
171,300059.SZ,20191008,12.3432,12.4264,12.2018,12.285,12.2933,-0.008300000000000196,-0.0675,1146029.66,1697776.858
172,300059.SZ,20190930,12.626,12.6842,12.2517,12.2933,12.6593,-0.36599999999999966,-2.8912,1157330.38,1737727.699
173,300059.SZ,20190927,12.5428,12.6842,12.4846,12.6593,12.4846,0.17469999999999963,1.3993,1199574.82,1814982.827
174,300059.SZ,20190926,12.8506,12.9171,12.4181,12.4846,12.7923,-0.30769999999999875,-2.4054,2171737.48,3310566.765
175,300059.SZ,20190925,12.7674,12.9421,12.6842,12.7923,12.8838,-0.09150000000000169,-0.7102,1619706.45,2494922.163
176,300059.SZ,20190924,12.8672,13.1334,12.7674,12.8838,12.8256,0.05820000000000114,0.4538,1985794.82,3089161.656
177,300059.SZ,20190923,12.8922,12.9088,12.6925,12.8256,13.0086,-0.18299999999999983,-1.4068,1622944.04,2492850.636
178,300059.SZ,20190920,13.0751,13.1167,12.8922,13.0086,13.1666,-0.15800000000000125,-1.2,1567949.0,2452048.744
179,300059.SZ,20190919,13.0502,13.1666,12.8922,13.1666,12.9587,0.20790000000000042,1.6043,1766233.07,2769067.972
180,300059.SZ,20190918,13.1334,13.1417,12.8423,12.9587,13.0585,-0.09980000000000011,-0.7643,1530522.04,2389015.051
181,300059.SZ,20190917,13.4661,13.4993,12.9587,13.0585,13.5326,-0.47409999999999997,-3.5034,2504201.66,3972514.238
182,300059.SZ,20190916,13.8071,13.8237,13.4328,13.5326,13.7655,-0.232899999999999,-1.6919,1894401.31,3101323.315
183,300059.SZ,20190912,13.7489,13.832,13.4411,13.7655,13.6574,0.10809999999999853,0.7915,2197804.75,3614808.208
184,300059.SZ,20190911,13.8154,13.9318,13.5908,13.6574,13.674,-0.016599999999998616,-0.1214,2643599.68,4372293.852
185,300059.SZ,20190910,13.6407,14.0067,13.4245,13.674,13.7239,-0.049900000000000944,-0.3636,3009519.67,4939024.112
186,300059.SZ,20190909,13.857,13.8903,13.5576,13.7239,13.5576,0.16629999999999967,1.2266,3444357.8,5679392.033
187,300059.SZ,20190906,13.5908,13.6407,13.2831,13.5576,13.3496,0.20800000000000018,1.5581,2942466.68,4767391.188
188,300059.SZ,20190905,13.2748,14.1231,13.2748,13.3496,12.8922,0.4573999999999998,3.5479,5517431.52,9022195.89
189,300059.SZ,20190904,12.4347,13.0751,12.3931,12.8922,12.4596,0.43260000000000076,3.472,3578265.56,5488203.576
190,300059.SZ,20190903,12.4846,12.5262,12.3182,12.4596,12.4929,-0.03330000000000055,-0.2666,1958068.45,2923105.126
191,300059.SZ,20190902,12.0271,12.6509,12.0188,12.4929,12.0355,0.4573999999999998,3.8004,3004519.43,4474308.719
192,300059.SZ,20190830,12.2683,12.3931,11.8608,12.0355,12.0937,-0.05819999999999936,-0.4812,1835738.94,2682585.285
193,300059.SZ,20190829,12.2268,12.3182,12.0687,12.0937,12.1852,-0.09149999999999991,-0.7509,1254028.67,1836413.882
194,300059.SZ,20190828,12.2767,12.3515,12.1436,12.1852,12.3765,-0.19130000000000003,-1.5457,1557652.6,2287349.031
195,300059.SZ,20190827,12.1353,12.6842,12.0854,12.3765,12.0355,0.3409999999999993,2.8333,3042289.9,4532002.942
196,300059.SZ,20190826,11.9772,12.1852,11.9356,12.0355,12.2767,-0.2411999999999992,-1.9647,2126199.91,3078738.008
197,300059.SZ,20190823,12.4097,12.7258,12.26,12.2767,12.3765,-0.09980000000000011,-0.8064,2287615.73,3428280.003
198,300059.SZ,20190822,12.3432,12.4264,12.2434,12.3765,12.3016,0.07489999999999952,0.6089,1598809.92,2371697.793
199,300059.SZ,20190821,12.3349,12.4347,12.2767,12.3016,12.3598,-0.05819999999999936,-0.4709,1848749.87,2744645.593
200,300059.SZ,20190820,12.8173,12.8173,12.3016,12.3598,12.6426,-0.28279999999999994,-2.2369,3614270.11,5447751.55
201,300059.SZ,20190819,11.6861,12.6426,11.6196,12.6426,11.4948,1.1478000000000002,9.9854,4837679.28,7089786.139
202,300059.SZ,20190816,11.2869,11.7194,11.2869,11.4948,11.3534,0.14139999999999908,1.2454,2566389.75,3556981.552
203,300059.SZ,20190815,10.9375,11.3784,10.8793,11.3534,11.212,0.14140000000000086,1.2611,1681878.76,2255423.135
204,300059.SZ,20190814,11.4283,11.4615,11.1954,11.212,11.1787,0.03330000000000055,0.2979,1555067.02,2115957.459
205,300059.SZ,20190813,11.1954,11.237,11.1205,11.1787,11.3784,-0.1997,-1.7551,1200516.63,1611403.364
206,300059.SZ,20190812,10.9958,11.3867,10.9958,11.3784,10.8876,0.49079999999999835,4.5079,2006504.0,2703230.888
207,300059.SZ,20190809,11.1205,11.1538,10.8294,10.8876,11.0207,-0.13309999999999889,-1.2077,1218356.94,1606214.843
208,300059.SZ,20190808,11.1538,11.2453,11.0041,11.0207,10.8793,0.14139999999999908,1.2997,1596095.86,2134123.698
209,300059.SZ,20190807,11.1787,11.1871,10.8544,10.8793,11.1372,-0.25789999999999935,-2.3157,1477874.93,1955720.478
210,300059.SZ,20190806,10.9542,11.3285,10.7379,11.1372,11.2453,-0.10810000000000031,-0.9613,2605084.31,3452950.534
211,300059.SZ,20190805,11.5614,11.7111,11.1704,11.2453,11.7111,-0.46579999999999977,-3.9774,2247500.52,3095529.497
212,300059.SZ,20190802,11.6445,11.7776,11.5114,11.7111,12.0105,-0.29940000000000033,-2.4928,2180249.91,3054180.74
213,300059.SZ,20190801,12.0271,12.102,11.8109,12.0105,12.102,-0.09149999999999991,-0.7561,1604033.11,2304758.966
214,300059.SZ,20190731,12.0271,12.1186,11.9273,12.102,12.077,0.025000000000000355,0.207,1475959.69,2136417.518
215,300059.SZ,20190730,11.7693,12.2933,11.736,12.077,11.7277,0.3492999999999995,2.9784,2718128.84,3942928.913
216,300059.SZ,20190729,11.8857,11.919,11.6445,11.7277,11.9523,-0.2245999999999988,-1.8791,1511232.54,2132148.787
217,300059.SZ,20190726,12.0687,12.0687,11.8608,11.9523,12.077,-0.1247000000000007,-1.0325,1207098.29,1733726.047
218,300059.SZ,20190725,11.8857,12.0854,11.8441,12.077,11.944,0.13299999999999912,1.1135,1540500.75,2223996.191
219,300059.SZ,20190724,12.0604,12.1852,11.8691,11.944,12.0188,-0.07479999999999976,-0.6224,2389093.39,3458301.613
220,300059.SZ,20190723,11.8941,12.0687,11.8109,12.0188,11.8026,0.21620000000000061,1.8318,1827235.34,2627763.204
221,300059.SZ,20190722,12.3432,12.4181,11.736,11.8026,12.3016,-0.49900000000000055,-4.0564,2529401.31,3631292.209
222,300059.SZ,20190719,12.0355,12.443,11.9606,12.3016,11.8358,0.46579999999999977,3.9355,2690051.87,3945366.101
223,300059.SZ,20190718,11.7776,12.1602,11.7527,11.8358,11.8691,-0.033299999999998775,-0.2806,2719535.36,3916341.249
224,300059.SZ,20190717,11.6279,12.102,11.5863,11.8691,11.6362,0.232899999999999,2.0015,3171757.17,4539835.241
225,300059.SZ,20190716,11.4782,11.6944,11.4449,11.6362,11.5447,0.09149999999999991,0.7926,2049885.24,2859248.805
226,300059.SZ,20190715,10.9874,11.7277,10.896,11.5447,10.9375,0.6072000000000006,5.5515,2970924.4,4064202.569
227,300059.SZ,20190712,10.7878,10.9791,10.713,10.9375,10.7629,0.17459999999999987,1.6222,1038877.06,1359627.729
228,300059.SZ,20190711,10.846,10.9625,10.713,10.7629,10.7462,0.01670000000000016,0.1554,972996.14,1267883.59
229,300059.SZ,20190710,10.8544,10.896,10.6963,10.7462,10.8793,-0.13310000000000066,-1.2234,817710.04,1061299.315
230,300059.SZ,20190709,10.8544,10.9375,10.6963,10.8793,10.8128,0.06650000000000134,0.615,1231358.55,1600806.786
231,300059.SZ,20190708,11.237,11.3285,10.7795,10.8128,11.3534,-0.5406000000000013,-4.7616,1765384.44,2330832.526
232,300059.SZ,20190705,11.2952,11.3784,11.1954,11.3534,11.3035,0.049900000000000944,0.4415,991594.24,1348559.84
233,300059.SZ,20190704,11.2952,11.4116,11.2037,11.3035,11.2453,0.05819999999999936,0.5175,1083138.5,1473130.2
234,300059.SZ,20190703,11.4782,11.4782,11.1871,11.2453,11.5198,-0.27449999999999974,-2.3829,1490678.58,2023689.579
235,300059.SZ,20190702,11.6196,11.6445,11.4615,11.5198,11.6362,-0.1164000000000005,-1.0003,1386843.95,1925671.589
236,300059.SZ,20190701,11.7028,11.7942,11.5447,11.6362,11.2702,0.36599999999999966,3.2475,2680347.08,3763714.57
237,300059.SZ,20190628,11.3118,11.3784,11.1288,11.2702,11.3617,-0.09149999999999991,-0.8053,1218440.21,1646877.227
238,300059.SZ,20190627,11.3201,11.6196,11.3201,11.3617,11.2287,0.1330000000000009,1.1845,1789280.2,2466605.819
239,300059.SZ,20190626,11.1455,11.3617,11.1039,11.2287,11.4532,-0.2245000000000008,-1.9602,1284164.47,1738541.831
240,300059.SZ,20190625,11.4615,11.5863,11.1288,11.4532,11.4865,-0.033299999999998775,-0.2899,2171712.55,2968672.876
241,300059.SZ,20190624,11.7111,11.736,11.4033,11.4865,11.6861,-0.19960000000000022,-1.708,1968295.45,2735736.596
242,300059.SZ,20190621,11.5281,11.8608,11.4449,11.6861,11.3368,0.3492999999999995,3.0811,3775233.8,5286734.841
243,300059.SZ,20190620,10.6963,11.5863,10.6963,11.3368,10.7046,0.632200000000001,5.9059,4013383.1,5382732.452
244,300059.SZ,20190619,11.1954,11.2786,10.7046,10.7046,10.5466,0.15799999999999947,1.4981,3021389.43,3986506.438
245,300059.SZ,20190618,10.4468,10.6132,10.2971,10.5466,10.4219,0.12469999999999892,1.1965,1062581.27,1339462.043
246,300059.SZ,20190617,10.4219,10.5466,10.3137,10.4219,10.4052,0.01670000000000016,0.1605,914065.42,1146992.587
247,300059.SZ,20190614,10.7296,10.7961,10.3969,10.4052,10.7296,-0.3243999999999989,-3.0234,1334828.72,1699592.128
248,300059.SZ,20190613,10.6963,10.8627,10.6547,10.7296,10.6963,0.033299999999998775,0.3113,1497193.13,1937025.601
249,300059.SZ,20190612,10.8045,10.8627,10.6631,10.6963,10.9126,-0.2162999999999986,-1.9821,1876366.68,2427477.56
250,300059.SZ,20190611,10.1391,10.9625,10.1224,10.9126,10.1224,0.7901999999999987,7.8064,3210280.16,4111226.588
251,300059.SZ,20190610,10.2305,10.322,9.8978,10.1224,10.2056,-0.08319999999999972,-0.8152,1349010.23,1638124.251
252,300059.SZ,20190606,10.4302,10.5466,10.1723,10.2056,10.4718,-0.26619999999999955,-2.5421,1298343.24,1618681.45
253,300059.SZ,20190605,10.5882,10.6464,10.4302,10.4718,10.4385,0.03330000000000055,0.319,1208080.33,1529465.201
254,300059.SZ,20190604,10.4801,10.53,10.3553,10.4385,10.5133,-0.07479999999999976,-0.7115,1113990.07,1397063.828
255,300059.SZ,20190603,10.6547,10.7712,10.4884,10.5133,10.5217,-0.008399999999999963,-0.0798,1218125.21,1553506.866
256,300059.SZ,20190531,10.6464,10.7046,10.5217,10.5217,10.6547,-0.1330000000000009,-1.2483,1001271.87,1278582.175
257,300059.SZ,20190530,10.7296,10.7795,10.505,10.6547,10.8544,-0.1997,-1.8398,1402758.43,1790418.157
258,300059.SZ,20190529,10.7546,10.9958,10.713,10.8544,10.8544,0.0,0.0,1617575.28,2111248.375
259,300059.SZ,20190528,10.713,10.8876,10.6714,10.8544,10.7795,0.07489999999999952,0.6948,1964890.04,2543550.936
260,300059.SZ,20190527,10.4967,10.871,10.4219,10.7795,10.4219,0.3575999999999997,3.4312,2506958.78,3220554.392
261,300059.SZ,20190524,10.4884,10.5633,10.3969,10.4219,10.4634,-0.041499999999999204,-0.3966,1168581.57,1471332.309
262,300059.SZ,20190523,10.4468,10.713,10.2721,10.4634,10.4967,-0.03330000000000055,-0.3172,1597620.03,2017141.777
263,300059.SZ,20190522,10.6048,10.7296,10.3553,10.4967,10.6631,-0.16639999999999944,-1.5605,1364493.44,1733279.767
264,300059.SZ,20190521,10.4344,10.7806,10.3998,10.6629,10.476,0.18689999999999962,1.7841,1474134.54,2262963.121
265,300059.SZ,20190520,10.2406,10.6145,10.1229,10.476,10.2683,0.20770000000000088,2.0227,1572859.03,2359199.898
266,300059.SZ,20190517,10.7945,10.8014,10.1298,10.2683,10.7806,-0.5122999999999998,-4.7521,1794868.26,2708093.785
267,300059.SZ,20190516,10.9122,10.9122,10.6629,10.7806,10.9122,-0.1316000000000006,-1.206,1331402.72,2072155.915
268,300059.SZ,20190515,10.836,10.9676,10.753,10.9122,10.7045,0.20770000000000088,1.9403,1670856.28,2622393.691
269,300059.SZ,20190514,10.7045,10.9053,10.6699,10.7045,10.7253,-0.020800000000001262,-0.1939,1564046.54,2437038.323
270,300059.SZ,20190513,10.8707,10.9468,10.6283,10.7253,11.1061,-0.3807999999999989,-3.4287,1719686.42,2678094.478
271,300059.SZ,20190510,10.6283,11.1822,10.4691,11.1061,10.4206,0.6854999999999993,6.5783,3098632.73,4873861.438
272,300059.SZ,20190509,10.2544,10.5937,10.2475,10.4206,10.4206,0.0,0.0,1622293.24,2455843.768
273,300059.SZ,20190508,10.1436,10.6422,10.0813,10.4206,10.4137,0.006899999999999906,0.0663,1673005.24,2518470.638
274,300059.SZ,20190507,10.3029,10.4483,10.0606,10.4137,10.2129,0.20080000000000098,1.9661,2283237.42,3398406.902
275,300059.SZ,20190506,10.4206,10.7876,10.2129,10.2129,11.3484,-1.1355000000000004,-10.0058,2871043.9,4326568.981
276,300059.SZ,20190430,11.5146,11.6738,11.2515,11.3484,11.5146,-0.1661999999999999,-1.4434,1697807.9,2810371.883
277,300059.SZ,20190429,12.3801,12.4563,11.4177,11.5146,12.5947,-1.0800999999999998,-8.5758,3065216.66,5232959.506
278,300059.SZ,20190426,12.5324,12.9063,12.4839,12.5947,12.6432,-0.048500000000000654,-0.3836,1599693.88,2929593.256
279,300059.SZ,20190425,13.1417,13.2525,12.6155,12.6432,13.204,-0.5608000000000004,-4.2472,1748266.64,3270938.671
280,300059.SZ,20190424,13.0379,13.2525,12.8994,13.204,13.0379,0.16610000000000014,1.274,1438343.23,2723290.677
281,300059.SZ,20190423,12.934,13.3425,12.7609,13.0379,12.9686,0.06930000000000014,0.5344,1674349.28,3155355.239
282,300059.SZ,20190422,13.4672,13.5502,12.8994,12.9686,13.3287,-0.3600999999999992,-2.7017,1759990.77,3346046.336
283,300059.SZ,20190419,13.1556,13.3841,13.0933,13.3287,13.0656,0.26309999999999967,2.0137,1523275.22,2911176.603
284,300059.SZ,20190418,13.0725,13.2525,13.0171,13.0656,13.1002,-0.0345999999999993,-0.2641,1109637.1,2104080.503
285,300059.SZ,20190417,13.121,13.2594,13.0448,13.1002,13.2594,-0.15920000000000023,-1.2007,1452126.56,2755746.508
286,300059.SZ,20190416,12.7401,13.2733,12.6501,13.2594,12.8371,0.4222999999999999,3.2897,2110530.51,3953892.422
287,300059.SZ,20190415,13.5779,13.6472,12.8094,12.8371,13.2664,-0.42930000000000135,-3.236,2190389.91,4194069.593
288,300059.SZ,20190412,13.2664,13.4187,13.1694,13.2664,13.2456,0.020800000000001262,0.157,1643041.46,3158852.244
289,300059.SZ,20190411,13.2525,13.4741,13.0102,13.2456,13.301,-0.05540000000000056,-0.4165,2189155.9,4179672.572
290,300059.SZ,20190410,13.661,13.6818,13.1002,13.301,13.7787,-0.47770000000000046,-3.4669,2936578.67,5633637.158
291,300059.SZ,20190409,13.8411,14.0418,13.5849,13.7787,13.9103,-0.13159999999999883,-0.9461,2066123.21,4111948.791
292,300059.SZ,20190408,14.4019,14.4157,13.571,13.9103,14.2288,-0.3185000000000002,-2.2384,2818824.9,5680924.618
293,300059.SZ,20190404,14.5611,14.6789,14.1596,14.2288,14.4573,-0.22850000000000037,-1.5805,2579388.47,5344478.412
294,300059.SZ,20190403,13.8618,14.6027,13.8341,14.4573,14.1596,0.29770000000000074,2.1025,3615190.05,7428197.386
295,300059.SZ,20190402,14.028,14.9004,13.9241,14.1596,14.0211,0.13849999999999874,0.9878,4505304.25,9344278.215
296,300059.SZ,20190401,13.4741,14.4573,13.2941,14.0211,13.4187,0.6024000000000012,4.4893,4234455.86,8487223.826
297,300059.SZ,20190329,12.5878,13.4325,12.5255,13.4187,12.4701,0.948599999999999,7.607,3904923.97,7366805.448
298,300059.SZ,20190328,12.6155,12.8509,12.4701,12.4701,12.7471,-0.27699999999999925,-2.173,2146316.57,3908052.671
299,300059.SZ,20190327,12.8163,12.9202,12.5186,12.7471,12.7055,0.04159999999999897,0.3274,2010925.21,3703449.267
300,300059.SZ,20190326,13.1279,13.2248,12.5601,12.7055,13.0102,-0.30469999999999864,-2.342,2292097.4,4269515.599
301,300059.SZ,20190325,13.3633,13.5018,12.9825,13.0102,13.7441,-0.7339000000000002,-5.3397,2678649.16,5123639.697
302,300059.SZ,20190322,13.9449,14.0765,13.4395,13.7441,14.0142,-0.2701000000000011,-1.9273,2289149.33,4545799.606
303,300059.SZ,20190321,13.8341,14.485,13.6818,14.0142,13.758,0.25620000000000154,1.8622,3631851.64,7407540.325
304,300059.SZ,20190320,13.5849,13.9865,13.4949,13.758,13.571,0.1869999999999994,1.3779,2594294.75,5141409.421
305,300059.SZ,20190319,13.7026,13.8411,13.4672,13.571,13.8272,-0.25619999999999976,-1.8529,2002925.8,3953745.435
306,300059.SZ,20190318,13.2802,13.8826,12.9202,13.8272,13.3287,0.49849999999999994,3.74,2887764.39,5607973.322
307,300059.SZ,20190315,13.571,13.668,13.2456,13.3287,13.4395,-0.11080000000000112,-0.8244,2207586.16,4293605.821
308,300059.SZ,20190314,13.3287,13.7441,13.0933,13.4395,13.4533,-0.013799999999999812,-0.1026,2683492.78,5185933.119
309,300059.SZ,20190313,13.9865,14.0003,13.3841,13.4533,14.0695,-0.6161999999999992,-4.3797,3294586.52,6493440.835
310,300059.SZ,20190312,13.7649,14.6165,13.7303,14.0695,13.7926,0.2768999999999995,2.0076,4301585.39,8818597.503
311,300059.SZ,20190311,13.4464,13.9657,13.2317,13.7926,13.3633,0.42929999999999957,3.2125,3022486.29,5958395.252
312,300059.SZ,20190308,13.8341,14.3534,13.3287,13.3633,14.7689,-1.4055999999999997,-9.5173,4969906.67,9926558.048
313,300059.SZ,20190307,15.122,15.5582,14.5404,14.7689,15.3851,-0.6161999999999992,-4.0052,5421957.9,11771333.629
314,300059.SZ,20190306,14.5404,15.8421,14.4573,15.3851,14.7342,0.6509,4.4176,5275614.55,11317512.91
315,300059.SZ,20190305,14.1457,14.7827,14.0626,14.7342,14.5058,0.22839999999999883,1.5745,3590157.91,7502773.692
316,300059.SZ,20190304,14.7827,15.7036,14.1249,14.5058,14.4711,0.03470000000000084,0.2398,5927730.86,12622613.38
317,300059.SZ,20190301,13.7303,14.8035,13.3148,14.4711,13.571,0.9001000000000001,6.6325,5633271.79,11392192.14
318,300059.SZ,20190228,12.8786,13.7649,12.5047,13.571,13.1279,0.4430999999999994,3.3753,4815474.77,9167061.934
319,300059.SZ,20190227,13.6126,13.9518,12.7471,13.1279,13.5018,-0.373899999999999,-2.7693,5910889.54,11431186.97
320,300059.SZ,20190226,13.848,14.1319,13.4395,13.5018,12.844,0.6577999999999999,5.1215,8109633.27,16265390.25
321,300059.SZ,20190225,12.844,12.844,12.4632,12.844,11.6738,1.1701999999999995,10.0242,3013244.79,5557554.495
322,300059.SZ,20190222,10.7253,11.6738,10.5106,11.6738,10.6145,1.0593000000000004,9.9797,4364631.81,7005721.136
323,300059.SZ,20190221,9.9567,11.0161,9.9013,10.6145,10.0121,0.6023999999999994,6.0167,4250846.02,6512890.303
324,300059.SZ,20190220,9.9428,10.109,9.8182,10.0121,9.9705,0.04160000000000075,0.4172,1403861.77,2019751.876
325,300059.SZ,20190219,10.0259,10.4275,9.8528,9.9705,10.019,-0.048500000000000654,-0.4841,2477508.04,3618756.777
326,300059.SZ,20190218,9.472,10.019,9.4651,10.019,9.3889,0.6301000000000005,6.7111,2078628.82,2929507.077
327,300059.SZ,20190215,9.5897,9.6105,9.3682,9.3889,9.6036,-0.21470000000000056,-2.2356,1238041.52,1699761.126
328,300059.SZ,20190214,9.6451,9.6797,9.5274,9.6036,9.6797,-0.07610000000000028,-0.7862,1143088.06,1584120.758
329,300059.SZ,20190213,9.3128,9.8113,9.2712,9.6797,9.292,0.3877000000000006,4.1724,2162145.18,2992597.508
330,300059.SZ,20190212,9.3474,9.4028,9.2297,9.292,9.3543,-0.062300000000000466,-0.666,1215962.38,1633874.782
331,300059.SZ,20190211,9.202,9.382,9.1397,9.3543,9.1951,0.15920000000000023,1.7314,1432703.67,1920671.263
332,300059.SZ,20190201,9.0012,9.2228,8.9666,9.1951,8.9112,0.28390000000000093,3.1859,1521655.51,1999470.39
333,300059.SZ,20190131,8.7104,9.015,8.6827,8.9112,8.6273,0.28389999999999915,3.2907,1228011.53,1570832.173
334,300059.SZ,20190130,8.7173,8.8212,8.6273,8.6273,8.7658,-0.1385000000000005,-1.58,665079.14,837866.847
335,300059.SZ,20190129,8.8627,8.8766,8.6688,8.7658,8.925,-0.15920000000000023,-1.7838,948519.29,1200195.77
336,300059.SZ,20190128,9.0704,9.1327,8.8835,8.925,8.9527,-0.027699999999999392,-0.3094,960299.86,1248620.946
337,300059.SZ,20190125,8.9527,9.105,8.8973,8.9527,8.9527,0.0,0.0,1020433.21,1325387.978
338,300059.SZ,20190124,8.8489,9.0843,8.8142,8.9527,8.8419,0.11079999999999934,1.2531,1018934.88,1320147.48
339,300059.SZ,20190123,8.8281,8.8835,8.7796,8.8419,8.8281,0.013800000000001589,0.1563,366023.1,466451.943
340,300059.SZ,20190122,8.8904,8.9389,8.7935,8.8281,8.9181,-0.09000000000000163,-1.0092,555008.65,709826.942
341,300059.SZ,20190121,8.9389,9.0912,8.8835,8.9181,8.9181,0.0,0.0,952482.67,1234919.129
342,300059.SZ,20190118,8.7796,8.9319,8.7519,8.9181,8.7381,0.1800000000000015,2.0599,863756.12,1105470.059
343,300059.SZ,20190117,8.8973,8.9042,8.7311,8.7381,8.8766,-0.1385000000000005,-1.5603,692468.35,880567.532
344,300059.SZ,20190116,9.0012,9.0427,8.8489,8.8766,9.0012,-0.12460000000000093,-1.3843,880299.57,1135979.872
345,300059.SZ,20190115,8.655,9.015,8.655,9.0012,8.6758,0.32540000000000013,3.7507,1307665.63,1676311.495
346,300059.SZ,20190114,8.8212,8.8489,8.6411,8.6758,8.7658,-0.08999999999999986,-1.0267,528511.9,664850.553
347,300059.SZ,20190111,8.6896,8.8142,8.6619,8.7658,8.6619,0.10390000000000121,1.1995,584348.33,737806.911
348,300059.SZ,20190110,8.7727,8.835,8.6481,8.6619,8.8142,-0.15230000000000032,-1.7279,823437.23,1038844.147
349,300059.SZ,20190109,8.8558,9.0912,8.8142,8.8142,8.8281,-0.01389999999999958,-0.1575,1321286.32,1707299.817
350,300059.SZ,20190108,8.8142,8.9319,8.7588,8.8281,8.8766,-0.048500000000000654,-0.5464,863626.55,1103616.795
351,300059.SZ,20190107,8.7935,8.9527,8.7381,8.8766,8.8558,0.020799999999999486,0.2349,1465678.13,1874854.999
352,300059.SZ,20190104,8.1842,8.9873,8.1772,8.8558,8.3019,0.5539000000000005,6.672,2076575.71,2594592.232
353,300059.SZ,20190103,8.2049,8.5096,8.2049,8.3019,8.2049,0.09699999999999953,1.1822,1061826.9,1284108.253
354,300059.SZ,20190102,8.378,8.378,8.1703,8.2049,8.378,-0.1730999999999998,-2.0661,710183.31,846903.977
355,300059.SZ,20181228,8.2811,8.5096,8.2742,8.378,8.2465,0.13150000000000084,1.5946,695295.72,840166.192
356,300059.SZ,20181227,8.5442,8.558,8.2395,8.2465,8.3919,-0.14540000000000042,-1.7326,808663.3,985731.912
357,300059.SZ,20181226,8.4265,8.5304,8.3157,8.3919,8.468,-0.07610000000000028,-0.8987,620305.67,754927.695
358,300059.SZ,20181225,8.5165,8.5857,8.2603,8.468,8.6758,-0.20780000000000065,-2.3952,1015216.18,1232059.973
359,300059.SZ,20181224,8.655,8.7104,8.5857,8.6758,8.6758,0.0,0.0,604884.04,755451.378
360,300059.SZ,20181221,8.7242,8.7796,8.5788,8.6758,8.8004,-0.12459999999999916,-1.4158,827774.04,1035771.145
361,300059.SZ,20181220,8.6896,8.8627,8.5857,8.8004,8.7035,0.09689999999999976,1.1133,1003181.12,1264152.126
362,300059.SZ,20181219,8.8073,8.8558,8.6273,8.7035,8.7865,-0.08300000000000018,-0.9446,754243.49,953580.938
363,300059.SZ,20181218,8.8489,8.9458,8.6896,8.7865,8.9112,-0.12469999999999892,-1.3994,819430.38,1041434.322
364,300059.SZ,20181217,8.8904,8.9804,8.8004,8.9112,8.9181,-0.0069000000000016826,-0.0774,674176.65,865736.69
365,300059.SZ,20181214,9.1258,9.1258,8.9181,8.9181,9.1674,-0.24929999999999986,-2.7194,776971.69,1013518.412
366,300059.SZ,20181213,8.9666,9.2435,8.8973,9.1674,8.9319,0.23550000000000004,2.6366,1240556.54,1635934.863
367,300059.SZ,20181212,8.9596,9.0289,8.8835,8.9319,8.9181,0.013799999999999812,0.1547,600718.51,776316.999
368,300059.SZ,20181211,8.8835,8.9596,8.8419,8.9181,8.8627,0.05540000000000056,0.6251,517019.74,664142.209
369,300059.SZ,20181210,8.8073,8.9319,8.7381,8.8627,8.8489,0.013799999999999812,0.156,687678.1,877367.822
370,300059.SZ,20181207,8.8973,8.9527,8.8281,8.8489,8.8489,0.0,0.0,532340.1,682407.472
371,300059.SZ,20181206,9.0635,9.0635,8.8212,8.8489,9.1535,-0.30459999999999887,-3.3277,1000985.76,1289865.432
372,300059.SZ,20181205,9.1397,9.2435,9.0912,9.1535,9.3128,-0.1593,-1.7105,876895.34,1159686.124
373,300059.SZ,20181204,9.1397,9.3335,9.1258,9.3128,9.202,0.11079999999999934,1.2041,931897.44,1246844.44
374,300059.SZ,20181203,9.3474,9.4443,9.1397,9.202,8.8766,0.32540000000000013,3.6658,1731213.95,2326655.272
375,300059.SZ,20181130,8.7311,8.925,8.6134,8.8766,8.7588,0.11779999999999902,1.3449,976903.92,1236132.412
376,300059.SZ,20181129,9.1951,9.2435,8.7588,8.7588,9.1327,-0.373899999999999,-4.0941,1203708.25,1569160.954
377,300059.SZ,20181128,8.7935,9.1535,8.7727,9.1327,8.8766,0.2561,2.8851,1233998.22,1610377.733
378,300059.SZ,20181127,8.9458,9.0081,8.7727,8.8766,8.8973,-0.02069999999999972,-0.2327,837167.64,1076186.63
379,300059.SZ,20181126,8.8696,8.9527,8.7796,8.8973,8.8696,0.027699999999999392,0.3123,687701.88,880025.711
380,300059.SZ,20181123,9.0704,9.1189,8.7104,8.8696,9.1397,-0.27009999999999934,-2.9552,1301236.97,1679288.872
381,300059.SZ,20181122,9.292,9.292,8.9873,9.1397,9.3058,-0.16610000000000014,-1.7849,1301280.27,1712639.685
382,300059.SZ,20181121,9.2158,9.3543,9.1397,9.3058,9.2643,0.041499999999999204,0.448,1087535.49,1451731.704
383,300059.SZ,20181120,9.562,9.6036,9.2089,9.2643,9.659,-0.3947000000000003,-4.0863,1644663.51,2222433.534
384,300059.SZ,20181119,9.6659,9.749,9.4859,9.659,9.6243,0.03470000000000084,0.3605,1359733.88,1889539.961
385,300059.SZ,20181116,9.5136,9.9705,9.4997,9.6243,9.5759,0.04839999999999911,0.5054,2308229.58,3228428.723
386,300059.SZ,20181115,8.9943,9.7628,8.9804,9.5759,8.9804,0.5955000000000013,6.6311,2476105.82,3353577.42
387,300059.SZ,20181114,8.9596,9.2435,8.8766,8.9804,9.0289,-0.048500000000000654,-0.5372,1424884.02,1859156.237
388,300059.SZ,20181113,8.7796,9.2435,8.7588,9.0289,8.9042,0.1247000000000007,1.4005,1964829.23,2553798.303
389,300059.SZ,20181112,8.5442,8.9389,8.5096,8.9042,8.5442,0.35999999999999943,4.2134,1499480.37,1897512.812
390,300059.SZ,20181109,8.4473,8.655,8.4265,8.5442,8.4957,0.048500000000000654,0.5709,1246060.89,1543644.988
391,300059.SZ,20181108,9.0635,9.112,8.4819,8.4957,8.9458,-0.45010000000000083,-5.0314,1660952.02,2105764.192
392,300059.SZ,20181107,8.8627,9.1189,8.7796,8.9458,8.8973,0.048500000000000654,0.5451,1397939.6,1807816.371
393,300059.SZ,20181106,8.8627,9.0012,8.7242,8.8973,8.9527,-0.05540000000000056,-0.6188,972668.49,1243261.102
394,300059.SZ,20181105,8.9319,9.1743,8.7173,8.9527,8.9804,-0.027699999999999392,-0.3084,1754272.9,2264592.969
395,300059.SZ,20181102,8.9112,9.015,8.7796,8.9804,8.565,0.4154,4.85,2314616.93,2979488.587
396,300059.SZ,20181101,8.655,9.0358,8.558,8.565,8.565,0.0,0.0,2092348.77,2656691.112
397,300059.SZ,20181031,8.5304,8.6896,8.3365,8.565,8.5996,-0.034600000000001074,-0.4023,1499800.57,1841884.161
398,300059.SZ,20181030,8.3849,9.0012,8.2534,8.5996,8.3919,0.20770000000000088,2.475,2648133.86,3314836.725
399,300059.SZ,20181029,8.4196,8.558,8.2603,8.3919,8.378,0.01389999999999958,0.1659,1331742.86,1618981.368
400,300059.SZ,20181026,8.6896,8.7381,8.3434,8.378,8.7588,-0.3808000000000007,-4.3476,1563566.5,1921655.316
401,300059.SZ,20181025,8.3019,8.835,8.2811,8.7588,8.6204,0.13840000000000074,1.6055,1923755.52,2369041.871
402,300059.SZ,20181024,8.655,8.8696,8.5719,8.6204,8.7242,-0.10379999999999967,-1.1898,2132463.42,2692245.483
403,300059.SZ,20181023,9.0704,9.0704,8.6204,8.7242,8.9804,-0.25619999999999976,-2.8529,2402366.46,3068446.821
404,300059.SZ,20181022,8.3226,8.9804,8.3157,8.9804,8.1634,0.8170000000000002,10.0081,2995101.54,3809650.113
405,300059.SZ,20181019,7.4779,8.2257,7.4571,8.1634,7.5887,0.5746999999999991,7.5731,2025362.56,2322461.757
406,300059.SZ,20181018,7.5195,7.7895,7.4918,7.5887,7.6095,-0.020799999999999486,-0.2733,1474966.09,1628092.03
407,300059.SZ,20181017,7.4017,7.6856,7.3117,7.6095,7.284,0.3254999999999999,4.4687,1586957.25,1719394.202
408,300059.SZ,20181016,7.3602,7.5195,7.2079,7.284,7.3325,-0.048499999999999766,-0.6614,921211.07,978237.061
409,300059.SZ,20181015,7.3464,7.4017,7.2148,7.3325,7.3325,0.0,0.0,833942.54,881168.616
410,300059.SZ,20181012,7.0486,7.4294,7.0348,7.3325,7.0348,0.29769999999999985,4.2318,1303532.0,1360347.923
411,300059.SZ,20181011,7.1663,7.3671,6.9448,7.0348,7.4641,-0.42930000000000046,-5.7515,1503147.28,1554054.73
412,300059.SZ,20181010,7.3948,7.5471,7.3464,7.4641,7.3117,0.1524000000000001,2.0843,1095138.04,1179852.851
413,300059.SZ,20181009,7.374,7.4087,7.2356,7.3117,7.3394,-0.02770000000000028,-0.3774,768980.77,812336.982
414,300059.SZ,20181008,7.5471,7.6095,7.3187,7.3394,7.7895,-0.45009999999999994,-5.7783,932296.19,1007568.051
415,300059.SZ,20180928,7.6787,7.8103,7.6579,7.7895,7.6441,0.14540000000000042,1.9021,870491.41,973567.665
416,300059.SZ,20180927,7.6925,7.7341,7.6372,7.6441,7.7272,-0.08309999999999995,-1.0754,682011.46,756575.307
417,300059.SZ,20180926,7.6649,7.8449,7.6095,7.7272,7.6372,0.08999999999999986,1.1784,1122005.81,1255462.771
418,300059.SZ,20180925,7.6718,7.7341,7.6095,7.6372,7.7687,-0.13149999999999995,-1.6927,760457.1,840896.238
419,300059.SZ,20180921,7.4779,7.8587,7.4225,7.7687,7.4502,0.3185000000000002,4.2751,1519592.15,1683538.938
420,300059.SZ,20180920,7.4779,7.5471,7.4225,7.4502,7.5056,-0.05540000000000056,-0.7381,571870.91,618427.008
421,300059.SZ,20180919,7.3464,7.6302,7.2356,7.5056,7.3948,0.11080000000000023,1.4984,1395077.68,1505937.521
422,300059.SZ,20180918,7.2148,7.4156,7.2148,7.3948,7.2563,0.13849999999999962,1.9087,971364.49,1026029.027
423,300059.SZ,20180917,7.194,7.2979,7.1179,7.2563,7.2217,0.034600000000000186,0.4791,920198.85,961237.708
424,300059.SZ,20180914,7.5541,7.5818,7.194,7.2217,7.5471,-0.32540000000000013,-4.3116,1346599.06,1427775.731
425,300059.SZ,20180913,7.6164,7.6579,7.4848,7.5471,7.5056,0.04150000000000009,0.5529,813281.31,887072.379
426,300059.SZ,20180912,7.4918,7.6233,7.4087,7.5056,7.5333,-0.027699999999999392,-0.3677,983087.89,1068229.391
427,300059.SZ,20180911,7.5195,7.651,7.2979,7.5333,7.6995,-0.1661999999999999,-2.1586,1685552.37,1819280.59
428,300059.SZ,20180910,8.4542,8.4611,7.6995,7.6995,8.5511,-0.8516000000000004,-9.959,2427428.87,2739306.637
429,300059.SZ,20180907,8.6896,8.8489,8.475,8.5511,8.7104,-0.1593,-1.8288,1027683.83,1284522.748
430,300059.SZ,20180906,8.6342,8.7588,8.6065,8.7104,8.6619,0.048500000000000654,0.5599,675479.56,847883.475
431,300059.SZ,20180905,8.8212,8.8766,8.6342,8.6619,8.8766,-0.21470000000000056,-2.4187,787130.03,994787.521
432,300059.SZ,20180904,8.7935,8.9527,8.6758,8.8766,8.835,0.04159999999999897,0.4709,998231.77,1273565.867
433,300059.SZ,20180903,8.7796,8.8558,8.5927,8.835,8.7865,0.048500000000000654,0.552,837474.08,1053868.008
434,300059.SZ,20180831,8.8835,8.9319,8.7588,8.7865,8.8973,-0.11079999999999934,-1.2453,595730.44,760766.906
435,300059.SZ,20180830,9.015,9.0427,8.8766,8.8973,9.0012,-0.10390000000000121,-1.1543,527422.01,681568.951
436,300059.SZ,20180829,9.0843,9.112,8.9527,9.0012,9.105,-0.10379999999999967,-1.14,636198.72,827552.105
437,300059.SZ,20180828,9.1258,9.1743,9.0566,9.105,9.1327,-0.027699999999999392,-0.3033,607522.38,798369.406
438,300059.SZ,20180827,8.9596,9.2228,8.9527,9.1327,8.9181,0.214599999999999,2.4063,1253149.37,1650318.453
439,300059.SZ,20180824,8.9112,9.0289,8.8419,8.9181,8.9666,-0.04849999999999888,-0.5409,851295.52,1097503.048
440,300059.SZ,20180823,8.7935,9.022,8.7796,8.9666,8.7658,0.2007999999999992,2.2907,1224311.92,1578281.375
441,300059.SZ,20180822,8.8004,8.8696,8.7173,8.7658,8.8419,-0.07610000000000028,-0.8607,529813.42,672024.387
442,300059.SZ,20180821,8.7588,8.9735,8.7381,8.8419,8.8142,0.027700000000001168,0.3143,924432.49,1182058.984
443,300059.SZ,20180820,8.558,8.8142,8.5373,8.8142,8.5788,0.23540000000000028,2.744,875812.25,1098099.772
444,300059.SZ,20180817,8.8073,8.8419,8.558,8.5788,8.7381,-0.1593,-1.8231,753159.72,946781.066
445,300059.SZ,20180816,8.5788,8.8973,8.5027,8.7381,8.7173,0.020799999999999486,0.2386,1124043.07,1414347.718
446,300059.SZ,20180815,8.9042,8.9319,8.6688,8.7173,8.9319,-0.2146000000000008,-2.4026,758089.82,961745.507
447,300059.SZ,20180814,9.0289,9.0358,8.8696,8.9319,9.0566,-0.12469999999999892,-1.3769,713861.74,921742.296
448,300059.SZ,20180813,8.8627,9.0635,8.7935,9.0566,8.9666,0.08999999999999986,1.0037,1079632.48,1391527.507
449,300059.SZ,20180810,8.925,9.0704,8.8281,8.9666,8.9458,0.020799999999999486,0.2325,920046.98,1188525.701
450,300059.SZ,20180809,8.6688,9.0497,8.6481,8.9458,8.6688,0.277000000000001,3.1954,1371370.95,1764558.845
451,300059.SZ,20180808,8.9527,8.9804,8.6342,8.6688,9.022,-0.35320000000000107,-3.9149,1058912.5,1349569.127
452,300059.SZ,20180807,8.7935,9.0497,8.7173,9.022,8.745,0.277000000000001,3.1675,1339118.36,1725605.256
453,300059.SZ,20180806,8.6688,8.9112,8.6688,8.745,8.7311,0.01389999999999958,0.1592,990285.07,1257247.632
454,300059.SZ,20180803,8.7935,8.9666,8.6896,8.7311,8.7796,-0.048500000000000654,-0.5524,887871.41,1130121.079
455,300059.SZ,20180802,9.0289,9.105,8.655,8.7796,9.0843,-0.3047000000000004,-3.3541,1432727.68,1828628.832
456,300059.SZ,20180801,9.3335,9.4235,9.0704,9.0843,9.3058,-0.22149999999999892,-2.3802,1109752.38,1485560.963
457,300059.SZ,20180731,9.2435,9.3405,9.202,9.3058,9.2435,0.062300000000000466,0.674,828023.88,1108115.807
458,300059.SZ,20180730,9.3474,9.4443,9.1674,9.2435,9.3543,-0.11080000000000112,-1.1845,855590.54,1146957.271
459,300059.SZ,20180727,9.3543,9.4582,9.3197,9.3543,9.3959,-0.04159999999999897,-0.4427,795050.92,1078245.654
460,300059.SZ,20180726,9.5897,9.6382,9.2989,9.3959,9.6243,-0.2284000000000006,-2.3732,1304071.31,1774444.47
461,300059.SZ,20180725,9.6243,9.7282,9.569,9.6243,9.6243,0.0,0.0,919075.42,1279977.113
462,300059.SZ,20180724,9.7074,10.0675,9.5966,9.6243,9.562,0.062300000000000466,0.6515,2112206.04,2986692.418
463,300059.SZ,20180723,9.3474,9.569,9.2781,9.562,9.3474,0.214599999999999,2.2958,1692376.05,2306036.849
464,300059.SZ,20180720,9.0012,9.5274,8.8904,9.3474,9.0012,0.3461999999999996,3.8462,2115971.29,2824645.483
465,300059.SZ,20180719,8.8835,9.1258,8.8766,9.0012,8.9042,0.09700000000000131,1.0894,1007304.89,1312321.569
466,300059.SZ,20180718,9.0566,9.1881,8.8973,8.9042,9.0566,-0.1524000000000001,-1.6828,1106424.68,1447241.878
467,300059.SZ,20180717,8.9527,9.0635,8.8489,9.0566,9.015,0.04159999999999897,0.4615,937997.12,1213748.075
468,300059.SZ,20180716,9.0358,9.0635,8.8904,9.015,8.9458,0.06920000000000037,0.7735,939348.72,1218319.219
469,300059.SZ,20180713,9.0358,9.0704,8.8558,8.9458,9.0704,-0.12459999999999916,-1.3737,1057964.61,1368527.702
470,300059.SZ,20180712,8.7519,9.1674,8.745,9.0704,8.7519,0.3185000000000002,3.6392,1431009.56,1864771.776
471,300059.SZ,20180711,8.8558,8.9596,8.558,8.7519,9.0843,-0.3324000000000016,-3.6591,1295531.65,1639750.519
472,300059.SZ,20180710,9.1258,9.1743,8.9735,9.0843,9.1327,-0.04839999999999911,-0.53,855311.91,1119461.392
473,300059.SZ,20180709,8.9943,9.1535,8.9181,9.1327,8.925,0.2076999999999991,2.3272,1089999.31,1429709.065
474,300059.SZ,20180706,8.7935,9.1951,8.7311,8.925,8.7519,0.17310000000000159,1.9779,1645782.12,2135019.126
475,300059.SZ,20180705,8.6896,8.8973,8.6619,8.7519,8.745,0.006899999999999906,0.0789,1001792.92,1272402.245
476,300059.SZ,20180704,9.0704,9.0704,8.6411,8.745,9.1466,-0.4016000000000002,-4.3907,1390356.2,1775957.498
477,300059.SZ,20180703,9.0635,9.2574,8.7658,9.1466,9.0012,0.14539999999999864,1.6153,1549943.13,2020697.561
478,300059.SZ,20180702,9.0704,9.105,8.8281,9.0012,9.1258,-0.12459999999999916,-1.3654,1212819.43,1572487.768
479,300059.SZ,20180629,8.6342,9.1812,8.6204,9.1258,8.6204,0.5053999999999998,5.8628,1754186.46,2270002.613
480,300059.SZ,20180628,8.6134,8.8419,8.558,8.6204,8.6065,0.01389999999999958,0.1615,1207084.72,1513537.657
481,300059.SZ,20180627,8.6411,8.7035,8.5027,8.6065,8.6342,-0.027699999999999392,-0.3208,988796.99,1227309.821
482,300059.SZ,20180626,8.2049,8.7381,8.1703,8.6342,8.3226,0.3116000000000003,3.744,1317384.02,1624079.029
483,300059.SZ,20180625,8.475,8.5857,8.2811,8.3226,8.4334,-0.11080000000000112,-1.3138,875172.27,1067546.314
484,300059.SZ,20180622,8.1357,8.5373,8.108,8.4334,8.2326,0.20080000000000098,2.4391,1180384.61,1427118.744
485,300059.SZ,20180621,8.5165,8.6134,8.2118,8.2326,8.6134,-0.3808000000000007,-4.421,1242747.81,1509312.119
486,300059.SZ,20180620,8.5788,8.7727,8.4473,8.6134,8.5788,0.034600000000001074,0.4033,1231102.05,1535547.539
487,300059.SZ,20180619,9.0012,9.0843,8.3296,8.5788,9.105,-0.5262000000000011,-5.7792,1464231.64,1843218.811
488,300059.SZ,20180615,9.1535,9.2504,8.9735,9.105,9.1812,-0.07620000000000005,-0.83,946222.64,1248078.442
489,300059.SZ,20180614,9.0704,9.3474,9.0427,9.1812,9.0704,0.11080000000000112,1.2216,920718.13,1225961.788
490,300059.SZ,20180613,9.1812,9.2781,9.0497,9.0704,9.2089,-0.1385000000000005,-1.504,809278.33,1073797.539
491,300059.SZ,20180612,8.925,9.292,8.9181,9.2089,8.9112,0.29770000000000074,3.3407,1272909.97,1677615.962
492,300059.SZ,20180611,8.7311,9.0081,8.7035,8.9112,8.7865,0.12469999999999892,1.4192,1062901.98,1366535.84
493,300059.SZ,20180608,9.0497,9.0566,8.5996,8.7865,9.1674,-0.38090000000000046,-4.1549,1611033.55,2049042.57
494,300059.SZ,20180607,9.2643,9.3682,9.1604,9.1674,9.202,-0.0345999999999993,-0.376,897399.16,1199240.428
495,300059.SZ,20180606,9.3474,9.3959,9.1604,9.202,9.3889,-0.18689999999999962,-1.9906,1009643.9,1349274.083
496,300059.SZ,20180605,9.2158,9.4443,9.1881,9.3889,9.2504,0.13849999999999874,1.4972,1201899.93,1619621.973
497,300059.SZ,20180604,9.1951,9.4097,9.1258,9.2504,9.1397,0.11070000000000135,1.2112,1089539.78,1460684.698
498,300059.SZ,20180601,9.105,9.3335,9.0843,9.1397,9.1881,-0.04840000000000089,-0.5268,1138165.66,1510043.761
499,300059.SZ,20180531,9.1743,9.2989,9.0773,9.1881,9.0704,0.11770000000000103,1.2976,1288240.75,1708669.652
500,300059.SZ,20180530,9.4651,9.5759,9.0497,9.0704,9.5966,-0.5262000000000011,-5.4832,1688905.1,2270847.0
501,300059.SZ,20180529,9.5966,9.742,9.4235,9.5966,9.6313,-0.034699999999999065,-0.3603,1267756.69,1758228.037
502,300059.SZ,20180528,9.7697,9.8182,9.562,9.6313,9.8182,-0.18689999999999962,-1.9036,1185361.03,1658398.826
503,300059.SZ,20180525,9.9498,10.0675,9.8182,9.8182,9.9636,-0.14540000000000042,-1.4593,1097808.13,1577769.348
504,300059.SZ,20180524,9.9775,10.0744,9.9013,9.9636,9.9775,-0.01389999999999958,-0.1393,919785.91,1325618.377
505,300059.SZ,20180523,10.1921,10.3306,9.9498,9.9775,10.2683,-0.29080000000000084,-2.832,1143376.78,1674017.347
506,300059.SZ,20180522,10.289,10.3237,10.1229,10.2683,10.3167,-0.04840000000000089,-0.4691,958517.38,1414122.748
507,300059.SZ,20180521,10.2198,10.4275,10.1506,10.3167,10.2198,0.09690000000000154,0.9482,1425975.48,2122176.331
508,300059.SZ,20180518,9.8182,10.2821,9.8044,10.2198,9.8459,0.373899999999999,3.7975,1466585.08,2130854.878
509,300059.SZ,20180517,10.0329,10.0952,9.7974,9.8459,10.0259,-0.17999999999999972,-1.7954,964663.67,1382109.903
510,300059.SZ,20180516,10.109,10.1644,9.9705,10.0259,10.1783,-0.1524000000000001,-1.4973,961338.05,1397282.725
511,300059.SZ,20180515,10.0467,10.2198,9.9359,10.1783,10.0744,0.10389999999999944,1.0313,1310915.81,1909309.853
512,300059.SZ,20180514,10.0052,10.2613,9.9636,10.0744,10.0398,0.034600000000001074,0.3446,1339891.26,1956939.709
513,300059.SZ,20180511,10.4206,10.4552,10.0398,10.0398,10.4483,-0.4085000000000001,-3.9097,1281636.65,1889481.03
514,300059.SZ,20180510,10.3929,10.4829,10.2129,10.4483,10.4068,0.041499999999999204,0.3988,1328791.17,1983411.178
515,300059.SZ,20180509,10.566,10.6075,10.3583,10.4068,10.5868,-0.17999999999999972,-1.7002,1114400.6,1679233.896
516,300059.SZ,20180508,10.4898,10.6491,10.3929,10.5868,10.4898,0.09699999999999953,0.9247,1277793.16,1942556.29
517,300059.SZ,20180507,10.3791,10.6283,10.3375,10.4898,10.289,0.20080000000000098,1.9516,1539228.62,2331122.886
518,300059.SZ,20180504,10.3998,10.4414,10.2337,10.289,10.4898,-0.20080000000000098,-1.9142,1392134.38,2078623.338
519,300059.SZ,20180503,9.8598,10.566,9.652,10.4898,9.9705,0.5193000000000012,5.2084,2358445.59,3452241.517
520,300059.SZ,20180502,9.9705,10.2544,9.8875,9.9705,9.9221,0.04839999999999911,0.4878,1813863.81,2637565.834
521,300059.SZ,20180427,9.7905,10.0952,9.6728,9.9221,9.6867,0.23540000000000028,2.4301,2181370.0,3128022.793
522,300059.SZ,20180426,9.7974,9.8875,9.5828,9.6867,9.7767,-0.08999999999999986,-0.9206,1369511.99,1928297.974
523,300059.SZ,20180425,9.7351,9.8321,9.659,9.7767,9.8321,-0.05540000000000056,-0.5635,1289275.98,1816037.468
524,300059.SZ,20180424,9.1674,9.9359,9.112,9.8321,9.1535,0.6786000000000012,7.4136,2179951.64,3023430.988
525,300059.SZ,20180423,9.3474,9.4997,8.8973,9.1535,9.3058,-0.15230000000000032,-1.6366,1580079.55,2104312.752
526,300059.SZ,20180420,9.7282,9.8528,9.3058,9.3058,9.8044,-0.4985999999999997,-5.0855,1716223.15,2367234.292
527,300059.SZ,20180419,9.8251,9.9428,9.7144,9.8044,9.9082,-0.10380000000000145,-1.0476,1466694.57,2082938.553
528,300059.SZ,20180418,9.2781,10.1506,9.105,9.9082,9.2712,0.6370000000000005,6.8707,2511233.29,3472898.978
529,300059.SZ,20180417,9.5591,9.5937,9.0002,9.271,9.4323,-0.1612999999999989,-1.7101,1499859.96,2416455.249
530,300059.SZ,20180416,9.1327,9.4957,9.1039,9.4323,9.1903,0.2419999999999991,2.6332,1375690.58,2232615.108
531,300059.SZ,20180413,9.1269,9.3286,9.052,9.1903,9.0117,0.1786000000000012,1.9819,1047469.16,1673866.117
532,300059.SZ,20180412,9.1673,9.3459,8.9887,9.0117,9.2307,-0.2190000000000012,-2.3725,924180.37,1468624.873
533,300059.SZ,20180411,9.415,9.5303,9.1961,9.2307,9.4381,-0.2073999999999998,-2.1975,1157593.11,1878581.483
534,300059.SZ,20180410,9.2652,9.4727,9.1154,9.4381,9.2998,0.13830000000000098,1.4871,1246697.29,2009911.021
535,300059.SZ,20180409,9.1385,9.4899,9.0463,9.2998,9.15,0.14979999999999905,1.6372,1341464.94,2164167.729
536,300059.SZ,20180404,9.392,9.4611,9.0636,9.15,9.3689,-0.21889999999999965,-2.3365,1199784.88,1930071.632
537,300059.SZ,20180403,9.3228,9.4266,9.1788,9.3689,9.4899,-0.12100000000000044,-1.275,1400164.5,2258700.204
538,300059.SZ,20180402,9.7377,9.8472,9.4438,9.4899,9.755,-0.26510000000000034,-2.7176,1864944.47,3128911.749
539,300059.SZ,20180330,9.4842,9.7896,9.3228,9.755,9.392,0.3630000000000013,3.865,2014489.93,3327904.827
540,300059.SZ,20180329,9.3286,9.5188,9.1846,9.392,9.2479,0.1440999999999999,1.5582,1560442.4,2534246.373
541,300059.SZ,20180328,9.2191,9.3689,9.1442,9.2479,9.4208,-0.17290000000000028,-1.8353,1389681.94,2233288.592
542,300059.SZ,20180327,9.1154,9.4323,8.9656,9.4208,9.029,0.3917999999999999,4.3394,2304329.72,3681815.394
543,300059.SZ,20180326,8.303,9.0463,8.2972,9.029,8.3548,0.6742000000000008,8.0696,1953693.71,2926084.088
544,300059.SZ,20180323,8.4701,8.7236,8.1647,8.3548,8.8504,-0.4956000000000014,-5.5997,1917548.23,2816391.342
545,300059.SZ,20180322,8.931,9.0578,8.7639,8.8504,8.8907,-0.040300000000000225,-0.4533,1288079.54,1990204.252
546,300059.SZ,20180321,9.2191,9.3689,8.8849,8.8907,9.2768,-0.386099999999999,-4.162,1571520.27,2495526.738
547,300059.SZ,20180320,9.1327,9.3171,8.9656,9.2768,9.2479,0.028900000000000148,0.3125,1578914.9,2508297.711
548,300059.SZ,20180319,9.2768,9.4669,9.1097,9.2479,8.9656,0.28229999999999933,3.1487,2259618.13,3641454.899
549,300059.SZ,20180316,9.1154,9.4784,8.9483,8.9656,9.0808,-0.11519999999999975,-1.2686,2661045.96,4273201.752
550,300059.SZ,20180315,8.6429,9.0924,8.6141,9.0808,8.7351,0.3457000000000008,3.9576,1959779.18,3004622.565
551,300059.SZ,20180314,8.6141,8.9022,8.5911,8.7351,8.6717,0.06339999999999968,0.7311,1652466.42,2514670.589
552,300059.SZ,20180313,8.7524,8.908,8.5968,8.6717,8.7294,-0.05770000000000053,-0.661,1645575.45,2498191.534
553,300059.SZ,20180312,8.7006,8.9195,8.6199,8.7294,8.6372,0.09220000000000006,1.0675,2030688.15,3077671.156
554,300059.SZ,20180309,7.963,8.6775,7.9573,8.6372,7.9515,0.6856999999999998,8.6235,2718956.29,3931474.255
555,300059.SZ,20180308,7.9285,8.0264,7.8996,7.9515,7.963,-0.011499999999999844,-0.1444,608942.14,840380.018
556,300059.SZ,20180307,8.0206,8.1474,7.9342,7.963,8.084,-0.12099999999999955,-1.4968,855710.02,1191675.37
557,300059.SZ,20180306,8.0552,8.205,8.0206,8.084,7.9976,0.08639999999999937,1.0803,1497213.22,2106954.786
558,300059.SZ,20180305,7.9227,8.0264,7.8535,7.9976,7.8651,0.13250000000000028,1.6847,890954.25,1229525.309
559,300059.SZ,20180302,8.0379,8.1532,7.8535,7.8651,8.1589,-0.2937999999999992,-3.601,1399626.65,1944487.981
560,300059.SZ,20180301,7.819,8.182,7.7844,8.1589,7.9457,0.21319999999999872,2.6832,1832373.96,2549920.542
561,300059.SZ,20180228,7.8651,8.1416,7.8075,7.9457,8.0034,-0.05769999999999875,-0.7209,1422072.64,1972185.918
562,300059.SZ,20180227,8.0091,8.1013,7.9342,8.0034,8.0264,-0.023000000000001464,-0.2866,1459368.26,2029610.077
563,300059.SZ,20180226,7.8478,8.0955,7.7095,8.0264,7.6749,0.3515000000000006,4.5799,1626227.3,2232202.383
564,300059.SZ,20180223,7.7325,7.7844,7.577,7.6749,7.7268,-0.051899999999999835,-0.6717,1030999.72,1376330.824
565,300059.SZ,20180222,7.5136,7.8305,7.4617,7.7268,7.3868,0.33999999999999986,4.6028,1374946.37,1831421.571
566,300059.SZ,20180214,7.4617,7.5194,7.3234,7.3868,7.5194,-0.13260000000000005,-1.7634,979472.01,1259630.543
567,300059.SZ,20180213,7.5827,7.7959,7.5021,7.5194,7.5654,-0.04600000000000026,-0.608,1393436.02,1848154.419
568,300059.SZ,20180212,7.479,7.6576,7.2601,7.5654,7.4444,0.12100000000000044,1.6254,1702372.94,2209077.599
569,300059.SZ,20180209,7.9515,8.0495,7.4444,7.4444,8.2684,-0.8239999999999998,-9.9657,2456638.86,3261967.39
570,300059.SZ,20180208,8.2569,8.4758,8.1993,8.2684,8.4009,-0.13250000000000028,-1.5772,1441061.65,2084310.682
571,300059.SZ,20180207,8.4067,8.6775,8.1589,8.4009,8.1705,0.2303999999999995,2.8199,2495142.07,3646316.036
572,300059.SZ,20180206,8.5162,8.931,8.0898,8.1705,8.7812,-0.6106999999999996,-6.9546,2301577.21,3438985.878
573,300059.SZ,20180205,8.5911,8.8619,8.4874,8.7812,8.7294,0.05180000000000007,0.5934,1562398.2,2353808.578
574,300059.SZ,20180202,8.5507,8.9656,8.4701,8.7294,8.7294,0.0,0.0,2264916.16,3457789.135
575,300059.SZ,20180201,8.8734,9.0347,8.6141,8.7294,8.81,-0.08060000000000045,-0.9149,2177750.91,3345607.827
576,300059.SZ,20180131,9.0347,9.0463,8.6429,8.81,9.15,-0.33999999999999986,-3.7158,2474351.76,3801669.794
577,300059.SZ,20180130,9.2364,9.415,9.052,9.15,9.2652,-0.11519999999999975,-1.2434,1649444.03,2637067.618
578,300059.SZ,20180129,9.3747,9.4784,9.1385,9.2652,9.4438,-0.17859999999999943,-1.8912,2187352.45,3526565.096
579,300059.SZ,20180126,9.3056,9.5476,9.173,9.4438,9.2076,0.2362000000000002,2.5653,2468342.7,4014689.584
580,300059.SZ,20180125,9.2076,9.7204,9.0636,9.2076,9.2134,-0.0058000000000006935,-0.063,3757187.32,6105883.777
581,300059.SZ,20180124,8.4009,9.294,8.3606,9.2134,8.447,0.7664000000000009,9.073,3989853.73,6161091.61
582,300059.SZ,20180123,8.2281,8.4874,8.182,8.447,8.2742,0.17279999999999873,2.0884,1933129.16,2799518.716
583,300059.SZ,20180122,7.8708,8.5162,7.7959,8.2742,7.8651,0.40910000000000046,5.2015,2405368.76,3426714.648
584,300059.SZ,20180119,7.5885,8.0495,7.5366,7.8651,7.5712,0.29389999999999983,3.8818,1969921.72,2670582.041
585,300059.SZ,20180118,7.5654,7.6865,7.5136,7.5712,7.5943,-0.023099999999999454,-0.3042,810574.51,1067763.945
586,300059.SZ,20180117,7.3062,7.7498,7.2716,7.5943,7.2774,0.3168999999999995,4.3546,1779427.79,2324835.661
587,300059.SZ,20180116,7.2543,7.2889,7.0987,7.2774,7.2716,0.005799999999999805,0.0798,940088.51,1173405.067
588,300059.SZ,20180115,7.5539,7.5539,7.2082,7.2716,7.6231,-0.3514999999999997,-4.611,929592.09,1194910.402
589,300059.SZ,20180112,7.6692,7.7614,7.577,7.6231,7.6634,-0.040300000000000225,-0.5259,958017.26,1275214.815
590,300059.SZ,20180111,7.4617,7.7153,7.3407,7.6634,7.4905,0.17290000000000028,2.3083,1326782.14,1741720.569
591,300059.SZ,20180110,7.4675,7.5597,7.3868,7.4905,7.4905,0.0,0.0,577215.12,749097.735
592,300059.SZ,20180109,7.6115,7.6519,7.456,7.4905,7.6058,-0.1153000000000004,-1.5159,616235.68,804693.872
593,300059.SZ,20180108,7.4905,7.7153,7.4041,7.6058,7.5251,0.08070000000000022,1.0724,1024281.24,1347551.449
594,300059.SZ,20180105,7.5021,7.6404,7.4848,7.5251,7.5194,0.005700000000000038,0.0758,644892.22,845376.42
595,300059.SZ,20180104,7.577,7.5943,7.456,7.5194,7.6288,-0.10939999999999994,-1.434,630312.17,821506.66
596,300059.SZ,20180103,7.5078,7.6807,7.4444,7.6288,7.4905,0.1383000000000001,1.8463,931473.94,1226259.094
597,300059.SZ,20180102,7.4963,7.5654,7.4099,7.4905,7.4617,0.028799999999999493,0.386,508378.14,660022.824
