date,open,high,close,low,volume,price_change,p_change,ma5,ma10,ma20,v_ma5,v_ma10,v_ma20
2020-03-30,16.42,16.42,15.84,15.66,186887.34,-0.82,-4.92,16.796,17.007,17.795,160700.79,186050.1,260932.22
2020-03-27,17.04,17.1,16.66,16.66,109612.43,-0.2,-1.19,16.994,17.093,17.948,155916.43,192240.86,265978.01
2020-03-26,17.2,17.24,16.86,16.85,156464.73,-0.51,-2.94,17.2,17.188,18.026,169626.64,215062.66,280105.71
2020-03-25,17.6,17.65,17.37,17.21,191104.72,0.12,0.7,17.32,17.302,18.183,185348.44,219797.65,289808.97
2020-03-24,17.2,17.33,17.25,16.7,159434.73,0.42,2.5,17.226,17.379,18.304,193616.07,224076.51,302888.34
2020-03-23,17.16,17.33,16.83,16.75,162965.56,-0.86,-4.86,17.218,17.528,18.473,211399.42,238370.22,331980.03
2020-03-20,17.7,17.72,17.69,17.26,178163.48,0.23,1.32,17.192,17.638,18.705,228565.29,254449.52,352486.33
2020-03-19,17.0,17.59,17.46,16.87,235073.69,0.56,3.31,17.176,17.789,18.886,260498.67,259090.41,377645.23
2020-03-18,17.52,17.75,16.9,16.88,232442.91,-0.31,-1.8,17.284,18.01,19.038,254246.86,287127.61,399097.26
2020-03-17,17.05,17.35,17.21,16.31,248351.44,0.51,3.05,17.532,18.336,19.154,254536.95,317355.03,411894.23
2020-03-16,17.65,17.66,16.7,16.7,248794.95,-0.91,-5.17,17.838,18.583,19.245,265341.02,335814.33,419442.29
2020-03-13,17.01,17.74,17.61,16.81,337830.38,-0.39,-2.17,18.084,18.803,19.355,280333.74,339715.15,428263.98
2020-03-12,17.82,18.14,18.0,17.7,203814.62,-0.14,-0.77,18.402,18.864,19.366,257682.14,345148.77,426892.59
2020-03-11,18.83,18.88,18.14,18.11,233893.34,-0.6,-3.2,18.736,19.063,19.35,320008.36,359820.29,432986.76
2020-03-10,17.87,18.78,18.74,17.77,302371.81,0.81,4.52,19.14,19.229,19.342,380173.12,381700.16,442291.85
2020-03-09,18.55,18.8,17.93,17.9,323758.56,-1.27,-6.62,19.328,19.418,19.261,406287.64,425589.84,444009.89
2020-03-06,19.28,19.65,19.2,19.12,224572.36,-0.47,-2.39,19.522,19.772,19.247,399096.55,450523.15,443773.47
2020-03-05,20.4,20.48,19.67,19.25,515445.75,-0.49,-2.43,19.326,19.982,19.175,432615.39,496200.06,450980.58
2020-03-04,20.0,20.73,20.16,19.54,534717.12,0.48,2.44,19.39,20.066,19.05,399632.21,511066.91,442154.75
2020-03-03,19.26,20.3,19.68,19.2,432944.41,0.78,4.13,19.318,19.972,18.877,383227.2,506433.43,433956.98
2020-03-02,18.6,19.11,18.9,18.31,287803.12,0.68,3.73,19.508,19.907,18.721,444892.03,503070.26,432744.62
2020-02-28,18.9,19.37,18.22,18.14,392166.56,-1.77,-8.85,20.022,19.906,18.616,501949.75,516812.82,420766.71
2020-02-27,19.97,20.6,19.99,19.61,350529.84,0.19,0.96,20.638,19.868,18.639,559784.72,508636.42,420030.48
2020-02-26,20.25,20.43,19.8,19.68,452692.09,-0.83,-4.02,20.742,19.637,18.598,622501.62,506153.23,416064.74
2020-02-25,20.81,21.28,20.63,19.79,741268.56,-0.84,-3.91,20.626,19.454,18.558,629639.65,502883.55,411626.78
2020-02-24,21.47,21.98,21.47,21.25,573091.69,0.17,0.8,20.306,19.104,18.518,561248.48,462429.94,388259.63
2020-02-21,20.45,21.8,21.3,20.23,681341.44,0.79,3.85,19.79,18.721,18.429,531675.89,437023.79,373960.1
2020-02-20,19.24,20.98,20.51,19.17,664114.31,1.29,6.71,19.098,18.368,18.351,457488.12,405761.1,365354.83
2020-02-19,18.83,19.74,19.22,18.63,488382.25,0.19,1.0,18.532,18.033,18.306,389804.84,373242.59,351264.68
2020-02-18,18.86,19.13,19.03,18.55,399312.72,0.14,0.74,18.282,17.782,18.309,376127.44,361480.54,346816.45
2020-02-17,17.99,18.93,18.89,17.91,425228.72,1.05,5.89,17.902,17.535,18.325,363611.39,362418.98,355981.3
2020-02-14,17.63,18.21,17.84,17.55,310402.62,0.16,0.91,17.652,17.326,18.327,342371.7,324720.61,356859.63
2020-02-13,17.95,18.27,17.68,17.58,325697.88,-0.29,-1.61,17.638,17.409,18.395,354034.07,331424.54,383212.36
2020-02-12,17.1,18.07,17.97,17.07,419995.28,0.84,4.9,17.534,17.559,18.499,356680.35,325976.25,440199.97
2020-02-11,17.8,17.88,17.13,17.03,336732.47,-0.51,-2.89,17.282,17.662,18.522,346833.64,320370.01,451974.36
2020-02-10,17.59,17.74,17.64,17.27,319030.25,-0.13,-0.73,17.168,17.931,18.503,361226.57,314089.31,453498.0
2020-02-07,17.05,17.96,17.77,16.91,368714.47,0.61,3.56,17.0,18.136,18.467,307069.52,310896.4,456431.74
2020-02-06,16.7,17.33,17.16,16.56,338929.28,0.45,2.69,17.18,18.333,18.387,308815.01,324948.56,446761.27
2020-02-05,16.73,17.17,16.71,16.55,370761.72,0.15,0.91,17.584,18.578,18.323,295272.14,329286.76,434522.93
2020-02-04,15.8,16.88,16.56,15.8,408697.12,-0.24,-1.43,18.042,18.836,18.282,293906.38,332152.36,421529.57
2020-02-03,16.8,16.8,16.8,16.8,48245.0,-1.87,-10.02,18.694,19.115,18.239,266952.06,349543.63,405944.89
2020-01-23,19.1,19.98,18.67,18.46,377441.91,-0.51,-2.66,19.272,19.328,18.192,314723.28,388998.65,407673.13
2020-01-22,18.8,19.37,19.18,18.7,271214.97,0.18,0.95,19.486,19.381,18.051,341082.12,435000.18,393610.58
2020-01-21,19.87,19.9,19.0,18.8,363932.88,-0.82,-4.14,19.572,19.438,17.882,363301.37,554423.7,385764.16
2020-01-20,19.7,19.87,19.82,19.2,273925.53,0.13,0.66,19.63,19.381,17.703,370398.34,583578.71,374740.04
2020-01-17,19.88,20.04,19.69,19.54,287101.12,-0.05,-0.25,19.536,19.074,17.506,432135.2,592906.69,368283.82
2020-01-16,19.51,20.15,19.74,19.34,509236.09,0.13,0.66,19.384,18.797,17.329,463274.02,601967.09,360050.98
2020-01-15,19.2,19.77,19.61,19.04,382311.25,0.32,1.66,19.276,18.44,17.154,528918.24,568573.99,344551.71
2020-01-14,19.28,19.64,19.29,19.1,399417.72,-0.06,-0.31,19.304,18.067,16.98,745546.02,539759.11,334946.68
2020-01-13,18.85,19.43,19.35,18.69,582609.81,0.42,2.22,19.132,17.728,16.811,796759.09,510906.77,324154.36
2020-01-10,19.25,19.43,18.93,18.9,442795.25,-0.27,-1.41,18.612,17.362,16.626,753678.19,462346.15,300863.66
2020-01-09,19.5,19.9,19.2,18.76,837457.19,-0.55,-2.79,18.21,17.056,16.458,740660.15,426347.61,283759.15
2020-01-08,19.5,20.27,19.75,19.13,1465450.12,1.32,7.16,17.604,16.721,16.275,608229.73,352220.98,245678.11
2020-01-07,16.7,18.43,18.43,16.68,655483.06,1.68,10.03,16.83,16.326,16.066,333972.2,217104.63,177753.27
2020-01-06,16.79,17.05,16.75,16.6,367205.31,-0.17,-1.0,16.324,16.025,15.924,225054.46,165901.37,152280.05
2020-01-03,16.18,17.27,16.92,16.08,377705.09,0.75,4.64,16.112,15.938,15.851,171014.12,143660.95,137549.14
2020-01-02,15.95,16.25,16.17,15.93,175305.05,0.29,1.83,15.902,15.861,15.772,112035.06,118134.88,123641.69
2019-12-31,15.88,16.01,15.88,15.76,94162.49,-0.02,-0.13,15.838,15.868,15.728,96212.23,120529.44,118053.4
2019-12-30,15.6,15.92,15.9,15.37,110894.37,0.21,1.34,15.822,15.893,15.694,100237.05,130134.25,116493.16
2019-12-27,15.91,16.01,15.69,15.68,97003.6,-0.18,-1.13,15.726,15.894,15.653,106748.28,137401.96,114107.3
2019-12-26,15.9,15.9,15.87,15.72,82809.79,0.02,0.13,15.764,15.89,15.616,116307.79,139381.17,112621.42
2019-12-25,15.8,15.92,15.85,15.72,96190.91,0.05,0.32,15.82,15.86,15.57,124234.7,141170.68,111360.38
2019-12-24,15.44,15.87,15.8,15.38,114286.59,0.38,2.46,15.898,15.829,15.529,144846.65,139135.24,111241.49
2019-12-23,15.9,15.92,15.42,15.41,143450.5,-0.46,-2.9,15.964,15.805,15.482,160031.44,138401.91,110783.32
2019-12-20,16.14,16.2,15.88,15.85,144801.14,-0.27,-1.67,16.062,15.822,15.473,168055.63,138658.73,107278.57
2019-12-19,16.28,16.34,16.15,16.08,122444.35,-0.09,-0.55,16.016,15.764,15.445,162454.55,131437.32,105076.5
2019-12-18,16.2,16.5,16.24,16.15,199250.66,0.11,0.68,15.9,15.682,15.406,158106.67,129148.5,102108.18
2019-12-17,15.99,16.23,16.13,15.93,190210.56,0.22,1.38,15.76,15.587,15.363,133423.83,115577.37,97133.38
2019-12-16,15.68,15.92,15.91,15.6,183571.45,0.26,1.66,15.646,15.494,15.335,116772.38,102852.07,92277.34
2019-12-13,15.71,15.75,15.65,15.51,116795.73,0.08,0.51,15.582,15.411,15.308,109261.83,90812.64,86700.86
2019-12-12,15.57,15.71,15.57,15.45,100704.95,0.03,0.19,15.512,15.341,15.289,100420.09,85861.68,85237.09
2019-12-11,15.6,15.65,15.54,15.47,75836.47,-0.02,-0.13,15.464,15.28,15.278,100190.34,81550.09,84909.91
2019-12-10,15.54,15.65,15.56,15.38,106953.32,-0.03,-0.19,15.414,15.228,15.264,97730.9,83347.73,84966.82
2019-12-09,15.31,15.67,15.59,15.23,146018.69,0.29,1.9,15.342,15.159,15.25,88931.75,83164.72,85603.37
2019-12-06,15.34,15.35,15.3,15.2,72587.01,-0.03,-0.2,15.24,15.123,15.226,72363.44,75898.4,88508.01
2019-12-05,15.3,15.38,15.33,15.22,99556.2,0.04,0.26,15.17,15.126,15.249,71303.27,78715.68,93327.65
2019-12-04,15.1,15.3,15.29,15.06,63539.29,0.09,0.59,15.096,15.129,15.272,62909.83,75067.85,96019.29
2019-12-03,15.01,15.2,15.2,14.97,62957.54,0.12,0.8,15.042,15.138,15.279,68964.56,78689.39,100226.84
2019-12-02,15.05,15.15,15.08,14.98,63177.16,0.13,0.87,14.976,15.176,15.303,77397.7,81702.61,103126.97
2019-11-29,14.98,15.05,14.95,14.82,67286.15,-0.01,-0.07,15.006,15.205,15.327,79433.36,82589.08,110150.41
2019-11-28,15.02,15.16,14.96,14.9,57589.02,-0.06,-0.4,15.082,15.237,15.367,86128.1,84612.51,114738.45
2019-11-27,14.94,15.28,15.02,14.9,93812.93,0.15,1.01,15.162,15.276,15.396,87225.87,88269.73,121195.36
2019-11-26,15.25,15.33,14.87,14.87,105123.22,-0.36,-2.36,15.234,15.299,15.431,88414.21,86585.91,133110.89
2019-11-25,15.33,15.37,15.23,15.1,73355.47,-0.1,-0.65,15.376,15.341,15.499,86007.53,88042.03,156982.32
2019-11-22,15.43,15.59,15.33,15.25,100759.85,-0.03,-0.2,15.404,15.328,15.597,85744.81,101117.63,192922.83
2019-11-21,15.38,15.46,15.36,15.23,63077.87,-0.02,-0.13,15.392,15.372,15.612,83096.91,107939.61,192593.2
2019-11-20,15.58,15.73,15.38,15.32,99754.65,-0.2,-1.28,15.39,15.414,15.622,89313.59,116970.72,193704.13
2019-11-19,15.4,15.58,15.58,15.28,93089.82,0.21,1.37,15.364,15.419,15.63,84757.61,121764.29,193728.75
2019-11-18,15.3,15.43,15.37,15.21,72041.86,0.1,0.66,15.306,15.429,15.64,90076.52,124551.33,195020.56
2019-11-15,15.36,15.59,15.27,15.27,87520.36,-0.08,-0.52,15.252,15.449,15.65,116490.45,137711.73,197495.86
2019-11-14,15.26,15.43,15.35,15.2,94161.27,0.1,0.66,15.352,15.496,15.669,132782.31,144864.4,201534.01
2019-11-13,15.27,15.32,15.25,15.13,76974.75,-0.04,-0.26,15.438,15.516,15.709,144627.85,154121.0,201547.27
2019-11-12,15.12,15.3,15.29,14.91,119684.37,0.19,1.26,15.474,15.562,15.755,158770.96,179635.87,203625.71
2019-11-11,15.53,15.56,15.1,15.04,204111.48,-0.67,-4.25,15.552,15.656,15.807,159026.14,225922.6,203642.31
2019-11-08,15.88,16.04,15.77,15.68,168979.69,-0.01,-0.06,15.646,15.865,15.881,158933.02,284728.02,200095.67
2019-11-07,15.47,15.84,15.78,15.42,153388.95,0.35,2.27,15.64,15.851,15.911,156946.49,277246.79,197928.74
2019-11-06,15.6,15.77,15.43,15.4,147690.31,-0.25,-1.59,15.594,15.829,15.942,163614.15,270437.55,196372.99
2019-11-05,15.57,15.81,15.68,15.5,120960.28,0.11,0.71,15.65,15.841,15.983,200500.78,265693.21,194596.03
2019-11-04,15.7,15.93,15.57,15.55,203645.88,-0.17,-1.08,15.76,15.85,16.004,292819.06,265489.79,197177.85
2019-11-01,15.53,15.77,15.74,15.42,159047.05,0.19,1.22,16.084,15.85,16.045,410523.03,257279.99,193127.17
2019-10-31,15.71,15.88,15.55,15.5,186727.23,-0.16,-1.02,16.062,15.841,16.095,397547.08,258203.63,192211.16
2019-10-30,16.1,16.13,15.71,15.65,332123.47,-0.52,-3.2,16.064,15.902,16.141,377260.95,248973.53,200994.53
2019-10-29,17.0,17.26,16.23,16.2,582551.69,-0.96,-5.58,16.032,15.947,16.254,330885.64,227615.55,195199.81
2019-10-28,17.12,17.19,17.19,16.53,792165.69,1.56,9.98,15.94,15.958,16.338,238160.51,181362.01,176168.99
2019-10-25,15.55,15.68,15.63,15.31,94167.33,0.07,0.45,15.616,15.897,16.357,104036.96,115463.31,143137.56
2019-10-24,15.52,15.66,15.56,15.43,85296.55,0.01,0.06,15.62,15.971,16.471,118860.17,118610.68,145972.01
2019-10-23,15.78,15.81,15.55,15.45,100246.92,-0.22,-1.4,15.74,16.055,16.592,120686.12,122308.43,148740.08
2019-10-22,15.62,15.83,15.77,15.47,118926.05,0.2,1.28,15.862,16.124,16.699,124345.46,123498.85,151918.43
2019-10-21,15.72,15.75,15.57,15.46,121547.96,-0.08,-0.51,15.976,16.158,16.812,124563.52,128865.91,156985.96
2019-10-18,16.16,16.23,15.65,15.62,168283.36,-0.51,-3.16,16.178,16.239,16.975,126889.65,128974.34,166399.63
2019-10-17,16.16,16.36,16.16,16.07,94426.29,0.0,0.0,16.322,16.348,17.099,118361.2,126218.7,163484.65
2019-10-16,16.36,16.38,16.16,16.12,118543.66,-0.18,-1.1,16.37,16.379,17.193,123930.73,153015.53,165675.81
2019-10-15,16.59,16.63,16.34,16.16,120016.31,-0.24,-1.45,16.386,16.56,17.299,122652.23,162784.06,168673.68
2019-10-14,16.58,16.8,16.58,16.43,133178.64,0.21,1.28,16.34,16.717,17.413,133168.3,170975.96,174239.33
2019-10-11,16.44,16.56,16.37,16.24,125641.1,-0.03,-0.18,16.3,16.817,17.491,131059.02,170811.82,176576.54
2019-10-10,16.26,16.48,16.4,16.2,122273.96,0.16,0.98,16.374,16.97,17.563,134076.2,173333.34,180751.38
2019-10-09,16.04,16.27,16.24,16.01,112151.16,0.13,0.81,16.388,17.129,17.622,182100.33,175171.73,182159.77
2019-10-08,16.38,16.46,16.11,16.08,172596.64,-0.27,-1.65,16.734,17.273,17.691,202915.89,180338.02,183165.35
2019-09-30,16.72,16.85,16.38,16.31,122632.26,-0.36,-2.15,17.094,17.465,17.767,208783.62,185106.02,182413.28
2019-09-27,16.58,16.96,16.74,16.53,140726.97,0.27,1.64,17.334,17.71,17.806,210564.61,203824.93,181978.84
2019-09-26,18.03,18.03,16.47,16.39,362394.62,-1.5,-8.35,17.566,17.849,17.841,212590.47,200750.61,180137.79
2019-09-25,17.78,18.25,17.97,17.57,216228.94,0.06,0.34,17.87,18.007,17.895,168243.13,178336.09,168865.03
2019-09-24,17.57,18.16,17.91,17.52,201935.3,0.33,1.88,17.812,18.038,17.868,157760.15,174563.3,166965.6
2019-09-23,17.77,17.8,17.58,17.38,131537.23,-0.32,-1.79,17.836,18.108,17.803,161428.41,177502.69,162489.0
2019-09-20,18.0,18.15,17.9,17.66,150856.27,-0.09,-0.5,18.086,18.165,17.772,197085.25,182341.27,161118.57
2019-09-19,17.75,18.0,17.99,17.52,140657.89,0.31,1.75,18.132,18.155,17.727,188910.74,188169.43,156395.28
2019-09-18,18.14,18.15,17.68,17.45,163814.06,-0.35,-1.94,18.144,18.114,17.674,188429.04,189147.81,152503.87
2019-09-17,18.65,18.72,18.03,17.73,220276.62,-0.8,-4.25,18.264,18.109,17.635,191366.45,185992.68,149390.73
2019-09-16,18.34,19.08,18.83,18.21,309821.41,0.7,3.86,18.38,18.068,17.577,193576.97,179720.54,143916.19
2019-09-12,18.08,18.19,18.13,17.91,109983.72,0.08,0.44,18.244,17.901,17.441,167597.29,160132.76,131008.3
2019-09-11,18.45,18.47,18.05,17.96,138249.41,-0.23,-1.26,18.178,17.833,17.342,187428.11,159524.97,128792.35
2019-09-10,18.5,18.76,18.28,18.13,178501.09,-0.33,-1.77,18.084,17.782,17.235,189866.57,159393.98,124757.05
2019-09-09,18.36,18.63,18.61,18.13,231329.23,0.46,2.53,17.954,17.698,17.108,180618.91,159367.9,119255.83
2019-09-06,17.88,18.3,18.15,17.77,179923.0,0.35,1.97,17.756,17.498,16.984,165864.11,147475.3,110537.75
2019-09-05,17.65,18.23,17.8,17.65,209137.84,0.22,1.25,17.558,17.378,16.868,152668.22,139895.87,104873.67
2019-09-04,17.52,17.81,17.58,17.28,150441.7,-0.05,-0.28,17.488,17.298,16.782,131621.83,124621.13,98117.84
2019-09-03,17.65,17.86,17.63,17.42,132262.8,0.01,0.06,17.48,17.233,16.709,128921.39,115859.93,95282.15
2019-09-02,17.31,17.74,17.62,17.08,157555.19,0.46,2.68,17.442,17.161,16.678,138116.89,112788.78,93662.67
2019-08-30,17.55,17.74,17.16,17.02,113943.58,-0.29,-1.66,17.24,17.086,16.658,129086.49,108111.84,89773.39
2019-08-29,17.49,17.69,17.45,17.42,103905.87,-0.09,-0.51,17.198,16.981,16.671,127123.52,101883.84,88341.42
2019-08-28,17.45,17.73,17.54,17.36,136939.53,0.1,0.57,17.108,16.851,16.669,117620.42,98059.72,86465.79
2019-08-27,16.75,17.75,17.44,16.67,178240.3,0.83,5.0,16.986,16.688,16.664,102798.47,90120.12,83479.5
2019-08-26,16.7,16.85,16.61,16.26,112403.18,-0.34,-2.01,16.88,16.518,16.659,87460.67,79143.75,78657.19
2019-08-23,16.93,17.07,16.95,16.67,104128.71,-0.05,-0.29,16.932,16.469,16.692,87137.19,73600.21,77344.4
2019-08-22,16.9,17.11,17.0,16.84,56390.4,0.07,0.41,16.764,16.358,16.695,76644.16,69851.46,74502.82
2019-08-21,16.83,17.03,16.93,16.8,62829.74,0.02,0.12,16.594,16.266,16.693,78499.02,71614.56,75488.23
2019-08-20,16.87,17.05,16.91,16.82,101551.3,0.04,0.24,16.39,16.185,16.686,77441.76,74704.36,75898.08
2019-08-19,16.28,16.96,16.87,16.26,110785.8,0.76,4.72,16.156,16.194,16.67,70826.83,74536.57,73171.52
2019-08-16,16.1,16.28,16.11,16.01,51663.56,-0.04,-0.25,16.006,16.229,16.648,60063.23,71434.94,70606.46
2019-08-15,15.57,16.16,16.15,15.52,65664.68,0.24,1.51,15.952,16.36,16.665,63058.76,74799.0,70364.52
2019-08-14,15.98,16.09,15.91,15.83,57543.48,0.17,1.08,15.938,16.486,16.675,64730.11,74871.86,69344.77
2019-08-13,16.01,16.08,15.74,15.61,68476.65,-0.38,-2.36,15.98,16.64,16.71,71966.96,76838.88,68534.48
2019-08-12,15.83,16.14,16.12,15.72,56967.76,0.28,1.77,16.232,16.8,16.756,78246.3,78170.63,67469.81
2019-08-09,16.23,16.27,15.84,15.75,66641.23,-0.24,-1.49,16.452,16.914,16.776,82806.65,81088.59,68368.66
2019-08-08,16.19,16.46,16.08,15.97,74021.42,-0.04,-0.25,16.768,17.032,16.789,86539.25,79154.19,66931.92
2019-08-07,16.94,17.02,16.12,16.08,93727.75,-0.58,-3.47,17.034,17.12,16.787,85013.6,79361.91,65204.32
2019-08-06,16.88,17.15,17.0,16.56,99873.32,-0.22,-1.28,17.3,17.186,16.775,81710.79,77091.8,62944.35
2019-08-05,17.36,17.72,17.22,17.2,79769.53,-0.2,-1.15,17.368,17.145,16.727,78094.96,71806.48,60961.93
2019-08-02,17.15,17.54,17.42,17.01,85304.22,0.01,0.06,17.376,17.066,16.669,79370.53,69777.98,63796.21
2019-08-01,17.33,17.5,17.41,17.29,66393.19,-0.04,-0.23,17.296,16.97,16.657,71769.13,65930.04,64203.84
2019-07-31,17.3,17.54,17.45,17.23,77213.69,0.11,0.63,17.206,16.864,16.617,73710.21,63817.69,63405.46
2019-07-30,17.25,17.53,17.34,17.2,81794.17,0.08,0.46,17.072,16.78,16.584,72472.81,60230.08,63056.2
2019-07-29,17.02,17.43,17.26,16.97,86147.36,0.24,1.41,16.922,16.711,16.576,65518.0,56769.0,61612.03
2019-07-26,16.87,17.08,17.02,16.87,47297.24,0.06,0.35,16.756,16.637,16.579,60185.42,55648.73,61915.32
2019-07-25,16.75,17.13,16.96,16.68,76098.59,0.18,1.07,16.644,16.546,16.573,60090.96,54709.65,61443.52
2019-07-24,16.62,16.93,16.78,16.61,71026.67,0.19,1.15,16.522,16.454,16.577,53925.17,51046.73,60624.13
2019-07-23,16.43,16.65,16.59,16.39,47020.16,0.16,0.97,16.488,16.363,16.583,47987.36,48796.9,59456.65
2019-07-22,16.46,16.76,16.43,16.27,59484.46,-0.03,-0.18,16.5,16.309,16.6,48019.99,50117.37,60319.28
2019-07-19,16.44,16.74,16.46,16.39,46824.9,0.11,0.67,16.518,16.272,16.631,51112.03,57814.44,60480.22
2019-07-18,16.37,16.66,16.35,16.22,45269.66,-0.26,-1.56,16.448,16.344,16.665,49328.35,62477.64,63709.02
2019-07-17,16.67,16.79,16.61,16.49,41337.6,-0.04,-0.24,16.386,16.37,16.683,48168.29,62993.22,66941.72
2019-07-16,16.52,16.7,16.65,16.41,47183.34,0.13,0.79,16.238,16.388,16.668,49606.45,65882.33,70877.17
2019-07-15,16.2,16.63,16.52,15.96,74944.63,0.41,2.54,16.118,16.44,16.622,52214.74,66455.06,72310.55
2019-07-12,16.02,16.23,16.11,15.91,37906.53,0.07,0.44,16.026,16.521,16.57,64516.85,68181.92,76524.67
2019-07-11,16.05,16.23,16.04,15.96,39469.33,0.17,1.07,16.24,16.599,16.579,75626.92,68177.39,79865.38
2019-07-10,16.04,16.17,15.87,15.77,48528.41,-0.18,-1.12,16.354,16.7,16.628,77818.16,70201.53,81280.56
2019-07-09,16.08,16.24,16.05,15.9,60224.82,-0.01,-0.06,16.538,16.803,16.688,82158.21,70116.4,82093.78
2019-07-08,17.02,17.06,16.06,15.95,136455.17,-1.12,-6.52,16.762,16.891,16.752,80695.38,70521.19,83850.78
2019-07-05,16.68,17.3,17.18,16.55,93456.89,0.57,3.43,17.016,16.99,16.792,71846.99,63146.0,79191.39
2019-07-04,16.81,16.93,16.61,16.53,50425.51,-0.18,-1.07,16.958,16.985,16.769,60727.86,64940.41,77611.62
2019-07-03,17.19,17.19,16.79,16.64,70228.65,-0.38,-2.21,17.046,16.996,16.794,62584.91,70890.21,78908.05
2019-07-02,17.38,17.38,17.17,17.04,52910.7,-0.16,-0.92,17.068,16.947,16.81,58074.59,75872.02,79787.03
2019-07-01,17.25,17.36,17.33,17.05,92213.22,0.44,2.6,17.02,16.803,16.798,60347.0,78166.04,81176.32
2019-06-28,17.06,17.07,16.89,16.76,37861.2,-0.16,-0.94,16.964,16.619,16.769,54445.0,84867.42,79148.58
2019-06-27,16.95,17.21,17.05,16.87,59710.77,0.15,0.89,17.012,16.559,16.765,69152.96,91553.37,79903.56
2019-06-26,16.79,17.13,16.9,16.77,47677.05,-0.03,-0.18,16.946,16.555,16.764,79195.51,92359.58,80191.36
2019-06-25,17.23,17.24,16.93,16.66,64272.74,-0.12,-0.7,16.826,16.572,16.764,93669.44,94071.16,82082.35
2019-06-24,17.21,17.35,17.05,16.91,62703.22,-0.08,-0.47,16.586,16.613,16.768,95985.07,97180.37,83111.9
2019-06-21,16.8,17.24,17.13,16.77,111401.03,0.41,2.45,16.274,16.593,16.735,115289.84,95236.79,84114.58
2019-06-20,16.18,16.99,16.72,16.18,109923.53,0.42,2.58,16.106,16.552,16.719,113953.78,90282.82,83903.15
2019-06-19,15.99,16.44,16.3,15.99,120046.69,0.57,3.62,16.164,16.592,16.76,105523.64,86925.89,85175.34
2019-06-18,15.47,15.85,15.73,15.42,75850.9,0.24,1.55,16.318,16.672,16.812,94472.88,83702.05,85874.58
2019-06-17,16.3,16.39,15.49,15.11,159227.05,-0.8,-4.91,16.64,16.793,16.894,98375.66,84186.61,89561.28
2019-06-14,17.05,17.09,16.29,16.25,104720.75,-0.72,-4.23,16.912,16.919,16.974,75183.74,73429.75,96348.43
2019-06-13,17.03,17.26,17.01,16.93,67772.8,-0.06,-0.35,16.998,16.971,17.004,66611.86,68253.75,94676.38
2019-06-12,17.32,17.32,17.07,16.98,64792.91,-0.27,-1.56,17.02,16.972,17.005,68328.15,68023.14,95974.83
2019-06-11,16.8,17.34,17.34,16.67,95364.79,0.49,2.91,17.026,16.955,16.987,72931.22,70093.54,97417.06
2019-06-10,16.73,16.96,16.85,16.67,43267.44,0.13,0.78,16.946,16.922,16.963,69997.56,69043.43,97315.03
2019-06-06,17.15,17.19,16.72,16.67,61861.38,-0.4,-2.34,16.926,16.877,16.986,71675.76,72992.37,101158.66
2019-06-05,17.22,17.37,17.12,16.98,76354.23,0.02,0.12,16.944,16.885,16.978,69895.64,77523.48,101848.21
2019-06-04,16.96,17.33,17.1,16.88,87808.24,0.16,0.94,16.924,16.927,16.946,67718.13,83424.79,102731.58
2019-06-03,16.88,17.17,16.94,16.67,80696.49,0.19,1.13,16.884,16.951,16.914,67255.87,88047.1,103761.16
2019-05-31,16.82,17.13,16.75,16.69,51658.48,-0.06,-0.36,16.898,16.994,16.877,68089.3,94935.94,110859.58
2019-05-30,16.95,16.99,16.81,16.65,52960.78,-0.21,-1.23,16.828,17.029,16.936,74308.97,119267.1,120973.63
2019-05-29,16.8,17.29,17.02,16.74,65466.65,0.12,0.71,16.826,17.036,17.047,85151.31,121099.0,133183.0
2019-05-28,17.06,17.21,16.9,16.75,85496.96,-0.11,-0.65,16.93,17.037,17.173,99131.46,123926.52,150747.9
2019-05-27,16.55,17.04,17.01,16.4,84863.65,0.61,3.72,17.018,17.018,17.26,108838.34,124740.57,157016.93
2019-05-24,16.69,16.89,16.4,16.3,82756.81,-0.4,-2.38,17.09,17.003,17.376,121782.58,125586.63,167457.54
2019-05-23,17.53,17.53,16.8,16.75,107172.47,-0.74,-4.22,17.23,17.095,17.503,164225.24,129324.96,176266.42
2019-05-22,17.4,17.71,17.54,17.23,135367.41,0.2,1.15,17.246,17.07,17.574,157046.69,126172.94,179679.73
2019-05-21,17.25,17.53,17.34,17.02,134031.34,-0.03,-0.17,17.144,16.965,17.61,148721.59,122038.37,176643.33
2019-05-20,16.92,17.44,17.37,16.61,149584.88,0.27,1.58,17.018,16.877,17.654,140642.8,119475.22,175092.75
2019-05-17,17.46,18.55,17.1,16.89,294970.09,0.22,1.3,16.916,16.759,17.696,129390.67,126783.21,172813.1
2019-05-16,17.03,17.05,16.88,16.72,71279.72,-0.15,-0.88,16.96,16.843,17.751,94424.68,122680.16,162928.88
2019-05-15,16.77,17.14,17.03,16.75,93741.91,0.32,1.92,16.894,17.057,17.801,95299.2,145267.0,164270.57
2019-05-14,16.78,17.05,16.71,16.58,93637.39,-0.15,-0.89,16.786,17.308,17.843,95355.16,177569.27,163313.21
2019-05-13,17.2,17.2,16.86,16.77,93324.25,-0.46,-2.66,16.736,17.502,17.908,98307.65,189293.29,163477.25
2019-05-10,16.7,17.38,17.32,16.5,120140.14,0.77,4.65,16.602,17.749,17.993,124175.75,209328.45,166406.36
2019-05-09,16.28,16.89,16.55,16.21,75652.29,0.06,0.36,16.726,17.911,18.044,150935.64,223207.88,166012.69
2019-05-08,16.03,16.84,16.49,16.0,94021.72,0.03,0.18,17.22,18.078,18.126,195234.8,233186.53,172758.58
2019-05-07,16.45,16.65,16.46,16.15,108399.85,0.27,1.67,17.83,18.255,18.244,259783.38,231248.29,181469.47
2019-05-06,17.1,17.46,16.19,16.19,222664.77,-1.75,-9.76,18.268,18.43,18.343,280278.92,230710.28,183087.48
2019-04-30,18.83,18.99,17.94,17.84,253939.59,-1.08,-5.68,18.896,18.633,18.457,294481.14,218842.98,183627.74
2019-04-29,19.65,19.74,19.02,18.65,297148.09,-0.52,-2.66,19.096,18.658,18.477,295480.11,203177.59,179646.49
2019-04-26,18.55,19.99,19.54,18.55,416764.59,0.89,4.77,18.936,18.545,18.411,271138.25,183274.14,170977.18
2019-04-25,19.17,19.45,18.65,18.65,210877.58,-0.68,-3.52,18.68,18.378,18.29,202713.2,149057.16,155878.75
2019-04-24,18.79,19.34,19.33,18.54,293675.84,0.39,2.06,18.592,18.313,18.229,181141.64,137661.21,152287.48
2019-04-23,18.24,19.06,18.94,18.16,258934.44,0.72,3.95,18.37,18.236,18.144,143204.82,123484.28,145429.75
2019-04-22,18.77,18.77,18.22,18.11,175438.8,-0.04,-0.22,18.22,18.176,18.083,110875.07,108817.5,137072.72
2019-04-19,18.24,18.39,18.26,18.03,74639.35,0.05,0.28,18.154,18.173,18.074,95410.03,112330.62,134055.75
2019-04-18,18.12,18.6,18.21,18.12,103019.78,-0.01,-0.06,18.076,18.232,18.07,95401.12,131690.65,137101.53
2019-04-17,18.16,18.45,18.22,18.05,103991.72,0.03,0.17,18.034,18.256,18.056,94180.77,135464.67,137774.78
2019-04-16,17.84,18.21,18.19,17.44,97285.71,0.3,1.68,18.102,18.281,18.06,103763.73,148412.51,140002.33
2019-04-15,18.06,18.54,17.89,17.87,98113.58,0.02,0.11,18.132,18.296,18.055,106759.92,156115.39,141131.52
2019-04-12,18.0,18.2,17.87,17.65,74594.81,-0.13,-0.72,18.192,18.277,18.053,129251.22,158680.23,141770.49
2019-04-11,18.51,18.55,18.0,17.98,96918.05,-0.56,-3.02,18.388,18.202,18.052,167980.18,162700.34,147501.0
2019-04-10,18.34,18.75,18.56,18.1,151906.52,0.22,1.2,18.478,18.144,18.059,176748.56,166913.76,155394.54
2019-04-09,18.1,18.49,18.34,18.05,112266.64,0.15,0.82,18.46,18.051,18.089,193061.28,167375.22,164449.48
2019-04-08,18.95,19.16,18.19,18.0,210570.08,-0.66,-3.5,18.46,17.989,18.127,205470.86,165327.94,173048.65
2019-04-04,18.65,19.1,18.85,18.2,268239.59,0.4,2.17,18.362,17.974,18.138,188109.24,155780.88,181865.92
2019-04-03,18.2,18.58,18.45,18.08,140759.98,-0.02,-0.11,18.016,17.907,18.115,157420.5,142512.41,182840.62
2019-04-02,18.44,19.19,18.47,18.28,233470.12,0.13,0.71,17.81,17.856,18.084,157078.95,140084.89,185115.36
2019-04-01,17.76,18.42,18.34,17.76,174314.52,0.64,3.62,17.642,17.839,18.059,141689.16,131592.15,182017.05
2019-03-29,17.15,17.75,17.7,16.98,123761.99,0.58,3.39,17.518,17.813,18.019,125185.01,126147.64,183681.41
2019-03-28,17.4,17.69,17.12,17.12,114795.91,-0.3,-1.72,17.586,17.829,18.013,123452.51,124860.76,184059.16
2019-03-27,17.72,17.8,17.42,16.94,139052.2,-0.21,-1.19,17.798,17.902,18.021,127604.32,132301.67,183091.17
2019-03-26,17.76,18.23,17.63,17.54,156521.19,-0.09,-0.51,17.902,17.974,18.018,123090.83,143875.32,184721.11
2019-03-25,17.71,18.04,17.72,17.65,91793.78,-0.32,-1.77,18.036,18.126,18.008,121495.14,161523.74,189398.59
2019-03-22,18.2,18.25,18.04,17.69,115099.48,-0.14,-0.77,18.108,18.265,18.01,127110.27,180769.37,200149.62
2019-03-21,17.88,18.32,18.18,17.88,135554.95,0.24,1.34,18.072,18.301,17.948,126269.0,207950.97,202919.21
2019-03-20,18.28,18.29,17.94,17.61,116484.76,-0.36,-1.97,18.006,18.322,17.841,136999.01,223168.83,201977.37
2019-03-19,18.1,18.7,18.3,18.06,148542.75,0.22,1.22,18.046,18.312,17.746,164659.8,230145.84,200384.51
2019-03-18,17.86,18.09,18.08,17.59,119869.41,0.22,1.23,18.216,18.278,17.646,201552.34,232441.95,198569.95
2019-03-15,17.96,18.25,17.86,17.66,110893.14,0.01,0.06,18.422,18.224,17.552,234428.47,241215.18,197848.84
2019-03-14,18.11,18.48,17.85,17.56,189205.0,-0.29,-1.6,18.53,18.197,17.442,289632.93,243257.57,194966.72
2019-03-13,19.04,19.43,18.14,18.03,254788.69,-1.01,-5.27,18.638,18.139,17.345,309338.65,233880.68,188138.98
2019-03-12,19.14,19.91,19.15,18.82,333005.44,0.04,0.21,18.578,18.061,17.241,295631.87,225566.9,178358.55
2019-03-11,18.25,19.18,19.11,18.25,284250.09,0.71,3.86,18.34,17.889,17.075,263331.57,217273.43,163980.73
2019-03-08,17.96,19.48,18.4,17.7,386915.44,0.01,0.05,18.026,17.754,16.911,248001.88,219529.86,152860.15
2019-03-07,17.81,18.76,18.39,17.65,287733.59,0.55,3.08,17.864,17.594,16.76,196882.21,197887.45,135984.7
2019-03-06,18.0,18.15,17.84,17.52,186254.8,-0.12,-0.67,17.64,17.36,16.59,158422.72,180785.92,124973.15
2019-03-05,17.3,17.97,17.96,17.3,171503.92,0.42,2.4,17.544,17.18,16.458,155501.92,170623.18,119515.03
2019-03-04,17.76,18.13,17.54,17.45,207601.64,-0.05,-0.28,17.438,17.013,16.32,171215.3,164697.95,113676.31
2019-03-01,17.4,17.65,17.59,17.11,131317.08,0.32,1.85,17.482,16.879,16.214,191057.84,154482.51,105586.78
2019-02-28,17.32,17.6,17.27,17.18,95436.14,-0.09,-0.52,17.324,16.686,16.1,198892.7,146675.86,100438.33
2019-02-27,17.43,17.69,17.36,17.19,171650.84,-0.07,-0.4,17.08,16.55,16.01,203149.11,142397.27,97568.64
2019-02-26,17.7,17.82,17.43,17.11,250070.78,-0.33,-1.86,16.816,16.42,15.913,185744.44,131150.2,91322.37
2019-02-25,17.25,18.08,17.76,16.98,306814.38,0.96,5.71,16.588,16.261,15.801,158180.6,110688.02,80742.05
2019-02-22,16.03,16.86,16.8,15.92,170491.36,0.75,4.67,16.276,16.068,15.69,117907.17,86190.43,67273.61
2019-02-21,16.05,16.37,16.05,15.91,116718.21,0.01,0.06,16.048,15.925,15.621,94459.03,74081.95,60426.33
2019-02-20,16.21,16.24,16.04,15.85,84627.45,-0.25,-1.53,16.02,15.82,15.584,81645.43,69160.39,56174.45
2019-02-19,16.24,16.29,16.29,15.9,112251.59,0.09,0.56,16.024,15.735,15.551,76555.96,68406.89,53697.62
2019-02-18,15.77,16.22,16.2,15.77,105447.25,0.54,3.45,15.934,15.626,15.512,63195.44,62654.66,50178.71
2019-02-15,15.97,16.0,15.66,15.65,53250.64,-0.25,-1.57,15.86,15.548,15.463,54473.69,56691.06,46387.18
2019-02-14,16.0,16.08,15.91,15.81,52650.24,-0.15,-0.93,15.802,15.514,15.443,53704.87,54200.79,45897.77
2019-02-13,15.95,16.14,16.06,15.83,59180.09,0.22,1.39,15.62,15.47,15.406,56675.34,52740.01,45535.0
2019-02-12,15.83,16.05,15.84,15.79,45448.97,0.01,0.06,15.446,15.406,15.347,60257.81,51494.53,46264.5
2019-02-11,15.42,15.87,15.83,15.41,61838.5,0.46,2.99,15.318,15.34,15.3,62113.89,50796.08,46394.64
2019-02-01,15.05,15.51,15.37,14.86,49406.55,0.37,2.47,15.236,15.311,15.238,58908.42,48356.8,45954.93
2019-01-31,15.21,15.37,15.0,14.6,67502.58,-0.19,-1.25,15.226,15.317,15.18,54696.7,46770.72,46087.34
2019-01-30,15.21,15.65,15.19,15.06,77092.45,-0.01,-0.07,15.32,15.347,15.116,48804.68,43188.51,45245.46
2019-01-29,15.37,15.46,15.2,14.99,54729.36,-0.22,-1.43,15.366,15.367,15.054,42731.25,38988.36,45268.18
2019-01-28,15.47,15.67,15.42,15.4,45811.17,0.1,0.65,15.362,15.398,15.026,39478.27,37702.76,43967.19
2019-01-25,15.45,15.6,15.32,15.26,28347.95,-0.15,-0.97,15.386,15.377,14.996,37805.17,36083.3,43218.98
2019-01-24,15.49,15.66,15.47,15.33,38042.47,0.05,0.32,15.408,15.372,14.975,38844.73,37594.75,42961.05
2019-01-23,15.28,15.57,15.42,15.22,46725.31,0.24,1.58,15.374,15.341,14.96,37572.33,38329.99,43185.6
2019-01-22,15.46,15.59,15.18,15.09,38464.44,-0.36,-2.32,15.368,15.288,14.945,35245.47,41034.46,43370.68
2019-01-21,15.49,15.64,15.54,15.3,37445.69,0.11,0.71,15.434,15.26,14.945,35927.26,41993.2,44308.74
2019-01-18,15.27,15.5,15.43,15.24,33545.73,0.13,0.85,15.368,15.164,14.912,34361.43,43553.07,45020.0
2019-01-17,15.42,15.51,15.3,15.24,31680.48,-0.09,-0.58,15.336,15.042,14.858,36344.78,45403.97,46480.83
2019-01-16,15.48,15.7,15.39,15.34,35091.0,-0.12,-0.77,15.308,14.884,14.843,39087.65,47302.42,46461.82
2019-01-15,15.13,15.58,15.51,15.13,41873.4,0.3,1.97,15.208,14.74,14.823,46823.45,51547.99,46226.65
2019-01-14,15.24,15.37,15.21,15.15,29616.52,-0.06,-0.39,15.086,14.653,14.792,48059.14,50231.62,46756.33
2019-01-11,15.14,15.35,15.27,15.13,43462.48,0.11,0.73,14.96,14.615,14.79,52744.7,50354.66,46943.33
2019-01-10,14.9,15.27,15.16,14.87,45394.87,0.27,1.81,14.748,14.578,14.781,54463.16,48327.35,45866.66
2019-01-09,14.82,15.29,14.89,14.82,73770.0,-0.01,-0.07,14.46,14.578,14.787,55517.19,48041.21,44335.54
2019-01-08,14.55,14.91,14.9,14.51,48051.84,0.32,2.19,14.272,14.601,14.803,56272.53,45706.9,42428.22
2019-01-07,14.34,14.71,14.58,14.3,53044.33,0.37,2.6,14.22,14.629,14.824,52404.09,46624.27,41359.71
2019-01-04,13.6,14.24,14.21,13.56,52054.78,0.49,3.57,14.27,14.659,14.851,47964.61,46486.94,40760.45
2019-01-03,14.05,14.26,13.72,13.69,50665.02,-0.23,-1.65,14.408,14.674,14.915,42191.53,47557.69,40649.3
2019-01-02,14.67,14.75,13.95,13.87,77546.7,-0.69,-4.71,14.696,14.802,15.019,40565.23,45621.22,42834.95
2018-12-28,14.99,14.99,14.64,14.62,28709.63,-0.19,-1.28,14.93,14.906,15.128,35141.27,40905.31,43287.02
2018-12-27,15.13,15.27,14.83,14.83,30846.9,-0.07,-0.47,15.038,14.931,15.178,40844.45,43281.05,44476.42
2018-12-26,15.02,15.24,14.9,14.9,23189.39,-0.26,-1.72,15.048,14.964,15.206,45009.26,43532.01,46750.23
2018-12-25,15.05,15.22,15.16,14.61,42533.53,0.04,0.27,14.94,14.983,15.238,52923.85,43405.98,48903.29
2018-12-24,15.21,15.29,15.12,14.89,50426.89,-0.06,-0.4,14.908,14.996,15.239,50677.22,40629.88,50488.06
2018-12-21,14.9,15.35,15.18,14.83,57225.53,0.3,2.02,14.882,15.005,15.252,46669.34,39149.53,51114.54
2018-12-20,14.38,15.11,14.88,14.38,51670.98,0.52,3.62,14.824,15.018,15.251,45717.64,36095.15,52057.89
2018-12-19,15.0,15.1,14.36,14.31,62762.33,-0.64,-4.27,14.88,15.042,15.289,42054.76,35033.97,51886.05
2018-12-18,14.92,15.1,15.0,14.8,31300.35,0.01,0.07,15.026,15.155,15.356,33888.1,33740.92,52594.82
2018-12-17,14.86,15.12,14.99,14.72,30387.53,0.1,0.67,15.084,15.236,15.391,30582.54,40048.67,56812.26
2018-12-14,15.21,15.45,14.89,14.88,52467.03,-0.27,-1.78,15.128,15.349,15.448,31629.72,45668.73,60308.73
2018-12-13,15.2,15.41,15.16,15.03,33356.58,0.07,0.46,15.212,15.424,15.51,26472.65,45671.8,64057.62
2018-12-12,15.39,15.39,15.09,15.08,21929.0,-0.2,-1.31,15.204,15.447,15.559,28013.17,49968.45,70511.11
2018-12-11,15.22,15.43,15.29,15.21,14772.54,0.08,0.53,15.284,15.493,15.582,33593.74,54400.61,75169.63
2018-12-10,15.23,15.39,15.21,15.1,35623.46,-0.1,-0.65,15.388,15.482,15.592,49514.81,60346.24,83006.9
2018-12-07,15.16,15.43,15.31,15.16,26681.66,0.19,1.26,15.57,15.499,15.582,59707.73,63079.55,88779.77
2018-12-06,15.45,15.48,15.12,15.0,41059.19,-0.37,-2.39,15.636,15.483,15.529,64870.94,68020.62,90357.48
2018-12-05,15.52,15.68,15.49,15.42,49831.83,-0.32,-2.02,15.69,15.536,15.476,71923.73,68738.13,90754.57
2018-12-04,16.09,16.09,15.81,15.55,94377.9,-0.31,-1.92,15.702,15.557,15.408,75207.49,71448.71,91370.91
2018-12-03,16.0,16.19,16.12,15.81,86588.09,0.48,3.07,15.576,15.546,15.326,71177.68,73575.86,89165.47
2018-11-30,15.22,15.68,15.64,15.13,52497.7,0.25,1.62,15.428,15.547,15.231,66451.37,74948.74,88615.29
2018-11-29,15.55,15.67,15.39,15.38,76323.12,-0.16,-1.03,15.33,15.596,15.163,71170.31,82443.44,92286.1
2018-11-28,15.25,15.56,15.55,15.14,66250.62,0.37,2.44,15.382,15.67,15.093,65552.53,91053.78,93505.73
2018-11-27,15.43,15.55,15.18,14.98,74228.85,-0.2,-1.3,15.412,15.67,15.0,67689.94,95938.66,92897.95
2018-11-26,15.25,15.45,15.38,15.13,62956.54,0.23,1.52,15.516,15.702,14.909,75974.04,105667.55,91456.46
2018-11-23,15.62,15.66,15.15,15.14,76092.4,-0.5,-3.19,15.666,15.665,14.806,83446.11,114480.0,90359.32
2018-11-22,15.73,15.86,15.65,15.48,48234.22,-0.05,-0.32,15.862,15.575,14.713,93716.58,112694.33,88554.36
2018-11-21,15.65,15.77,15.7,15.46,76937.69,0.0,0.0,15.958,15.416,14.596,116555.03,112771.02,88786.76
2018-11-20,16.1,16.1,15.7,15.69,115649.34,-0.43,-2.67,15.928,15.258,14.487,124187.37,111293.12,86847.76
2018-11-19,16.23,16.28,16.13,16.02,100316.92,0.0,0.0,15.888,15.105,14.378,135361.06,104755.08,83922.12
2018-11-16,16.15,16.54,16.13,16.07,127444.74,0.0,0.0,15.664,14.914,14.264,145513.88,102281.85,82637.14
2018-11-15,15.56,16.29,16.13,15.41,162426.45,0.58,3.73,15.288,14.729,14.117,131672.07,102128.75,79528.09
2018-11-14,15.75,15.99,15.55,15.49,115099.4,0.05,0.32,14.874,14.516,13.947,108987.02,95957.68,74198.17
2018-11-13,14.86,15.88,15.5,14.82,171517.8,0.49,3.26,14.588,14.33,13.819,98398.86,89857.25,71824.71
2018-11-12,14.25,15.1,15.01,14.12,151081.02,0.76,5.33,14.322,14.116,13.665,74149.1,77245.37,65519.65
2018-11-09,13.95,14.32,14.25,13.88,58235.69,0.19,1.35,14.164,13.947,13.55,59049.81,66238.64,59950.83
2018-11-08,14.25,14.3,14.06,14.0,49001.17,-0.06,-0.42,14.17,13.85,13.482,72585.43,64414.39,60377.8
2018-11-07,14.21,14.35,14.12,14.04,62158.63,-0.05,-0.35,14.158,13.775,13.417,82928.34,64802.5,63207.48
2018-11-06,14.17,14.21,14.17,13.95,50269.0,-0.05,-0.35,14.072,13.716,13.415,81315.64,62402.41,61704.69
2018-11-05,14.2,14.38,14.22,13.93,75584.56,-0.06,-0.42,13.91,13.65,13.403,80341.64,63089.15,60711.29
2018-11-02,14.2,14.37,14.28,13.93,125913.81,0.28,2.0,13.73,13.613,13.381,73427.48,62992.44,58776.16
2018-11-01,13.84,14.14,14.0,13.8,100715.69,0.31,2.26,13.53,13.504,13.378,56243.35,56927.44,53922.98
2018-10-31,13.4,13.8,13.69,13.38,54095.13,0.33,2.47,13.392,13.378,13.388,46676.66,52438.66,51471.66
2018-10-30,13.25,13.6,13.36,13.02,45399.02,0.04,0.3,13.36,13.308,13.421,43489.19,53792.18,52005.67
2018-10-29,13.31,13.57,13.32,13.21,41013.73,0.04,0.3,13.39,13.213,13.476,45836.66,53793.93,52208.94
2018-10-26,13.44,13.63,13.28,13.24,39993.19,-0.03,-0.23,13.496,13.152,13.528,52557.4,53663.02,52495.24
2018-10-25,13.14,13.37,13.31,13.01,52882.22,-0.22,-1.63,13.478,13.113,13.571,57611.52,56341.21,51962.58
2018-10-24,13.51,13.69,13.53,13.38,38157.78,0.02,0.15,13.364,13.058,13.614,58200.67,61612.46,52201.75
2018-10-23,13.87,13.9,13.51,13.26,57136.37,-0.34,-2.46,13.256,13.114,13.642,64095.16,61006.96,52743.37
2018-10-22,13.45,13.96,13.85,13.34,74617.44,0.66,5.0,13.036,13.155,13.655,61751.2,58333.43,51247.15
2018-10-19,12.52,13.25,13.19,12.52,65263.78,0.45,3.53,12.808,13.148,13.656,54768.64,54559.88,48694.62
2018-10-18,12.96,12.96,12.74,12.7,55827.97,-0.25,-1.93,12.748,13.251,13.693,55070.89,50918.53,47117.47
2018-10-17,12.5,13.05,12.99,12.42,67630.25,0.58,4.67,12.752,13.398,13.748,65024.25,50504.65,45531.5
2018-10-16,12.7,12.95,12.41,12.3,45416.57,-0.3,-2.36,12.972,13.534,13.788,57918.77,50219.17,43899.34
2018-10-15,12.98,13.1,12.71,12.69,39704.62,-0.18,-1.4,13.274,13.739,13.852,54915.65,50623.94,44292.57
2018-10-12,12.65,13.07,12.89,12.4,66775.06,0.13,1.02,13.488,13.904,13.918,54351.13,51327.46,45234.93
2018-10-11,13.71,13.93,12.76,12.68,105594.76,-1.33,-9.44,13.754,14.028,13.986,46766.17,47583.95,44883.71
2018-10-10,13.95,14.18,14.09,13.85,32102.82,0.17,1.22,14.044,14.169,14.051,35985.04,42791.04,41539.12
2018-10-09,13.8,13.99,13.92,13.77,30401.0,0.14,1.02,14.096,14.17,14.06,42519.57,44479.79,42558.74
2018-10-08,14.05,14.05,13.78,13.77,36881.99,-0.44,-3.09,14.204,14.155,14.067,46332.23,44160.87,43400.85
2018-09-28,14.23,14.32,14.22,14.16,28850.3,0.01,0.07,14.32,14.163,14.077,48303.8,42829.35,44128.1
2018-09-27,14.42,14.55,14.21,14.17,51689.1,-0.14,-0.98,14.302,14.135,14.077,48401.73,43316.4,49065.3
2018-09-26,14.5,14.6,14.35,14.26,64775.47,-0.11,-0.76,14.294,14.097,14.104,49597.03,40558.34,47842.6
2018-09-25,14.3,14.52,14.46,14.23,49464.3,0.1,0.7,14.244,14.041,14.127,46440.0,37579.5,46765.61
2018-09-21,14.2,14.38,14.36,14.13,46739.81,0.23,1.63,14.106,13.965,14.149,41989.5,37961.19,47769.52
2018-09-20,14.12,14.22,14.13,14.1,29339.99,-0.04,-0.28,14.006,13.931,14.154,37354.91,39142.4,46943.2
2018-09-19,14.01,14.34,14.17,13.98,57665.57,0.07,0.5,13.968,13.944,14.173,38231.07,42183.47,48162.33
2018-09-18,13.69,14.1,14.1,13.69,48990.32,0.33,2.4,13.9,13.932,14.175,31519.66,40287.21,47741.58
2018-09-17,13.84,13.95,13.77,13.72,27211.8,-0.09,-0.65,13.838,13.95,14.201,28719.0,40637.7,47250.85
2018-09-14,13.92,14.0,13.86,13.85,23566.86,-0.08,-0.57,13.824,13.978,14.239,33932.88,42640.84,48366.15
2018-09-13,13.92,14.07,13.94,13.8,33720.82,0.11,0.8,13.856,13.991,14.267,40929.88,45426.85,49461.39
2018-09-12,13.79,13.95,13.83,13.79,24108.49,0.04,0.29,13.92,14.018,14.305,46135.86,54814.2,50171.81
2018-09-11,13.72,13.99,13.79,13.71,34987.05,0.09,0.66,13.964,14.111,14.354,49054.76,55126.85,51771.52
2018-09-10,14.03,14.07,13.7,13.65,53281.19,-0.32,-2.28,14.062,14.213,14.416,52556.4,55951.71,52450.62
2018-09-07,14.26,14.42,14.02,13.86,58551.86,-0.24,-1.68,14.132,14.332,14.493,51348.8,57577.85,53306.54
2018-09-06,14.07,14.41,14.26,14.0,59750.7,0.21,1.5,14.126,14.376,14.547,49923.81,54744.01,53435.92
2018-09-05,14.2,14.28,14.05,14.04,38703.0,-0.23,-1.61,14.116,14.401,14.589,63492.53,54141.2,54686.78
2018-09-04,14.03,14.33,14.28,13.96,52495.27,0.23,1.64,14.258,14.417,14.621,61198.94,55195.95,55206.03
2018-09-03,14.0,14.09,14.05,13.68,47243.19,0.06,0.43,14.364,14.452,14.661,59347.02,53864.0,55119.88
2018-08-31,14.2,14.2,13.99,13.94,51426.9,-0.22,-1.55,14.532,14.499,14.695,63806.9,54091.47,54816.11
2018-08-30,14.38,14.58,14.21,13.9,127594.31,-0.55,-3.73,14.626,14.542,14.739,59564.22,53495.94,54303.13
2018-08-29,14.83,14.85,14.76,14.65,27235.02,-0.05,-0.34,14.686,14.592,14.777,44789.86,45529.43,52063.99
2018-08-28,14.89,14.97,14.81,14.72,43235.69,-0.08,-0.54,14.576,14.596,14.802,49192.97,48416.2,53647.43
2018-08-27,14.5,15.01,14.89,14.45,69542.56,0.43,2.97,14.54,14.619,14.832,48380.97,48949.52,53278.7
2018-08-24,14.48,14.58,14.46,14.4,30213.5,-0.05,-0.34,14.466,14.653,14.859,44376.03,49035.22,52445.76
2018-08-23,14.28,14.61,14.51,14.28,53722.54,0.3,2.11,14.458,14.718,14.926,47427.66,52127.84,53312.67
2018-08-22,14.64,14.64,14.21,14.19,49250.54,-0.42,-2.87,14.498,14.777,14.996,46268.99,55232.36,53963.76
2018-08-21,14.48,14.73,14.63,14.43,39175.72,0.11,0.76,14.616,14.824,15.09,47639.43,55216.11,56642.35
2018-08-20,14.48,14.55,14.52,14.15,49517.87,0.1,0.69,14.698,14.87,15.17,49518.07,56375.77,65226.42
2018-08-17,14.83,14.92,14.42,14.42,45471.62,-0.29,-1.97,14.84,14.89,15.247,53694.41,55540.76,70249.79
2018-08-16,14.62,14.89,14.71,14.62,47929.19,-0.09,-0.61,14.978,14.935,15.297,56828.01,55110.33,71653.5
2018-08-15,15.01,15.15,14.8,14.73,56102.75,-0.24,-1.6,15.056,14.962,15.312,64195.74,58598.55,71805.53
2018-08-14,15.29,15.29,15.04,14.98,48568.94,-0.19,-1.25,15.032,15.008,15.335,62792.79,58878.66,71776.49
2018-08-13,14.97,15.26,15.23,14.86,70399.56,0.12,0.79,15.042,15.045,15.355,63233.46,57607.88,71848.88
2018-08-10,15.12,15.18,15.11,14.93,61139.62,0.01,0.07,14.94,15.064,15.369,57387.1,55856.29,70865.11
2018-08-09,14.72,15.18,15.1,14.62,84767.83,0.42,2.86,14.892,15.133,15.386,53392.64,54497.5,70766.69
2018-08-08,15.1,15.11,14.68,14.67,49088.0,-0.41,-2.72,14.868,15.215,15.409,53001.36,52695.16,71125.76
2018-08-07,14.8,15.1,15.09,14.68,50772.28,0.37,2.51,14.984,15.356,15.425,54964.52,58068.59,73063.82
2018-08-06,14.72,15.05,14.72,14.67,41167.77,-0.15,-1.01,15.048,15.47,15.443,51982.31,74077.07,73170.29
2018-08-03,14.97,15.11,14.87,14.82,41167.31,-0.11,-0.73,15.188,15.604,15.483,54325.48,84958.83,74148.95
2018-08-02,15.2,15.31,14.98,14.59,82811.46,-0.28,-1.83,15.374,15.658,15.497,55602.37,88196.67,75729.59
2018-08-01,15.54,15.75,15.26,15.24,58903.79,-0.15,-0.97,15.562,15.662,15.504,52388.96,85012.51,74235.42
2018-07-31,15.43,15.59,15.41,15.36,35861.21,-0.01,-0.07,15.728,15.662,15.514,61172.65,84674.32,74444.91
2018-07-30,15.82,15.87,15.42,15.42,52883.63,-0.38,-2.4,15.892,15.665,15.536,96171.82,86089.88,76957.92
2018-07-27,15.85,16.02,15.8,15.76,47551.76,-0.12,-0.75,16.02,15.674,15.536,115592.18,85873.93,77524.17
2018-07-26,16.01,16.16,15.92,15.85,66744.39,-0.09,-0.56,15.942,15.639,15.534,120790.96,87035.88,79585.45
2018-07-25,16.23,16.44,16.09,16.02,102822.25,-0.14,-0.86,15.762,15.602,15.497,117636.05,89556.36,78585.54
2018-07-24,16.9,17.18,16.23,16.21,210857.08,0.17,1.06,15.596,15.494,15.456,108176.0,88059.06,76267.99
2018-07-23,15.5,16.06,16.06,15.39,149985.41,0.65,4.22,15.438,15.416,15.422,76007.93,72263.51,69281.05
2018-07-20,15.07,15.55,15.41,14.87,73545.67,0.39,2.6,15.328,15.361,15.381,56155.68,63339.07,64449.21
2018-07-19,15.34,15.35,15.02,14.97,50969.86,-0.24,-1.57,15.336,15.336,15.367,53280.8,63262.51,63357.85
2018-07-18,15.46,15.54,15.26,15.24,55521.98,-0.18,-1.17,15.442,15.345,15.361,61476.67,63458.34,64252.64
2018-07-17,15.45,15.5,15.44,15.19,50016.75,-0.07,-0.45,15.392,15.365,15.357,67942.13,64215.5,66086.31
2018-07-16,15.52,15.62,15.51,15.32,50724.15,0.06,0.39,15.394,15.406,15.321,68519.09,67825.95,70524.7
2018-07-13,15.46,15.56,15.45,15.3,59171.24,-0.1,-0.64,15.394,15.398,15.358,70522.46,69174.41,72094.26
2018-07-12,15.01,15.64,15.55,15.01,91949.24,0.54,3.6,15.336,15.428,15.422,73244.23,72135.03,72080.57
2018-07-11,15.18,15.2,15.01,14.71,87849.25,-0.44,-2.85,15.248,15.391,15.492,65440.01,67614.71,69537.96
2018-07-10,15.52,15.55,15.45,15.29,52901.58,-0.06,-0.39,15.338,15.417,15.596,60488.87,64476.91,68204.92
2018-07-09,15.28,15.54,15.51,15.16,60740.99,0.35,2.31,15.418,15.428,15.665,67132.81,66298.59,68139.19
2018-07-06,15.07,15.55,15.16,14.98,72780.1,0.05,0.33,15.402,15.4,15.733,67826.36,65559.36,68945.06
2018-07-05,15.44,15.58,15.11,15.1,52928.12,-0.35,-2.26,15.52,15.397,15.828,71025.82,63453.19,68216.64
2018-07-04,15.8,15.87,15.46,15.35,63093.55,-0.39,-2.46,15.534,15.377,15.939,69789.41,65046.94,68718.25
2018-07-03,15.5,16.0,15.85,15.32,86121.3,0.42,2.72,15.496,15.348,16.042,68464.96,67957.13,68628.23
2018-07-02,15.71,15.85,15.43,15.31,64208.73,-0.32,-2.03,15.438,15.236,16.11,65464.37,73223.46,66451.76
2018-06-29,15.18,15.84,15.75,15.05,88777.39,0.57,3.75,15.398,15.317,16.203,63292.35,75014.12,66909.62
2018-06-28,15.18,15.53,15.18,15.14,46746.07,-0.09,-0.59,15.274,15.415,16.275,55880.57,72026.12,66073.47
2018-06-27,15.56,15.61,15.27,15.11,56471.3,-0.29,-1.86,15.22,15.592,16.359,60304.47,71461.21,68831.02
2018-06-26,14.93,15.69,15.56,14.91,71118.38,0.33,2.17,15.2,15.774,16.462,67449.3,71932.93,68783.33
2018-06-25,15.31,15.53,15.23,15.11,53348.63,0.1,0.66,15.034,15.902,16.551,80982.54,69979.79,69903.14
2018-06-22,14.8,15.25,15.13,14.66,51718.45,0.22,1.48,15.236,16.066,16.663,86735.88,72330.77,76755.54
2018-06-21,15.21,15.34,14.91,14.85,68865.57,-0.26,-1.71,15.556,16.259,16.831,88171.67,72980.09,77009.42
2018-06-20,14.76,15.33,15.17,14.73,92195.45,0.44,2.99,15.964,16.5,17.009,82617.94,72389.56,78069.25
2018-06-19,15.88,16.18,14.73,14.62,138784.58,-1.51,-9.3,16.348,16.735,17.189,76416.57,69299.32,77871.92
2018-06-15,16.66,16.8,16.24,16.08,82115.33,-0.49,-2.93,16.77,16.983,17.384,58977.05,59680.07,77007.37
2018-06-14,16.9,17.06,16.73,16.71,58897.42,-0.22,-1.3,16.896,17.089,17.49,57925.66,58805.12,76522.28
2018-06-13,17.02,17.09,16.95,16.89,41096.94,-0.14,-0.82,16.962,17.134,17.559,57788.51,60120.82,76607.66
2018-06-12,16.81,17.18,17.09,16.72,61188.59,0.25,1.49,17.036,17.126,17.623,62161.17,66200.84,78554.77
2018-06-11,16.63,17.03,16.84,16.63,51586.98,-0.03,-0.18,17.122,17.15,17.693,62182.08,65633.73,80248.97
2018-06-08,17.03,17.27,16.87,16.68,76858.39,-0.19,-1.11,17.196,17.199,17.761,60383.09,69826.49,83655.45
2018-06-07,17.42,17.47,17.06,17.0,58211.67,-0.26,-1.5,17.282,17.259,17.839,59684.58,81180.31,84363.94
2018-06-06,17.48,17.5,17.32,17.22,62960.2,-0.2,-1.14,17.306,17.402,17.926,62453.12,81038.76,87224.35
2018-06-05,17.3,17.56,17.52,17.24,61293.14,0.31,1.8,17.216,17.517,18.007,70240.51,83748.94,89545.17
2018-06-04,17.32,17.45,17.21,17.1,42592.07,-0.09,-0.52,17.178,17.642,18.083,69085.39,86444.51,93493.69
2018-06-01,17.19,17.53,17.3,17.09,73365.81,0.12,0.7,17.202,17.785,18.168,79269.88,94334.68,98775.5
2018-05-31,17.02,17.28,17.18,16.85,72054.36,0.31,1.84,17.236,17.891,18.22,102676.04,94239.43,101985.01
2018-05-30,16.92,17.29,16.87,16.79,101897.19,-0.46,-2.65,17.498,17.983,18.306,99624.4,93094.5,107222.92
2018-05-29,17.35,17.62,17.33,17.28,55517.51,0.0,0.0,17.818,18.119,18.405,97257.37,90908.69,108779.7
2018-05-28,17.56,17.67,17.33,17.1,93514.53,-0.14,-0.8,18.106,18.235,18.479,103803.64,94864.21,114143.86
2018-05-25,18.5,18.52,17.47,17.4,190396.59,-1.02,-5.52,18.368,18.322,18.564,109399.47,97484.41,119590.32
2018-05-24,18.49,18.63,18.49,18.46,56796.17,0.02,0.11,18.546,18.419,18.658,85802.82,87547.57,119457.03
2018-05-23,18.75,18.75,18.47,18.43,90062.04,-0.3,-1.6,18.468,18.449,18.693,86564.61,93409.95,125762.27
2018-05-22,18.64,18.79,18.77,18.55,88248.87,0.13,0.7,18.42,18.497,18.693,84560.02,95341.39,134514.09
2018-05-21,18.53,18.83,18.64,18.5,121493.68,0.28,1.52,18.364,18.524,18.713,85924.78,100542.88,142523.04
2018-05-18,18.09,18.44,18.36,18.08,72413.35,0.26,1.44,18.276,18.55,18.784,85569.35,103216.33,149855.36
2018-05-17,18.31,18.33,18.1,18.1,60605.11,-0.13,-0.71,18.292,18.549,18.893,89292.32,109730.59,161276.52
2018-05-16,18.41,18.49,18.23,18.18,80039.08,-0.26,-1.41,18.43,18.629,18.973,100255.29,121351.34,176642.09
2018-05-15,18.2,18.49,18.49,18.1,95072.67,0.29,1.59,18.574,18.691,19.106,106122.77,126650.7,192606.0
2018-05-14,18.44,18.7,18.2,18.13,119716.54,-0.24,-1.3,18.684,18.722,19.207,115160.97,133423.5,198985.74
2018-05-11,18.82,18.88,18.44,18.42,91028.2,-0.35,-1.86,18.824,18.806,19.322,120863.3,141696.22,206111.18
2018-05-10,18.93,18.96,18.79,18.53,115419.95,-0.16,-0.84,18.806,18.897,19.398,130168.86,151366.48,210623.5
2018-05-09,19.0,19.08,18.95,18.66,109376.47,-0.09,-0.47,18.828,18.937,19.459,142447.4,158114.58,214889.0
2018-05-08,18.9,19.1,19.04,18.75,140263.7,0.14,0.74,18.808,18.889,19.523,147178.64,173686.78,220955.16
2018-05-07,18.45,18.94,18.9,18.45,148228.19,0.55,3.0,18.76,18.902,19.578,151686.04,184503.21,225830.82
2018-05-04,18.8,18.86,18.35,18.32,137555.97,-0.55,-2.91,18.788,19.017,19.667,162529.14,196494.38,238615.67
2018-05-03,18.87,18.98,18.9,18.17,176812.66,0.05,0.27,18.988,19.237,19.812,172564.11,212822.46,259864.12
2018-05-02,18.92,19.26,18.85,18.57,133032.66,0.05,0.27,19.046,19.316,19.905,173781.77,231932.83,279056.79
2018-04-27,19.15,19.3,18.8,18.62,162800.7,-0.24,-1.26,18.97,19.521,19.946,200194.93,258561.29,290869.72
2018-04-26,19.23,19.76,19.04,18.95,202443.73,-0.31,-1.6,19.044,19.691,19.986,217320.39,264547.98,311592.66
2018-04-25,19.24,19.54,19.35,19.06,187730.8,0.16,0.83,19.246,19.838,20.026,230459.62,270526.13,324439.06
2018-04-24,18.7,19.24,19.19,18.5,182900.94,0.72,3.9,19.486,19.899,19.961,253080.8,269880.51,323828.9
2018-04-23,19.45,19.65,18.47,18.12,265098.47,-0.7,-3.65,19.586,19.98,19.894,290083.9,271663.42,327571.24
2018-04-20,19.87,20.34,19.17,19.16,248428.0,-0.88,-4.39,20.072,20.156,19.926,316927.65,268223.53,325934.95
2018-04-19,20.4,20.56,20.05,19.95,268139.91,-0.5,-2.43,20.338,20.254,19.895,311775.58,267158.42,320261.24
2018-04-18,19.87,20.65,20.55,19.4,300836.69,0.86,4.37,20.43,20.317,19.83,310592.64,280736.95,311632.23
2018-04-17,21.0,21.1,19.69,19.6,367916.41,-1.21,-5.79,20.312,20.387,19.747,286680.22,306905.78,302140.24
2018-04-16,20.35,21.08,20.9,20.31,399317.25,0.4,1.95,20.374,20.494,19.69,253242.95,326180.76,289080.94
2018-04-13,20.51,20.68,20.5,20.08,222667.64,-0.01,-0.05,20.24,20.37,19.585,219519.4,323178.16,274350.35
2018-04-12,19.9,20.55,20.51,19.87,262225.19,0.55,2.76,20.17,20.281,19.482,222541.26,358637.34,269310.07
2018-04-11,20.2,20.45,19.96,19.91,181274.59,-0.04,-0.2,20.204,20.214,19.402,250881.26,378351.99,263112.99
2018-04-10,20.16,20.28,20.0,19.61,200730.08,-0.23,-1.14,20.462,20.022,19.368,327131.34,377777.3,264042.96
2018-04-09,19.89,20.6,20.23,19.82,230699.52,0.08,0.4,20.614,19.807,19.332,399118.56,383479.05,266709.86
2018-04-04,20.65,20.83,20.15,20.06,237776.91,-0.53,-2.56,20.5,19.695,19.257,426836.91,383646.38,259439.28
2018-04-03,20.73,20.93,20.68,20.0,403925.19,-0.57,-2.68,20.392,19.535,19.168,494733.41,373364.05,252404.02
2018-04-02,20.8,21.58,21.25,20.35,562525.0,0.49,2.36,20.224,19.342,19.071,505822.73,342527.52,242296.18
2018-03-30,19.9,20.88,20.76,19.8,560666.19,1.1,5.59,19.582,19.107,18.936,428423.25,297374.7,220191.96
2018-03-29,19.8,20.16,19.66,19.3,369291.25,0.05,0.26,19.0,18.885,18.817,367839.54,251981.12,201545.78
2018-03-28,19.9,20.45,19.61,19.57,577259.44,-0.23,-1.16,18.89,18.799,18.777,340455.85,225522.54,198267.54
2018-03-27,18.2,19.84,19.84,18.2,459371.75,1.8,9.98,18.678,18.682,18.654,251994.69,179982.81,173412.39
2018-03-26,17.58,18.08,18.04,16.9,175527.64,0.19,1.06,18.46,18.59,18.516,179232.3,147873.98,154358.03
2018-03-23,18.5,19.0,17.85,17.77,257747.64,-1.26,-6.59,18.632,18.714,18.466,166326.15,150308.61,150298.39
2018-03-22,18.55,19.27,19.11,18.51,232372.78,0.56,3.02,18.77,18.857,18.4,136122.7,149940.67,139803.63
2018-03-21,18.81,19.26,18.55,18.49,134953.66,-0.2,-1.07,18.708,18.819,18.272,110589.23,135232.17,130790.82
2018-03-20,18.68,18.83,18.75,18.4,95559.8,-0.15,-0.79,18.686,18.8,18.155,107970.93,131443.99,125626.13
2018-03-19,18.51,19.07,18.9,18.33,110996.86,0.36,1.94,18.72,18.799,18.027,116515.66,142064.85,123530.36
2018-03-16,18.85,19.02,18.54,18.51,106730.38,-0.26,-1.38,18.796,18.764,17.891,134291.08,143009.22,120569.03
2018-03-15,18.4,18.8,18.8,18.21,104705.43,0.36,1.95,18.944,18.748,17.752,163758.64,151110.44,119450.08
2018-03-14,18.88,18.99,18.44,18.4,121862.19,-0.48,-2.54,18.93,18.755,17.631,159875.12,171012.55,116750.43
2018-03-13,19.16,19.24,18.92,18.88,138283.45,-0.36,-1.87,18.914,18.626,17.514,154917.05,166841.96,115105.44
2018-03-12,19.22,19.55,19.28,19.15,199873.95,0.0,0.0,18.878,18.441,17.368,167614.04,160842.09,114683.54
2018-03-09,18.9,19.47,19.28,18.62,254068.19,0.55,2.94,18.732,18.218,17.266,151727.37,150288.17,107408.8
2018-03-08,18.31,18.73,18.73,18.2,85287.83,0.37,2.02,18.552,17.942,17.17,138462.23,129666.6,98960.05
2018-03-07,18.67,18.67,18.36,18.33,97071.83,-0.38,-2.03,18.58,17.725,17.092,182149.97,126349.46,102360.38
2018-03-06,18.59,19.07,18.74,18.48,201768.41,0.19,1.02,18.338,17.509,17.089,178766.87,119808.27,101628.0
2018-03-05,18.4,18.65,18.55,18.3,120440.57,0.17,0.93,18.004,17.255,17.088,154070.13,104995.87,94463.94
2018-03-02,18.7,18.92,18.38,18.27,187742.52,-0.49,-2.6,17.704,17.017,17.095,148848.98,98128.84,92763.7
2018-03-01,17.06,18.87,18.87,16.98,303726.53,1.72,10.03,17.332,16.756,17.121,120870.96,87789.73,87712.2
2018-02-28,16.96,17.42,17.15,16.8,80156.32,0.08,0.47,16.87,16.507,17.118,70548.94,62488.31,79157.33
2018-02-27,17.04,17.37,17.07,16.9,78284.7,0.02,0.12,16.68,16.401,17.208,60849.68,63368.92,82256.2
2018-02-26,16.62,17.13,17.05,16.49,94334.82,0.53,3.21,16.506,16.294,17.277,55921.61,68525.0,81917.77
2018-02-23,16.56,16.66,16.52,16.42,47852.45,-0.04,-0.24,16.33,16.314,17.355,47408.71,64529.43,82879.1
2018-02-22,16.32,16.59,16.56,16.32,52116.41,0.36,2.22,16.18,16.398,17.442,54708.49,68253.51,86440.64
2018-02-14,16.32,16.36,16.2,16.07,31660.01,0.0,0.0,16.144,16.459,17.543,54427.69,78371.3,87165.77
2018-02-13,16.28,16.55,16.2,16.15,53644.34,0.03,0.19,16.122,16.669,17.659,65888.15,83447.73,91948.71
2018-02-12,15.91,16.27,16.17,15.87,51770.32,0.4,2.54,16.082,16.921,17.789,81128.4,83932.02,94553.41
2018-02-09,16.0,16.32,15.77,15.5,84351.37,-0.61,-3.72,16.298,17.172,17.918,81650.15,87398.57,100048.18
2018-02-08,16.08,16.49,16.38,16.06,50712.39,0.29,1.8,16.616,17.486,18.107,81798.52,87634.67,104812.17
2018-02-07,16.36,16.55,16.09,15.7,88962.34,0.09,0.56,16.774,17.728,18.291,102314.92,95826.34,119314.02
2018-02-06,16.97,17.18,16.0,15.99,129845.58,-1.25,-7.25,17.216,18.014,18.45,101007.31,101143.48,123852.25
2018-02-05,17.02,17.49,17.25,17.01,54379.05,-0.11,-0.63,17.76,18.259,18.592,86735.64,95310.55,121333.59
2018-02-02,17.0,17.5,17.36,16.58,85093.25,0.19,1.11,18.046,18.396,18.686,93146.99,101228.78,124608.95
2018-02-01,18.31,18.46,17.17,17.17,153294.38,-1.13,-6.17,18.356,18.485,18.76,93470.82,104627.77,124247.81
2018-01-31,18.61,18.65,18.3,18.24,82424.27,-0.42,-2.24,18.682,18.627,18.844,89337.76,95960.24,121326.68
2018-01-30,18.72,18.82,18.72,18.4,58487.27,0.04,0.21,18.812,18.649,18.88,101279.66,100449.68,124306.16
2018-01-29,18.92,19.07,18.68,18.58,86435.77,-0.23,-1.22,18.758,18.657,18.889,103885.45,105174.8,130279.61
2018-01-26,18.73,19.15,18.91,18.73,86712.39,0.11,0.58,18.746,18.663,18.852,109310.57,112697.79,130111.17
2018-01-25,19.01,19.38,18.8,18.8,132629.12,-0.15,-0.79,18.614,18.728,18.817,115784.73,121989.67,128506.41
2018-01-24,18.38,19.03,18.95,18.2,142133.75,0.5,2.71,18.572,18.854,18.787,102582.71,142801.71,123931.12
2018-01-23,18.69,18.69,18.45,18.33,71516.21,-0.17,-0.91,18.486,18.886,18.755,99619.7,146561.01,118874.27
2018-01-22,18.16,18.73,18.62,18.15,113561.38,0.37,2.03,18.556,18.925,18.741,106464.14,147356.63,118547.27
2018-01-19,18.57,18.6,18.25,18.19,119083.19,-0.34,-1.83,18.58,18.976,18.732,116085.0,147989.13,115279.79
2018-01-18,18.63,18.72,18.59,18.43,66619.0,0.07,0.38,18.842,19.034,18.748,128194.6,143867.84,113996.14
2018-01-17,18.75,18.75,18.52,18.03,127318.73,-0.28,-1.49,19.136,19.06,18.75,183020.71,146693.12,113533.62
2018-01-16,18.66,19.1,18.8,18.63,105738.41,0.06,0.32,19.286,19.11,18.772,193502.32,148162.65,111023.06
2018-01-15,19.41,19.55,18.74,18.71,161665.67,-0.82,-4.19,19.294,19.121,18.766,188249.13,155384.43,109041.57
2018-01-12,20.08,20.08,19.56,19.53,179631.2,-0.5,-2.49,19.372,19.04,18.774,179893.25,147524.55,104699.09
2018-01-11,19.29,20.35,20.06,19.12,340749.53,0.79,4.1,19.226,18.905,18.747,159541.09,135023.15,100886.08
2018-01-10,18.83,19.39,19.27,18.68,179726.8,0.43,2.28,18.984,18.719,18.694,110365.53,105060.54,90268.61
2018-01-09,19.1,19.1,18.84,18.77,79472.43,-0.29,-1.52,18.934,18.624,18.663,102822.97,91187.54,84865.02
2018-01-08,18.86,19.14,19.13,18.61,119886.3,0.3,1.59,18.948,18.556,18.665,122519.73,89737.91,87485.74
2018-01-05,18.94,19.04,18.83,18.81,77870.37,-0.02,-0.11,18.708,18.488,18.633,115155.84,82570.46,86145.85
2018-01-04,18.87,18.96,18.85,18.77,94871.77,-0.17,-0.89,18.584,18.461,18.6,110505.2,84124.44,85453.98
2018-01-03,18.8,19.08,19.02,18.74,142014.0,0.11,0.58,18.454,18.44,18.583,99755.55,80374.13,85004.2
2018-01-02,18.02,18.96,18.91,18.02,177956.19,0.98,5.47,18.314,18.433,18.538,79552.1,73883.48,82321.18
2017-12-29,18.24,18.33,17.93,17.93,83066.88,-0.28,-1.54,18.164,18.41,18.52,56956.09,62698.72,76694.48
2017-12-28,18.2,18.37,18.21,18.18,54617.18,0.01,0.06,18.268,18.508,18.561,49985.07,61873.63,77481.64
2017-12-27,18.32,18.4,18.2,18.17,41123.48,-0.12,-0.66,18.338,18.588,18.563,57743.67,66749.02,77637.57
2017-12-26,18.06,18.36,18.32,18.05,40996.75,0.16,0.88,18.426,18.668,18.575,60992.71,75476.68,78774.49
2017-12-25,18.37,18.44,18.16,18.04,64976.15,-0.29,-1.57,18.552,18.701,18.582,68214.86,78542.51,80553.05
2017-12-22,18.66,18.71,18.45,18.45,48211.78,-0.11,-0.59,18.656,18.774,18.573,68441.35,85233.58,81403.43
2017-12-21,18.55,18.69,18.56,18.16,93410.17,-0.08,-0.43,18.748,18.777,18.566,73762.2,89721.25,83059.14
2017-12-20,18.88,18.9,18.64,18.61,57368.7,-0.31,-1.64,18.838,18.739,18.551,75754.37,86783.53,89042.67
2017-12-19,18.62,19.1,18.95,18.62,77107.48,0.27,1.45,18.91,18.725,18.593,89960.64,89634.27,92403.16
2017-12-18,18.83,18.88,18.68,18.54,66108.64,-0.23,-1.22,18.85,18.643,18.625,88870.16,90758.89,95431.56
2017-12-15,18.99,19.17,18.91,18.81,74816.0,-0.1,-0.53,18.892,18.63,18.674,102025.8,90690.24,103217.89
2017-12-14,18.99,19.17,19.01,18.72,103371.01,0.01,0.05,18.806,18.614,18.768,105680.3,93089.66,107170.84
2017-12-13,18.62,19.25,19.0,18.55,128400.09,0.35,1.88,18.64,18.538,18.874,97812.7,88526.12,106922.36
2017-12-12,18.78,18.84,18.65,18.63,71655.05,-0.24,-1.27,18.54,18.482,18.973,89307.89,82072.3,106975.88
2017-12-11,18.58,18.95,18.89,18.58,131886.83,0.41,2.22,18.436,18.462,19.118,92647.62,82563.59,111756.83
2017-12-08,18.08,18.56,18.48,18.08,93088.52,0.3,1.65,18.368,18.371,19.233,79354.69,77573.29,111131.73
2017-12-07,18.48,18.48,18.18,18.12,64032.99,-0.32,-1.73,18.422,18.355,19.378,80499.01,76397.03,111638.87
2017-12-06,18.1,18.5,18.5,18.08,85876.04,0.37,2.04,18.436,18.362,19.544,79239.54,91301.81,113181.48
2017-12-05,18.54,18.54,18.13,17.97,88353.72,-0.42,-2.26,18.424,18.46,19.687,74836.71,95172.05,115911.57
2017-12-04,18.65,18.87,18.55,18.51,65422.17,-0.2,-1.07,18.488,18.607,19.834,72479.56,100104.23,115772.52
2017-12-01,18.32,18.93,18.75,18.26,98810.14,0.5,2.74,18.374,18.717,19.963,75791.9,115745.54,118132.93
2017-11-30,18.48,18.55,18.25,18.2,57735.63,-0.19,-1.03,18.288,18.921,20.069,72295.05,121252.02,117913.78
2017-11-29,18.34,18.49,18.44,18.2,63861.91,-0.01,-0.05,18.288,19.209,20.2,103364.08,125318.59,119404.16
2017-11-28,17.99,18.48,18.45,17.99,76567.94,0.47,2.61,18.496,19.463,20.321,115507.39,131879.47,123008.53
2017-11-27,18.35,18.43,17.98,17.93,81983.86,-0.34,-1.86,18.726,19.773,20.456,127728.89,140950.07,124130.18
2017-11-24,18.26,18.44,18.32,18.26,81325.9,0.07,0.38,19.06,20.094,20.61,155699.18,144690.17,130823.55
2017-11-23,19.4,19.48,18.25,18.21,213080.8,-1.23,-6.31,19.554,20.4,20.794,170208.99,146880.71,133281.78
2017-11-22,19.52,19.77,19.48,19.36,124578.45,-0.12,-0.61,20.13,20.725,21.006,147273.11,135061.16,128432.6
2017-11-21,19.71,20.04,19.6,19.37,137675.45,-0.05,-0.25,20.43,20.913,21.156,148251.54,136651.09,127032.72
2017-11-20,20.29,20.29,19.65,19.32,221835.28,-1.14,-5.48,20.82,21.06,21.296,154171.25,131440.82,126061.09
2017-11-17,21.28,21.5,20.79,20.64,153874.95,-0.34,-1.61,21.128,21.209,21.426,133681.17,120520.33,118010.14
2017-11-16,21.0,21.44,21.13,20.84,98401.4,0.15,0.71,21.246,21.216,21.503,123552.44,114575.54,114620.14
2017-11-15,21.41,21.57,20.98,20.94,129470.62,-0.57,-2.65,21.32,21.19,21.542,122849.2,113489.72,114902.57
2017-11-14,21.25,21.74,21.55,21.05,167274.0,0.36,1.7,21.396,21.178,21.598,125050.64,114137.59,113765.95
2017-11-13,21.34,21.34,21.19,20.92,119384.87,-0.19,-0.89,21.3,21.138,21.631,108710.4,107310.3,110295.76
2017-11-10,21.5,21.68,21.38,21.37,103231.3,-0.12,-0.56,21.29,21.126,21.684,107359.48,116956.93,115125.92
2017-11-09,21.32,21.63,21.5,21.21,94885.23,0.14,0.66,21.186,21.188,21.748,105598.65,119682.86,127832.71
2017-11-08,21.14,21.57,21.36,21.08,140477.8,0.29,1.38,21.06,21.286,21.845,104130.24,121804.05,135797.12
2017-11-07,21.14,21.14,21.07,20.9,85572.78,-0.07,-0.33,20.96,21.399,21.924,103224.53,117414.34,135505.41
2017-11-06,20.95,21.15,21.14,20.51,112630.3,0.28,1.34,20.976,21.531,22.038,105910.2,120681.35,140370.51
2017-11-03,20.9,21.12,20.86,20.79,94427.12,-0.01,-0.05,20.962,21.642,22.139,126554.37,115499.96,143767.78
2017-11-02,20.95,21.09,20.87,20.82,87543.2,0.01,0.05,21.19,21.789,22.206,133767.07,114664.73,146364.66
2017-11-01,21.18,21.18,20.86,20.82,135949.27,-0.29,-1.37,21.512,21.894,22.281,139477.86,116315.42,149632.52
2017-10-31,21.1,21.3,21.15,21.01,99001.1,0.08,0.38,21.838,22.018,22.364,131604.15,113394.32,150437.42
2017-10-30,22.0,22.06,21.07,20.81,215851.16,-0.93,-4.23,22.086,22.124,22.44,135452.5,113281.22,153652.19
2017-10-27,22.53,22.54,22.0,21.96,130490.61,-0.48,-2.13,22.322,22.242,22.531,104445.55,113294.91,149505.59
2017-10-26,22.46,22.61,22.48,22.3,116097.14,-0.01,-0.04,22.388,22.307,22.569,95562.4,135982.56,150863.8
2017-10-25,22.34,22.5,22.49,22.28,96580.72,0.1,0.45,22.276,22.404,22.576,93152.98,149790.19,153538.16
2017-10-24,22.35,22.62,22.39,22.23,118242.87,0.14,0.63,22.198,22.448,22.583,95184.49,153596.49,158284.61
2017-10-23,22.3,22.46,22.25,22.16,60816.4,-0.08,-0.36,22.162,22.544,22.601,91109.93,160059.68,161924.77
2017-10-20,21.92,22.38,22.33,21.87,86074.87,0.41,1.87,22.162,22.636,22.636,122144.26,172035.61,172035.61
2017-10-19,22.16,22.24,21.92,21.9,104050.06,-0.18,-0.81,22.226,22.67,22.67,176402.73,181586.8,181586.8
2017-10-18,22.29,22.45,22.1,22.1,106738.26,-0.11,-0.49,22.532,22.764,22.764,206427.39,191278.89,191278.89
2017-10-17,22.26,22.41,22.21,22.08,97870.07,-0.04,-0.18,22.698,22.859,22.859,212008.48,203356.13,203356.13
2017-10-16,22.69,22.74,22.25,22.22,215988.05,-0.4,-1.77,22.926,22.967,22.967,229009.42,220937.14,220937.14
2017-10-13,23.13,23.13,22.65,22.48,357367.19,-0.8,-3.41,23.11,23.11,23.11,221926.95,221926.95,221926.95
2017-10-12,22.85,23.76,23.45,22.85,254173.36,0.52,2.27,23.225,23.225,23.225,188066.89,188066.89,188066.89
2017-10-11,23.35,23.35,22.93,22.91,134643.72,-0.42,-1.8,23.15,23.15,23.15,166031.4,166031.4,166031.4
2017-10-10,23.16,23.5,23.35,23.1,182874.77,0.18,0.78,23.26,23.26,23.26,181725.25,181725.25,181725.25
2017-10-09,23.27,23.37,23.17,22.81,180575.72,0.62,2.75,23.17,23.17,23.17,180575.72,180575.72,180575.72
