FSRQ,DWJZ,LJJZ,SDATE,ACTUALSYI,NAVTYPE,JZZZL,SGZT,SHZT,FHFCZ,FHFCBZ,DTYPE,FHSP
2020-10-28,1.4075,1.4075,,,1,0.15,开放申购,开放赎回,,,,
2020-10-27,1.4054,1.4054,,,1,0.75,开放申购,开放赎回,,,,
2020-10-26,1.3949,1.3949,,,1,-0.44,开放申购,开放赎回,,,,
2020-10-23,1.4011,1.4011,,,1,-0.34,开放申购,开放赎回,,,,
2020-10-22,1.4059,1.4059,,,1,-0.01,开放申购,开放赎回,,,,
2020-10-21,1.4060,1.4060,,,1,0.73,开放申购,开放赎回,,,,
2020-10-20,1.3958,1.3958,,,1,-0.78,开放申购,开放赎回,,,,
2020-10-19,1.4068,1.4068,,,1,0.08,开放申购,开放赎回,,,,
2020-10-16,1.4057,1.4057,,,1,0.41,开放申购,开放赎回,,,,
2020-10-15,1.4000,1.4000,,,1,-0.12,开放申购,开放赎回,,,,
2020-10-14,1.4017,1.4017,,,1,-0.96,开放申购,开放赎回,,,,
2020-10-13,1.4153,1.4153,,,1,-0.49,开放申购,开放赎回,,,,
2020-10-12,1.4223,1.4223,,,1,1.04,开放申购,开放赎回,,,,
2020-10-09,1.4076,1.4076,,,1,0.33,开放申购,开放赎回,,,,
2020-09-30,1.4030,1.4030,,,1,-0.16,开放申购,开放赎回,,,,
2020-09-29,1.4052,1.4052,,,1,1.12,开放申购,开放赎回,,,,
2020-09-28,1.3896,1.3896,,,1,-0.17,开放申购,开放赎回,,,,
2020-09-25,1.3920,1.3920,,,1,1.10,开放申购,开放赎回,,,,
2020-09-24,1.3768,1.3768,,,1,-1.33,开放申购,开放赎回,,,,
2020-09-23,1.3954,1.3954,,,1,-1.19,开放申购,开放赎回,,,,
2020-09-22,1.4122,1.4122,,,1,-2.30,开放申购,开放赎回,,,,
2020-09-21,1.4454,1.4454,,,1,-0.02,开放申购,开放赎回,,,,
2020-09-18,1.4457,1.4457,,,1,0.37,开放申购,开放赎回,,,,
2020-09-17,1.4403,1.4403,,,1,-0.64,开放申购,开放赎回,,,,
2020-09-16,1.4496,1.4496,,,1,-0.15,开放申购,开放赎回,,,,
2020-09-15,1.4518,1.4518,,,1,0.36,开放申购,开放赎回,,,,
2020-09-14,1.4466,1.4466,,,1,-0.19,开放申购,开放赎回,,,,
2020-09-11,1.4494,1.4494,,,1,-0.24,开放申购,开放赎回,,,,
2020-09-10,1.4529,1.4529,,,1,0.66,开放申购,开放赎回,,,,
2020-09-09,1.4434,1.4434,,,1,0.05,开放申购,开放赎回,,,,
2020-09-08,1.4427,1.4427,,,1,0.28,开放申购,开放赎回,,,,
2020-09-07,1.4386,1.4386,,,1,-0.37,开放申购,开放赎回,,,,
2020-09-04,1.4439,1.4439,,,1,0.03,开放申购,开放赎回,,,,
2020-09-03,1.4434,1.4434,,,1,-0.93,开放申购,开放赎回,,,,
2020-09-02,1.4570,1.4570,,,1,-1.26,开放申购,开放赎回,,,,
2020-09-01,1.4756,1.4756,,,1,1.14,开放申购,开放赎回,,,,
2020-08-31,1.4589,1.4589,,,1,0.21,开放申购,开放赎回,,,,
2020-08-28,1.4558,1.4558,,,1,0.15,开放申购,开放赎回,,,,
2020-08-27,1.4536,1.4536,,,1,1.18,开放申购,开放赎回,,,,
2020-08-26,1.4367,1.4367,,,1,-0.13,开放申购,开放赎回,,,,
2020-08-25,1.4386,1.4386,,,1,-0.54,开放申购,开放赎回,,,,
2020-08-24,1.4464,1.4464,,,1,0.10,开放申购,开放赎回,,,,
2020-08-21,1.4449,1.4449,,,1,-0.20,开放申购,开放赎回,,,,
2020-08-20,1.4478,1.4478,,,1,-1.95,开放申购,开放赎回,,,,
2020-08-19,1.4766,1.4766,,,1,-1.30,开放申购,开放赎回,,,,
2020-08-18,1.4960,1.4960,,,1,2.14,开放申购,开放赎回,,,,
2020-08-17,1.4647,1.4647,,,1,0.92,开放申购,开放赎回,,,,
2020-08-14,1.4513,1.4513,,,1,0.97,开放申购,开放赎回,,,,
2020-08-13,1.4374,1.4374,,,1,1.50,开放申购,开放赎回,,,,
2020-08-12,1.4161,1.4161,,,1,-6.11,开放申购,开放赎回,,,,
2020-08-11,1.5082,1.5082,,,1,-1.92,开放申购,开放赎回,,,,
2020-08-10,1.5377,1.5377,,,1,-0.85,开放申购,开放赎回,,,,
2020-08-07,1.5509,1.5509,,,1,0.68,开放申购,开放赎回,,,,
2020-08-06,1.5404,1.5404,,,1,0.82,开放申购,开放赎回,,,,
2020-08-05,1.5278,1.5278,,,1,2.60,开放申购,开放赎回,,,,
2020-08-04,1.4891,1.4891,,,1,0.09,开放申购,开放赎回,,,,
2020-08-03,1.4878,1.4878,,,1,-0.24,开放申购,开放赎回,,,,
2020-07-31,1.4914,1.4914,,,1,1.50,开放申购,开放赎回,,,,
2020-07-30,1.4693,1.4693,,,1,-1.10,开放申购,开放赎回,,,,
2020-07-29,1.4856,1.4856,,,1,0.35,开放申购,开放赎回,,,,
2020-07-28,1.4804,1.4804,,,1,-0.30,开放申购,开放赎回,,,,
2020-07-27,1.4848,1.4848,,,1,2.07,开放申购,开放赎回,,,,
2020-07-24,1.4547,1.4547,,,1,1.25,开放申购,开放赎回,,,,
2020-07-23,1.4368,1.4368,,,1,0.53,开放申购,开放赎回,,,,
2020-07-22,1.4292,1.4292,,,1,2.17,开放申购,开放赎回,,,,
2020-07-21,1.3989,1.3989,,,1,0.73,开放申购,开放赎回,,,,
2020-07-20,1.3888,1.3888,,,1,0.30,开放申购,开放赎回,,,,
2020-07-17,1.3846,1.3846,,,1,-0.60,开放申购,开放赎回,,,,
2020-07-16,1.3929,1.3929,,,1,-0.15,开放申购,开放赎回,,,,
2020-07-15,1.3950,1.3950,,,1,0.02,开放申购,开放赎回,,,,
2020-07-14,1.3947,1.3947,,,1,-0.20,开放申购,开放赎回,,,,
2020-07-13,1.3975,1.3975,,,1,0.32,开放申购,开放赎回,,,,
2020-07-10,1.3930,1.3930,,,1,-0.54,开放申购,开放赎回,,,,
2020-07-09,1.4005,1.4005,,,1,0.65,开放申购,开放赎回,,,,
2020-07-08,1.3915,1.3915,,,1,0.48,开放申购,开放赎回,,,,
2020-07-07,1.3849,1.3849,,,1,0.12,开放申购,开放赎回,,,,
2020-07-06,1.3833,1.3833,,,1,-0.14,开放申购,开放赎回,,,,
2020-07-03,1.3852,1.3852,,,1,0.28,开放申购,开放赎回,,,,
2020-07-02,1.3814,1.3814,,,1,-0.99,开放申购,开放赎回,,,,
2020-07-01,1.3952,1.3952,,,1,0.74,开放申购,开放赎回,,,,
2020-06-30,1.3849,1.3849,,,1,0.14,开放申购,开放赎回,,,,
2020-06-29,1.3829,1.3829,,,1,0.04,开放申购,开放赎回,,,,
2020-06-24,1.3823,1.3823,,,1,0.60,开放申购,开放赎回,,,,
2020-06-23,1.3740,1.3740,,,1,0.18,开放申购,开放赎回,,,,
2020-06-22,1.3716,1.3716,,,1,0.82,开放申购,开放赎回,,,,
2020-06-19,1.3605,1.3605,,,1,0.19,开放申购,开放赎回,,,,
2020-06-18,1.3579,1.3579,,,1,-0.15,开放申购,开放赎回,,,,
2020-06-17,1.3600,1.3600,,,1,0.24,开放申购,开放赎回,,,,
2020-06-16,1.3568,1.3568,,,1,0.21,开放申购,开放赎回,,,,
2020-06-15,1.3539,1.3539,,,1,-0.62,开放申购,开放赎回,,,,
2020-06-12,1.3624,1.3624,,,1,-0.17,开放申购,开放赎回,,,,
2020-06-11,1.3647,1.3647,,,1,0.76,开放申购,开放赎回,,,,
2020-06-10,1.3544,1.3544,,,1,1.10,开放申购,开放赎回,,,,
2020-06-09,1.3396,1.3396,,,1,0.11,开放申购,开放赎回,,,,
2020-06-08,1.3381,1.3381,,,1,-0.97,开放申购,开放赎回,,,,
2020-06-05,1.3512,1.3512,,,1,0.01,开放申购,开放赎回,,,,
2020-06-04,1.3511,1.3511,,,1,-0.87,开放申购,开放赎回,,,,
2020-06-03,1.3629,1.3629,,,1,-0.89,开放申购,开放赎回,,,,
2020-06-02,1.3751,1.3751,,,1,-0.28,开放申购,开放赎回,,,,
2020-06-01,1.3790,1.3790,,,1,1.01,开放申购,开放赎回,,,,
2020-05-29,1.3652,1.3652,,,1,-0.07,开放申购,开放赎回,,,,
2020-05-28,1.3661,1.3661,,,1,0.56,开放申购,开放赎回,,,,
2020-05-27,1.3585,1.3585,,,1,-0.80,开放申购,开放赎回,,,,
2020-05-26,1.3694,1.3694,,,1,0.45,开放申购,开放赎回,,,,
2020-05-25,1.3633,1.3633,,,1,-0.15,开放申购,开放赎回,,,,
2020-05-22,1.3654,1.3654,,,1,-0.05,开放申购,开放赎回,,,,
2020-05-21,1.3661,1.3661,,,1,-1.14,开放申购,开放赎回,,,,
2020-05-20,1.3818,1.3818,,,1,1.05,开放申购,开放赎回,,,,
2020-05-19,1.3674,1.3674,,,1,-1.36,开放申购,开放赎回,,,,
2020-05-18,1.3863,1.3863,,,1,2.39,开放申购,开放赎回,,,,
2020-05-15,1.3539,1.3539,,,1,1.36,开放申购,开放赎回,,,,
2020-05-14,1.3357,1.3357,,,1,0.62,开放申购,开放赎回,,,,
2020-05-13,1.3275,1.3275,,,1,0.04,开放申购,开放赎回,,,,
2020-05-12,1.3270,1.3270,,,1,-0.09,开放申购,开放赎回,,,,
2020-05-11,1.3282,1.3282,,,1,-0.55,开放申购,开放赎回,,,,
2020-05-08,1.3356,1.3356,,,1,0.94,开放申购,开放赎回,,,,
2020-05-07,1.3231,1.3231,,,1,-0.13,开放申购,开放赎回,,,,
2020-05-06,1.3248,1.3248,,,1,-0.15,开放申购,开放赎回,,,,
2020-04-30,1.3268,1.3268,,,1,0.73,开放申购,开放赎回,,,,
2020-04-29,1.3172,1.3172,,,1,0.27,开放申购,开放赎回,,,,
2020-04-28,1.3137,1.3137,,,1,-0.90,开放申购,开放赎回,,,,
2020-04-27,1.3256,1.3256,,,1,-0.17,开放申购,开放赎回,,,,
2020-04-24,1.3279,1.3279,,,1,0.61,开放申购,开放赎回,,,,
2020-04-23,1.3198,1.3198,,,1,1.43,开放申购,开放赎回,,,,
2020-04-22,1.3012,1.3012,,,1,-0.30,开放申购,开放赎回,,,,
2020-04-21,1.3051,1.3051,,,1,1.15,开放申购,开放赎回,,,,
2020-04-20,1.2902,1.2902,,,1,0.00,开放申购,开放赎回,,,,
2020-04-17,1.2902,1.2902,,,1,-2.10,开放申购,开放赎回,,,,
2020-04-16,1.3179,1.3179,,,1,1.05,开放申购,开放赎回,,,,
2020-04-15,1.3042,1.3042,,,1,-0.72,开放申购,开放赎回,,,,
2020-04-14,1.3136,1.3136,,,1,1.33,开放申购,开放赎回,,,,
2020-04-13,1.2964,1.2964,,,1,-0.06,开放申购,开放赎回,,,,
2020-04-10,1.2972,1.2972,,,1,0.50,开放申购,开放赎回,,,,
2020-04-09,1.2907,1.2907,,,1,0.04,开放申购,开放赎回,,,,
2020-04-08,1.2902,1.2902,,,1,-0.29,开放申购,开放赎回,,,,
2020-04-07,1.2939,1.2939,,,1,2.38,开放申购,开放赎回,,,,
2020-04-03,1.2638,1.2638,,,1,0.60,开放申购,开放赎回,,,,
2020-04-02,1.2563,1.2563,,,1,0.12,开放申购,开放赎回,,,,
2020-04-01,1.2548,1.2548,,,1,-1.20,开放申购,开放赎回,,,,
2020-03-31,1.2701,1.2701,,,1,0.06,开放申购,开放赎回,,,,
2020-03-30,1.2694,1.2694,,,1,-0.40,开放申购,开放赎回,,,,
2020-03-27,1.2745,1.2745,,,1,0.96,开放申购,开放赎回,,,,
2020-03-26,1.2624,1.2624,,,1,-0.25,开放申购,开放赎回,,,,
2020-03-25,1.2656,1.2656,,,1,1.83,开放申购,开放赎回,,,,
2020-03-24,1.2428,1.2428,,,1,5.02,开放申购,开放赎回,,,,
2020-03-23,1.1834,1.1834,,,1,-0.19,开放申购,开放赎回,,,,
2020-03-20,1.1856,1.1856,,,1,1.07,开放申购,开放赎回,,,,
2020-03-19,1.1730,1.1730,,,1,-0.66,开放申购,开放赎回,,,,
2020-03-18,1.1808,1.1808,,,1,2.24,开放申购,开放赎回,,,,
2020-03-17,1.1549,1.1549,,,1,-4.01,开放申购,开放赎回,,,,
2020-03-16,1.2032,1.2032,,,1,-2.98,开放申购,开放赎回,,,,
2020-03-13,1.2402,1.2402,,,1,-2.81,开放申购,开放赎回,,,,
2020-03-12,1.2760,1.2760,,,1,-0.89,开放申购,开放赎回,,,,
2020-03-11,1.2875,1.2875,,,1,0.73,开放申购,开放赎回,,,,
2020-03-10,1.2782,1.2782,,,1,-1.59,开放申购,开放赎回,,,,
2020-03-09,1.2989,1.2989,,,1,0.29,开放申购,开放赎回,,,,
2020-03-06,1.2951,1.2951,,,1,1.59,开放申购,开放赎回,,,,
2020-03-05,1.2748,1.2748,,,1,0.39,开放申购,开放赎回,,,,
2020-03-04,1.2698,1.2698,,,1,1.78,开放申购,开放赎回,,,,
2020-03-03,1.2476,1.2476,,,1,-0.14,开放申购,开放赎回,,,,
2020-03-02,1.2494,1.2494,,,1,-1.71,开放申购,开放赎回,,,,
2020-02-28,1.2712,1.2712,,,1,-1.41,开放申购,开放赎回,,,,
2020-02-27,1.2894,1.2894,,,1,-0.12,开放申购,开放赎回,,,,
2020-02-26,1.2910,1.2910,,,1,0.44,开放申购,开放赎回,,,,
2020-02-25,1.2853,1.2853,,,1,-1.71,开放申购,开放赎回,,,,
2020-02-24,1.3076,1.3076,,,1,1.89,开放申购,开放赎回,,,,
2020-02-21,1.2833,1.2833,,,1,2.01,开放申购,开放赎回,,,,
2020-02-20,1.2580,1.2580,,,1,0.34,开放申购,开放赎回,,,,
2020-02-19,1.2537,1.2537,,,1,1.07,开放申购,开放赎回,,,,
2020-02-18,1.2404,1.2404,,,1,0.53,开放申购,开放赎回,,,,
2020-02-17,1.2338,1.2338,,,1,0.42,开放申购,开放赎回,,,,
2020-02-14,1.2287,1.2287,,,1,0.11,开放申购,开放赎回,,,,
2020-02-13,1.2273,1.2273,,,1,0.71,开放申购,开放赎回,,,,
2020-02-12,1.2186,1.2186,,,1,-0.43,开放申购,开放赎回,,,,
2020-02-11,1.2239,1.2239,,,1,-0.16,开放申购,开放赎回,,,,
2020-02-10,1.2259,1.2259,,,1,0.35,开放申购,开放赎回,,,,
2020-02-07,1.2216,1.2216,,,1,0.68,开放申购,开放赎回,,,,
2020-02-06,1.2133,1.2133,,,1,-0.64,开放申购,开放赎回,,,,
2020-02-05,1.2211,1.2211,,,1,-0.71,开放申购,开放赎回,,,,
2020-02-04,1.2298,1.2298,,,1,-0.53,开放申购,开放赎回,,,,
2020-02-03,1.2364,1.2364,,,1,2.35,开放申购,开放赎回,,,,
2020-01-23,1.2080,1.2080,,,1,0.55,开放申购,开放赎回,,,,
2020-01-22,1.2014,1.2014,,,1,-0.66,开放申购,开放赎回,,,,
2020-01-21,1.2094,1.2094,,,1,0.86,开放申购,开放赎回,,,,
2020-01-20,1.1991,1.1991,,,1,0.13,开放申购,开放赎回,,,,
2020-01-17,1.1976,1.1976,,,1,-0.20,开放申购,开放赎回,,,,
2020-01-16,1.2000,1.2000,,,1,0.14,开放申购,开放赎回,,,,
2020-01-15,1.1983,1.1983,,,1,0.57,开放申购,开放赎回,,,,
2020-01-14,1.1915,1.1915,,,1,-0.78,开放申购,开放赎回,,,,
2020-01-13,1.2009,1.2009,,,1,-0.29,开放申购,开放赎回,,,,
2020-01-10,1.2044,1.2044,,,1,0.24,开放申购,开放赎回,,,,
2020-01-09,1.2015,1.2015,,,1,-2.96,开放申购,开放赎回,,,,
2020-01-08,1.2381,1.2381,,,1,1.40,开放申购,开放赎回,,,,
2020-01-07,1.2210,1.2210,,,1,-0.80,开放申购,开放赎回,,,,
2020-01-06,1.2308,1.2308,,,1,2.01,开放申购,开放赎回,,,,
2020-01-03,1.2065,1.2065,,,1,1.51,开放申购,开放赎回,,,,
2020-01-02,1.1885,1.1885,,,1,0.30,开放申购,开放赎回,,,,
2019-12-31,1.1849,1.1849,,,1,0.11,开放申购,开放赎回,,,,
2019-12-30,1.1836,1.1836,,,1,-0.02,开放申购,开放赎回,,,,
2019-12-27,1.1838,1.1838,,,1,0.19,开放申购,开放赎回,,,,
2019-12-26,1.1816,1.1816,,,1,0.36,开放申购,开放赎回,,,,
2019-12-25,1.1774,1.1774,,,1,0.45,开放申购,开放赎回,,,,
2019-12-24,1.1721,1.1721,,,1,0.26,开放申购,开放赎回,,,,
2019-12-23,1.1691,1.1691,,,1,0.34,开放申购,开放赎回,,,,
2019-12-20,1.1651,1.1651,,,1,0.39,开放申购,开放赎回,,,,
2019-12-19,1.1606,1.1606,,,1,-0.21,开放申购,开放赎回,,,,
2019-12-18,1.1630,1.1630,,,1,0.15,开放申购,开放赎回,,,,
2019-12-17,1.1613,1.1613,,,1,-0.12,开放申购,开放赎回,,,,
2019-12-16,1.1627,1.1627,,,1,0.68,开放申购,开放赎回,,,,
2019-12-13,1.1548,1.1548,,,1,-0.84,开放申购,开放赎回,,,,
2019-12-12,1.1646,1.1646,,,1,0.57,开放申购,开放赎回,,,,
2019-12-11,1.1580,1.1580,,,1,-0.21,开放申购,开放赎回,,,,
2019-12-10,1.1604,1.1604,,,1,0.32,开放申购,开放赎回,,,,
2019-12-09,1.1567,1.1567,,,1,-0.67,开放申购,开放赎回,,,,
2019-12-06,1.1645,1.1645,,,1,-0.53,开放申购,开放赎回,,,,
2019-12-05,1.1707,1.1707,,,1,-0.76,开放申购,开放赎回,,,,
2019-12-04,1.1797,1.1797,,,1,1.77,开放申购,开放赎回,,,,
2019-12-03,1.1592,1.1592,,,1,0.49,开放申购,开放赎回,,,,
2019-12-02,1.1536,1.1536,,,1,-0.11,开放申购,开放赎回,,,,
2019-11-29,1.1549,1.1549,,,1,0.32,开放申购,开放赎回,,,,
2019-11-28,1.1512,1.1512,,,1,-0.26,开放申购,开放赎回,,,,
2019-11-27,1.1542,1.1542,,,1,0.17,开放申购,开放赎回,,,,
2019-11-26,1.1522,1.1522,,,1,-0.01,开放申购,开放赎回,,,,
2019-11-25,1.1523,1.1523,,,1,-0.87,开放申购,开放赎回,,,,
2019-11-22,1.1624,1.1624,,,1,0.13,开放申购,开放赎回,,,,
2019-11-21,1.1609,1.1609,,,1,-0.05,开放申购,开放赎回,,,,
2019-11-20,1.1615,1.1615,,,1,0.34,开放申购,开放赎回,,,,
2019-11-19,1.1576,1.1576,,,1,0.48,开放申购,开放赎回,,,,
2019-11-18,1.1521,1.1521,,,1,-0.10,开放申购,开放赎回,,,,
2019-11-15,1.1533,1.1533,,,1,-0.24,开放申购,开放赎回,,,,
2019-11-14,1.1561,1.1561,,,1,0.32,开放申购,开放赎回,,,,
2019-11-13,1.1524,1.1524,,,1,0.88,开放申购,开放赎回,,,,
2019-11-12,1.1423,1.1423,,,1,-0.89,开放申购,开放赎回,,,,
2019-11-11,1.1525,1.1525,,,1,-0.15,开放申购,开放赎回,,,,
2019-11-08,1.1542,1.1542,,,1,-1.27,开放申购,开放赎回,,,,
2019-11-07,1.1690,1.1690,,,1,-0.07,开放申购,开放赎回,,,,
2019-11-06,1.1698,1.1698,,,1,-1.40,开放申购,开放赎回,,,,
2019-11-05,1.1864,1.1864,,,1,-0.43,开放申购,开放赎回,,,,
2019-11-04,1.1915,1.1915,,,1,-0.22,开放申购,开放赎回,,,,
2019-11-01,1.1941,1.1941,,,1,0.84,开放申购,开放赎回,,,,
2019-10-31,1.1842,1.1842,,,1,0.14,开放申购,开放赎回,,,,
2019-10-30,1.1825,1.1825,,,1,-0.24,开放申购,开放赎回,,,,
2019-10-29,1.1854,1.1854,,,1,-0.83,开放申购,开放赎回,,,,
2019-10-28,1.1953,1.1953,,,1,-0.04,开放申购,开放赎回,,,,
2019-10-25,1.1958,1.1958,,,1,1.06,开放申购,开放赎回,,,,
2019-10-24,1.1832,1.1832,,,1,-0.18,开放申购,开放赎回,,,,
2019-10-23,1.1853,1.1853,,,1,0.12,开放申购,开放赎回,,,,
2019-10-22,1.1839,1.1839,,,1,-0.17,开放申购,开放赎回,,,,
2019-10-21,1.1859,1.1859,,,1,0.11,开放申购,开放赎回,,,,
2019-10-18,1.1846,1.1846,,,1,-0.31,开放申购,开放赎回,,,,
2019-10-17,1.1883,1.1883,,,1,0.37,开放申购,开放赎回,,,,
2019-10-16,1.1839,1.1839,,,1,-0.27,开放申购,开放赎回,,,,
2019-10-15,1.1871,1.1871,,,1,0.36,开放申购,开放赎回,,,,
2019-10-14,1.1828,1.1828,,,1,-1.29,开放申购,开放赎回,,,,
2019-10-11,1.1983,1.1983,,,1,-0.51,开放申购,开放赎回,,,,
2019-10-10,1.2044,1.2044,,,1,-0.55,开放申购,开放赎回,,,,
2019-10-09,1.2110,1.2110,,,1,1.20,开放申购,开放赎回,,,,
2019-10-08,1.1966,1.1966,,,1,-0.14,开放申购,开放赎回,,,,
2019-09-30,1.1983,1.1983,,,1,-0.22,开放申购,开放赎回,,,,
2019-09-27,1.2009,1.2009,,,1,-0.53,开放申购,开放赎回,,,,
2019-09-26,1.2073,1.2073,,,1,-1.32,开放申购,开放赎回,,,,
2019-09-25,1.2235,1.2235,,,1,0.61,开放申购,开放赎回,,,,
2019-09-24,1.2161,1.2161,,,1,0.32,开放申购,开放赎回,,,,
2019-09-23,1.2122,1.2122,,,1,0.97,开放申购,开放赎回,,,,
2019-09-20,1.2005,1.2005,,,1,0.45,开放申购,开放赎回,,,,
2019-09-19,1.1951,1.1951,,,1,-0.37,开放申购,开放赎回,,,,
2019-09-18,1.1995,1.1995,,,1,0.31,开放申购,开放赎回,,,,
2019-09-17,1.1958,1.1958,,,1,-0.19,开放申购,开放赎回,,,,
2019-09-16,1.1981,1.1981,,,1,-0.11,开放申购,开放赎回,,,,
2019-09-12,1.1994,1.1994,,,1,0.19,开放申购,开放赎回,,,,
2019-09-11,1.1971,1.1971,,,1,0.19,开放申购,开放赎回,,,,
2019-09-10,1.1948,1.1948,,,1,-1.32,开放申购,开放赎回,,,,
2019-09-09,1.2108,1.2108,,,1,-0.16,开放申购,开放赎回,,,,
2019-09-06,1.2127,1.2127,,,1,-2.42,开放申购,开放赎回,,,,
2019-09-05,1.2428,1.2428,,,1,0.29,开放申购,开放赎回,,,,
2019-09-04,1.2392,1.2392,,,1,0.45,开放申购,开放赎回,,,,
2019-09-03,1.2336,1.2336,,,1,0.58,开放申购,开放赎回,,,,
2019-09-02,1.2265,1.2265,,,1,-0.29,开放申购,开放赎回,,,,
2019-08-30,1.2301,1.2301,,,1,-1.25,开放申购,开放赎回,,,,
2019-08-29,1.2457,1.2457,,,1,0.45,开放申购,开放赎回,,,,
2019-08-28,1.2401,1.2401,,,1,0.40,开放申购,开放赎回,,,,
2019-08-27,1.2352,1.2352,,,1,0.16,开放申购,开放赎回,,,,
2019-08-26,1.2332,1.2332,,,1,3.35,开放申购,开放赎回,,,,
2019-08-23,1.1932,1.1932,,,1,-0.23,开放申购,开放赎回,,,,
2019-08-22,1.1960,1.1960,,,1,0.36,开放申购,开放赎回,,,,
2019-08-21,1.1917,1.1917,,,1,-0.18,开放申购,开放赎回,,,,
2019-08-20,1.1938,1.1938,,,1,-0.31,开放申购,开放赎回,,,,
2019-08-19,1.1975,1.1975,,,1,-0.39,开放申购,开放赎回,,,,
2019-08-16,1.2022,1.2022,,,1,0.30,开放申购,开放赎回,,,,
2019-08-15,1.1986,1.1986,,,1,0.81,开放申购,开放赎回,,,,
2019-08-14,1.1890,1.1890,,,1,-2.20,开放申购,开放赎回,,,,
2019-08-13,1.2157,1.2157,,,1,2.41,开放申购,开放赎回,,,,
2019-08-12,1.1871,1.1871,,,1,-0.61,开放申购,开放赎回,,,,
2019-08-09,1.1944,1.1944,,,1,0.01,开放申购,开放赎回,,,,
2019-08-08,1.1943,1.1943,,,1,0.81,开放申购,开放赎回,,,,
2019-08-07,1.1847,1.1847,,,1,1.94,开放申购,开放赎回,,,,
2019-08-06,1.1621,1.1621,,,1,0.29,开放申购,开放赎回,,,,
2019-08-05,1.1587,1.1587,,,1,2.71,开放申购,开放赎回,,,,
2019-08-02,1.1281,1.1281,,,1,2.23,开放申购,开放赎回,,,,
2019-08-01,1.1035,1.1035,,,1,-1.40,开放申购,开放赎回,,,,
2019-07-31,1.1192,1.1192,,,1,0.44,开放申购,开放赎回,,,,
2019-07-30,1.1143,1.1143,,,1,0.40,开放申购,开放赎回,,,,
2019-07-29,1.1099,1.1099,,,1,0.08,开放申购,开放赎回,,,,
2019-07-26,1.1090,1.1090,,,1,-0.25,开放申购,开放赎回,,,,
2019-07-25,1.1118,1.1118,,,1,0.03,开放申购,开放赎回,,,,
2019-07-24,1.1115,1.1115,,,1,0.32,开放申购,开放赎回,,,,
2019-07-23,1.1079,1.1079,,,1,-0.59,开放申购,开放赎回,,,,
2019-07-22,1.1145,1.1145,,,1,-0.58,开放申购,开放赎回,,,,
2019-07-19,1.1210,1.1210,,,1,1.16,开放申购,开放赎回,,,,
2019-07-18,1.1081,1.1081,,,1,0.84,开放申购,开放赎回,,,,
2019-07-17,1.0989,1.0989,,,1,-0.49,开放申购,开放赎回,,,,
2019-07-16,1.1043,1.1043,,,1,0.11,开放申购,开放赎回,,,,
2019-07-15,1.1031,1.1031,,,1,0.12,开放申购,开放赎回,,,,
2019-07-12,1.1018,1.1018,,,1,-0.56,开放申购,开放赎回,,,,
2019-07-11,1.1080,1.1080,,,1,1.60,开放申购,开放赎回,,,,
2019-07-10,1.0905,1.0905,,,1,-0.11,开放申购,开放赎回,,,,
2019-07-09,1.0917,1.0917,,,1,-0.77,开放申购,开放赎回,,,,
2019-07-08,1.1002,1.1002,,,1,-0.49,开放申购,开放赎回,,,,
2019-07-05,1.1056,1.1056,,,1,0.21,开放申购,开放赎回,,,,
2019-07-04,1.1033,1.1033,,,1,-0.90,开放申购,开放赎回,,,,
2019-07-03,1.1133,1.1133,,,1,2.54,开放申购,开放赎回,,,,
2019-07-02,1.0857,1.0857,,,1,0.68,开放申购,开放赎回,,,,
2019-07-01,1.0784,1.0784,,,1,-2.06,开放申购,开放赎回,,,,
2019-06-30,1.1010,1.1010,,,0,,开放申购,开放赎回,,,,
2019-06-28,1.1011,1.1011,,,1,0.16,开放申购,开放赎回,,,,
2019-06-27,1.0993,1.0993,,,1,-0.16,开放申购,开放赎回,,,,
2019-06-26,1.1011,1.1011,,,1,-1.58,开放申购,开放赎回,,,,
2019-06-25,1.1188,1.1188,,,1,1.95,开放申购,开放赎回,,,,
2019-06-24,1.0974,1.0974,,,1,0.67,开放申购,开放赎回,,,,
2019-06-21,1.0901,1.0901,,,1,0.75,开放申购,开放赎回,,,,
2019-06-20,1.0820,1.0820,,,1,1.99,开放申购,开放赎回,,,,
2019-06-19,1.0609,1.0609,,,1,-0.44,开放申购,开放赎回,,,,
2019-06-18,1.0656,1.0656,,,1,0.70,开放申购,开放赎回,,,,
2019-06-17,1.0582,1.0582,,,1,-1.13,开放申购,开放赎回,,,,
2019-06-14,1.0703,1.0703,,,1,1.44,开放申购,开放赎回,,,,
2019-06-13,1.0551,1.0551,,,1,0.26,开放申购,开放赎回,,,,
2019-06-12,1.0524,1.0524,,,1,0.83,开放申购,开放赎回,,,,
2019-06-11,1.0437,1.0437,,,1,-0.56,开放申购,开放赎回,,,,
2019-06-10,1.0496,1.0496,,,1,-0.17,开放申购,开放赎回,,,,
2019-06-06,1.0514,1.0514,,,1,0.10,开放申购,开放赎回,,,,
2019-06-05,1.0503,1.0503,,,1,0.44,开放申购,开放赎回,,,,
2019-06-04,1.0457,1.0457,,,1,0.98,开放申购,开放赎回,,,,
2019-06-03,1.0356,1.0356,,,1,1.20,开放申购,开放赎回,,,,
2019-05-31,1.0233,1.0233,,,1,1.22,开放申购,开放赎回,,,,
2019-05-30,1.0110,1.0110,,,1,-0.52,开放申购,开放赎回,,,,
2019-05-29,1.0163,1.0163,,,1,0.06,开放申购,开放赎回,,,,
2019-05-28,1.0157,1.0157,,,1,0.05,开放申购,开放赎回,,,,
2019-05-27,1.0152,1.0152,,,1,-0.06,开放申购,开放赎回,,,,
2019-05-24,1.0158,1.0158,,,1,0.62,开放申购,开放赎回,,,,
2019-05-23,1.0095,1.0095,,,1,0.08,开放申购,开放赎回,,,,
2019-05-22,1.0087,1.0087,,,1,-0.08,开放申购,开放赎回,,,,
2019-05-21,1.0095,1.0095,,,1,-0.20,开放申购,开放赎回,,,,
2019-05-20,1.0115,1.0115,,,1,-0.27,开放申购,开放赎回,,,,
2019-05-17,1.0142,1.0142,,,1,-0.24,开放申购,开放赎回,,,,
2019-05-16,1.0166,1.0166,,,1,0.37,开放申购,开放赎回,,,,
2019-05-15,1.0129,1.0129,,,1,-0.36,开放申购,开放赎回,,,,
2019-05-14,1.0166,1.0166,,,1,1.21,开放申购,开放赎回,,,,
2019-05-13,1.0044,1.0044,,,1,0.57,开放申购,开放赎回,,,,
2019-05-10,0.9987,0.9987,,,1,-0.06,开放申购,开放赎回,,,,
2019-05-09,0.9993,0.9993,,,1,0.28,开放申购,开放赎回,,,,
2019-05-08,0.9965,0.9965,,,1,0.31,开放申购,开放赎回,,,,
2019-05-07,0.9934,0.9934,,,1,-0.11,开放申购,开放赎回,,,,
2019-05-06,0.9945,0.9945,,,1,0.38,开放申购,开放赎回,,,,
2019-04-30,0.9907,0.9907,,,1,0.13,开放申购,开放赎回,,,,
2019-04-29,0.9894,0.9894,,,1,-0.17,开放申购,开放赎回,,,,
2019-04-26,0.9911,0.9911,,,1,0.30,开放申购,开放赎回,,,,
2019-04-25,0.9881,0.9881,,,1,0.53,开放申购,开放赎回,,,,
2019-04-24,0.9829,0.9829,,,1,-0.22,开放申购,开放赎回,,,,
2019-04-23,0.9851,0.9851,,,1,-0.32,开放申购,开放赎回,,,,
2019-04-22,0.9883,0.9883,,,1,0.16,开放申购,开放赎回,,,,
2019-04-19,0.9867,0.9867,,,1,0.31,开放申购,开放赎回,,,,
2019-04-18,0.9837,0.9837,,,1,-0.33,开放申购,开放赎回,,,,
2019-04-17,0.9870,0.9870,,,1,-0.55,开放申购,开放赎回,,,,
2019-04-16,0.9925,0.9925,,,1,-0.02,开放申购,开放赎回,,,,
2019-04-15,0.9927,0.9927,,,1,-0.46,开放申购,开放赎回,,,,
2019-04-12,0.9973,0.9973,,,1,-0.78,开放申购,开放赎回,,,,
2019-04-11,1.0051,1.0051,,,1,0.02,开放申购,开放赎回,,,,
2019-04-10,1.0049,1.0049,,,1,0.43,开放申购,开放赎回,,,,
2019-04-09,1.0006,1.0006,,,1,0.06,开放申购,开放赎回,,,,
2019-04-08,1.0000,1.0000,,,1,0.29,开放申购,开放赎回,,,,
2019-04-04,0.9971,0.9971,,,1,0.22,开放申购,开放赎回,,,,
2019-04-03,0.9949,0.9949,,,1,0.17,开放申购,开放赎回,,,,
2019-04-02,0.9932,0.9932,,,1,-0.16,开放申购,开放赎回,,,,
2019-04-01,0.9948,0.9948,,,1,0.33,开放申购,开放赎回,,,,
2019-03-29,0.9915,0.9915,,,1,-1.80,开放申购,开放赎回,,,,
2019-03-28,1.0097,1.0097,,,1,-0.20,开放申购,开放赎回,,,,
2019-03-27,1.0117,1.0117,,,1,-0.19,开放申购,开放赎回,,,,
2019-03-26,1.0136,1.0136,,,1,0.15,开放申购,开放赎回,,,,
2019-03-25,1.0121,1.0121,,,1,0.22,开放申购,开放赎回,,,,
2019-03-22,1.0099,1.0099,,,1,0.00,开放申购,开放赎回,,,,
2019-03-21,1.0099,1.0099,,,1,0.63,开放申购,开放赎回,,,,
2019-03-20,1.0036,1.0036,,,1,-0.20,开放申购,开放赎回,,,,
2019-03-19,1.0056,1.0056,,,1,0.30,开放申购,开放赎回,,,,
2019-03-18,1.0026,1.0026,,,1,0.00,开放申购,开放赎回,,,,
2019-03-15,1.0026,1.0026,,,1,0.05,开放申购,开放赎回,,,,
2019-03-14,1.0021,1.0021,,,1,-0.24,开放申购,开放赎回,,,,
2019-03-13,1.0045,1.0045,,,1,0.68,开放申购,开放赎回,,,,
2019-03-12,0.9977,0.9977,,,1,-0.23,开放申购,开放赎回,,,,
2019-03-11,1.0000,1.0000,,,1,0.31,开放申购,开放赎回,,,,
2019-03-08,0.9969,0.9969,,,1,0.84,开放申购,开放赎回,,,,
2019-03-07,0.9886,0.9886,,,1,-0.41,开放申购,开放赎回,,,,
2019-03-06,0.9927,0.9927,,,1,0.60,开放申购,开放赎回,,,,
2019-03-05,0.9868,0.9868,,,1,-0.41,开放申购,开放赎回,,,,
2019-03-04,0.9909,0.9909,,,1,-1.27,开放申购,开放赎回,,,,
2019-03-01,1.0036,1.0036,,,1,-0.51,开放申购,开放赎回,,,,
2019-02-28,1.0087,1.0087,,,1,-0.62,开放申购,开放赎回,,,,
2019-02-27,1.0150,1.0150,,,1,-0.03,开放申购,开放赎回,,,,
2019-02-26,1.0153,1.0153,,,1,-0.11,开放申购,开放赎回,,,,
2019-02-25,1.0164,1.0164,,,1,-0.21,开放申购,开放赎回,,,,
2019-02-22,1.0185,1.0185,,,1,-0.59,开放申购,开放赎回,,,,
2019-02-21,1.0245,1.0245,,,1,-0.51,开放申购,开放赎回,,,,
2019-02-20,1.0298,1.0298,,,1,0.54,开放申购,开放赎回,,,,
2019-02-19,1.0243,1.0243,,,1,0.23,开放申购,开放赎回,,,,
2019-02-18,1.0220,1.0220,,,1,0.51,开放申购,开放赎回,,,,
2019-02-15,1.0168,1.0168,,,1,0.63,开放申购,开放赎回,,,,
2019-02-14,1.0104,1.0104,,,1,-0.20,开放申购,开放赎回,,,,
2019-02-13,1.0124,1.0124,,,1,-0.24,开放申购,开放赎回,,,,
2019-02-12,1.0148,1.0148,,,1,0.12,开放申购,开放赎回,,,,
2019-02-11,1.0136,1.0136,,,1,-0.01,开放申购,开放赎回,,,,
2019-02-01,1.0137,1.0137,,,1,0.23,开放申购,开放赎回,,,,
2019-01-31,1.0114,1.0114,,,1,0.00,开放申购,开放赎回,,,,
2019-01-30,1.0114,1.0114,,,1,0.26,开放申购,开放赎回,,,,
2019-01-29,1.0088,1.0088,,,1,0.49,开放申购,开放赎回,,,,
2019-01-28,1.0039,1.0039,,,1,0.68,开放申购,开放赎回,,,,
2019-01-25,0.9971,0.9971,,,1,-0.08,开放申购,开放赎回,,,,
2019-01-24,0.9979,0.9979,,,1,0.08,开放申购,开放赎回,,,,
2019-01-23,0.9971,0.9971,,,1,-0.16,开放申购,开放赎回,,,,
2019-01-22,0.9987,0.9987,,,1,0.21,开放申购,开放赎回,,,,
2019-01-21,0.9966,0.9966,,,1,-0.37,开放申购,开放赎回,,,,
2019-01-18,1.0003,1.0003,,,1,0.06,开放申购,开放赎回,,,,
2019-01-17,0.9997,0.9997,,,1,0.04,开放申购,开放赎回,,,,
2019-01-16,0.9993,0.9993,,,1,0.22,开放申购,开放赎回,,,,
2019-01-15,0.9971,0.9971,,,1,-0.40,开放申购,开放赎回,,,,
2019-01-14,1.0011,1.0011,,,1,0.10,开放申购,开放赎回,,,,
2019-01-11,1.0001,1.0001,,,1,-0.21,开放申购,开放赎回,,,,
2019-01-10,1.0022,1.0022,,,1,-0.02,开放申购,开放赎回,,,,
2019-01-09,1.0024,1.0024,,,1,-0.29,开放申购,开放赎回,,,,
2019-01-08,1.0053,1.0053,,,1,-0.55,开放申购,开放赎回,,,,
2019-01-07,1.0109,1.0109,,,1,-0.45,开放申购,开放赎回,,,,
2019-01-04,1.0155,1.0155,,,1,0.06,开放申购,开放赎回,,,,
2019-01-03,1.0149,1.0149,,,1,0.51,开放申购,开放赎回,,,,
2019-01-02,1.0098,1.0098,,,1,0.39,开放申购,开放赎回,,,,
2018-12-31,1.0059,1.0059,,,0,,开放申购,开放赎回,,,,
2018-12-28,1.0059,1.0059,,,1,0.57,开放申购,开放赎回,,,,
2018-12-27,1.0002,1.0002,,,1,-0.45,开放申购,开放赎回,,,,
2018-12-26,1.0047,1.0047,,,1,0.27,开放申购,开放赎回,,,,
2018-12-25,1.0020,1.0020,,,1,0.53,开放申购,开放赎回,,,,
2018-12-24,0.9967,0.9967,,,1,0.27,开放申购,开放赎回,,,,
2018-12-21,0.9940,0.9940,,,1,0.66,开放申购,开放赎回,,,,
2018-12-20,0.9875,0.9875,,,1,0.03,开放申购,开放赎回,,,,
2018-12-19,0.9872,0.9872,,,1,0.11,开放申购,开放赎回,,,,
2018-12-18,0.9861,0.9861,,,1,0.60,开放申购,开放赎回,,,,
2018-12-17,0.9802,0.9802,,,1,-0.23,开放申购,开放赎回,,,,
2018-12-14,0.9825,0.9825,,,1,-0.26,开放申购,开放赎回,,,,
2018-12-13,0.9851,0.9851,,,1,0.26,开放申购,开放赎回,,,,
2018-12-12,0.9825,0.9825,,,1,-0.21,开放申购,开放赎回,,,,
2018-12-11,0.9846,0.9846,,,1,-0.25,开放申购,开放赎回,,,,
2018-12-10,0.9871,0.9871,,,1,1.02,开放申购,开放赎回,,,,
2018-12-07,0.9771,0.9771,,,1,0.16,开放申购,开放赎回,,,,
2018-12-06,0.9755,0.9755,,,1,0.35,开放申购,开放赎回,,,,
2018-12-05,0.9721,0.9721,,,1,0.06,开放申购,开放赎回,,,,
2018-12-04,0.9715,0.9715,,,1,-0.07,开放申购,开放赎回,,,,
2018-12-03,0.9722,0.9722,,,1,-0.13,开放申购,开放赎回,,,,
2018-11-30,0.9735,0.9735,,,1,0.01,开放申购,开放赎回,,,,
2018-11-29,0.9734,0.9734,,,1,0.59,开放申购,开放赎回,,,,
2018-11-28,0.9677,0.9677,,,1,-0.44,开放申购,开放赎回,,,,
2018-11-27,0.9720,0.9720,,,1,-0.28,开放申购,开放赎回,,,,
2018-11-26,0.9747,0.9747,,,1,0.12,开放申购,开放赎回,,,,
2018-11-23,0.9735,0.9735,,,1,-0.03,开放申购,开放赎回,,,,
2018-11-22,0.9738,0.9738,,,1,0.09,开放申购,开放赎回,,,,
2018-11-21,0.9729,0.9729,,,1,-0.01,开放申购,开放赎回,,,,
2018-11-20,0.9730,0.9730,,,1,0.24,开放申购,开放赎回,,,,
2018-11-19,0.9707,0.9707,,,1,0.35,开放申购,开放赎回,,,,
2018-11-16,0.9673,0.9673,,,1,0.21,开放申购,开放赎回,,,,
2018-11-15,0.9653,0.9653,,,1,0.68,开放申购,开放赎回,,,,
2018-11-14,0.9588,0.9588,,,1,-0.17,开放申购,开放赎回,,,,
2018-11-13,0.9604,0.9604,,,1,-0.23,开放申购,开放赎回,,,,
2018-11-12,0.9626,0.9626,,,1,-0.77,开放申购,开放赎回,,,,
2018-11-09,0.9701,0.9701,,,1,-0.13,开放申购,开放赎回,,,,
2018-11-08,0.9714,0.9714,,,1,-0.46,开放申购,开放赎回,,,,
2018-11-07,0.9759,0.9759,,,1,0.12,开放申购,开放赎回,,,,
2018-11-06,0.9747,0.9747,,,1,-0.23,开放申购,开放赎回,,,,
2018-11-05,0.9769,0.9769,,,1,0.40,开放申购,开放赎回,,,,
2018-11-02,0.9730,0.9730,,,1,-0.18,开放申购,开放赎回,,,,
2018-11-01,0.9748,0.9748,,,1,0.36,开放申购,开放赎回,,,,
2018-10-31,0.9713,0.9713,,,1,-0.67,开放申购,开放赎回,,,,
2018-10-30,0.9779,0.9779,,,1,-0.48,开放申购,开放赎回,,,,
2018-10-29,0.9826,0.9826,,,1,-0.10,开放申购,开放赎回,,,,
2018-10-26,0.9836,0.9836,,,1,0.33,开放申购,开放赎回,,,,
2018-10-25,0.9804,0.9804,,,1,0.08,开放申购,开放赎回,,,,
2018-10-24,0.9796,0.9796,,,1,-0.04,开放申购,开放赎回,,,,
2018-10-23,0.9800,0.9800,,,1,0.56,开放申购,开放赎回,,,,
2018-10-22,0.9745,0.9745,,,1,0.16,开放申购,开放赎回,,,,
2018-10-19,0.9729,0.9729,,,1,0.19,开放申购,开放赎回,,,,
2018-10-18,0.9711,0.9711,,,1,-0.03,开放申购,开放赎回,,,,
2018-10-17,0.9714,0.9714,,,1,-0.17,开放申购,开放赎回,,,,
2018-10-16,0.9731,0.9731,,,1,-0.07,开放申购,开放赎回,,,,
2018-10-15,0.9738,0.9738,,,1,1.07,开放申购,开放赎回,,,,
2018-10-12,0.9635,0.9635,,,1,1.09,开放申购,开放赎回,,,,
2018-10-11,0.9531,0.9531,,,1,0.65,开放申购,开放赎回,,,,
2018-10-10,0.9469,0.9469,,,1,-0.10,开放申购,开放赎回,,,,
2018-10-09,0.9478,0.9478,,,1,-0.09,开放申购,开放赎回,,,,
2018-10-08,0.9487,0.9487,,,1,1.02,开放申购,开放赎回,,,,
2018-09-28,0.9391,0.9391,,,1,-0.79,开放申购,开放赎回,,,,
2018-09-27,0.9466,0.9466,,,1,-0.28,开放申购,开放赎回,,,,
2018-09-26,0.9493,0.9493,,,1,0.20,开放申购,开放赎回,,,,
2018-09-25,0.9474,0.9474,,,1,-0.43,开放申购,开放赎回,,,,
2018-09-21,0.9515,0.9515,,,1,0.40,开放申购,开放赎回,,,,
2018-09-20,0.9477,0.9477,,,1,-0.05,开放申购,开放赎回,,,,
2018-09-19,0.9482,0.9482,,,1,0.32,开放申购,开放赎回,,,,
2018-09-18,0.9452,0.9452,,,1,0.03,开放申购,开放赎回,,,,
2018-09-17,0.9449,0.9449,,,1,-0.46,开放申购,开放赎回,,,,
2018-09-14,0.9493,0.9493,,,1,0.20,开放申购,开放赎回,,,,
2018-09-13,0.9474,0.9474,,,1,0.34,开放申购,开放赎回,,,,
2018-09-12,0.9442,0.9442,,,1,-0.06,开放申购,开放赎回,,,,
2018-09-11,0.9448,0.9448,,,1,0.06,开放申购,开放赎回,,,,
2018-09-10,0.9442,0.9442,,,1,-0.01,开放申购,开放赎回,,,,
2018-09-07,0.9443,0.9443,,,1,0.15,开放申购,开放赎回,,,,
2018-09-06,0.9429,0.9429,,,1,0.32,开放申购,开放赎回,,,,
2018-09-05,0.9399,0.9399,,,1,-0.09,开放申购,开放赎回,,,,
2018-09-04,0.9407,0.9407,,,1,-0.32,开放申购,开放赎回,,,,
2018-09-03,0.9437,0.9437,,,1,-0.52,开放申购,开放赎回,,,,
2018-08-31,0.9486,0.9486,,,1,0.16,开放申购,开放赎回,,,,
2018-08-30,0.9471,0.9471,,,1,0.12,开放申购,开放赎回,,,,
2018-08-29,0.9460,0.9460,,,1,-0.23,开放申购,开放赎回,,,,
2018-08-28,0.9482,0.9482,,,1,0.37,开放申购,开放赎回,,,,
2018-08-27,0.9447,0.9447,,,1,0.23,开放申购,开放赎回,,,,
2018-08-24,0.9425,0.9425,,,1,0.12,开放申购,开放赎回,,,,
2018-08-23,0.9414,0.9414,,,1,0.05,开放申购,开放赎回,,,,
2018-08-22,0.9409,0.9409,,,1,-0.15,开放申购,开放赎回,,,,
2018-08-21,0.9423,0.9423,,,1,0.48,开放申购,开放赎回,,,,
2018-08-20,0.9378,0.9378,,,1,0.57,开放申购,开放赎回,,,,
2018-08-17,0.9325,0.9325,,,1,-0.29,开放申购,开放赎回,,,,
2018-08-16,0.9352,0.9352,,,1,-0.92,开放申购,开放赎回,,,,
2018-08-15,0.9439,0.9439,,,1,-0.19,开放申购,开放赎回,,,,
2018-08-14,0.9457,0.9457,,,1,-0.79,开放申购,开放赎回,,,,
2018-08-13,0.9532,0.9532,,,1,0.17,开放申购,开放赎回,,,,
2018-08-10,0.9516,0.9516,,,1,0.03,开放申购,开放赎回,,,,
2018-08-09,0.9513,0.9513,,,1,-0.01,开放申购,开放赎回,,,,
2018-08-08,0.9514,0.9514,,,1,-0.15,开放申购,开放赎回,,,,
2018-08-07,0.9528,0.9528,,,1,0.00,开放申购,开放赎回,,,,
2018-08-06,0.9528,0.9528,,,1,-0.07,开放申购,开放赎回,,,,
2018-08-03,0.9535,0.9535,,,1,-0.04,开放申购,开放赎回,,,,
2018-08-02,0.9539,0.9539,,,1,-0.12,开放申购,开放赎回,,,,
2018-08-01,0.9550,0.9550,,,1,-0.15,开放申购,开放赎回,,,,
2018-07-31,0.9564,0.9564,,,1,0.13,开放申购,开放赎回,,,,
2018-07-30,0.9552,0.9552,,,1,0.01,开放申购,开放赎回,,,,
2018-07-27,0.9551,0.9551,,,1,-0.12,开放申购,开放赎回,,,,
2018-07-26,0.9562,0.9562,,,1,0.20,开放申购,开放赎回,,,,
2018-07-25,0.9543,0.9543,,,1,-0.17,开放申购,开放赎回,,,,
2018-07-24,0.9559,0.9559,,,1,0.01,开放申购,开放赎回,,,,
2018-07-23,0.9558,0.9558,,,1,0.33,开放申购,开放赎回,,,,
2018-07-20,0.9527,0.9527,,,1,0.41,开放申购,开放赎回,,,,
2018-07-19,0.9488,0.9488,,,1,0.30,开放申购,开放赎回,,,,
2018-07-18,0.9460,0.9460,,,1,-0.85,开放申购,开放赎回,,,,
2018-07-17,0.9541,0.9541,,,1,-0.10,开放申购,开放赎回,,,,
2018-07-16,0.9551,0.9551,,,1,0.13,开放申购,开放赎回,,,,
2018-07-13,0.9539,0.9539,,,1,-0.07,开放申购,开放赎回,,,,
2018-07-12,0.9546,0.9546,,,1,-0.35,开放申购,开放赎回,,,,
2018-07-11,0.9580,0.9580,,,1,0.26,开放申购,开放赎回,,,,
2018-07-10,0.9555,0.9555,,,1,-0.30,开放申购,开放赎回,,,,
2018-07-09,0.9584,0.9584,,,1,-0.04,开放申购,开放赎回,,,,
2018-07-06,0.9588,0.9588,,,1,0.32,开放申购,开放赎回,,,,
2018-07-05,0.9557,0.9557,,,1,-0.04,开放申购,开放赎回,,,,
2018-07-04,0.9561,0.9561,,,1,0.20,开放申购,开放赎回,,,,
2018-07-03,0.9542,0.9542,,,1,0.15,开放申购,开放赎回,,,,
2018-07-02,0.9528,0.9528,,,1,0.01,开放申购,开放赎回,,,,
2018-06-30,0.9527,0.9527,,,0,,开放申购,开放赎回,,,,
2018-06-29,0.9527,0.9527,,,1,0.13,开放申购,开放赎回,,,,
2018-06-28,0.9515,0.9515,,,1,-0.20,开放申购,开放赎回,,,,
2018-06-27,0.9534,0.9534,,,1,0.14,开放申购,开放赎回,,,,
2018-06-26,0.9521,0.9521,,,1,0.01,开放申购,开放赎回,,,,
2018-06-25,0.9520,0.9520,,,1,0.15,开放申购,开放赎回,,,,
2018-06-22,0.9506,0.9506,,,1,0.33,开放申购,开放赎回,,,,
2018-06-21,0.9475,0.9475,,,1,-0.19,开放申购,开放赎回,,,,
2018-06-20,0.9493,0.9493,,,1,-0.54,开放申购,开放赎回,,,,
2018-06-19,0.9545,0.9545,,,1,-0.30,开放申购,开放赎回,,,,
2018-06-15,0.9574,0.9574,,,1,-0.09,开放申购,开放赎回,,,,
2018-06-14,0.9583,0.9583,,,1,0.38,开放申购,开放赎回,,,,
2018-06-13,0.9547,0.9547,,,1,-0.08,开放申购,开放赎回,,,,
2018-06-12,0.9555,0.9555,,,1,-0.05,开放申购,开放赎回,,,,
2018-06-11,0.9560,0.9560,,,1,0.05,开放申购,开放赎回,,,,
2018-06-08,0.9555,0.9555,,,1,0.02,开放申购,开放赎回,,,,
2018-06-07,0.9553,0.9553,,,1,0.07,开放申购,开放赎回,,,,
2018-06-06,0.9546,0.9546,,,1,0.13,开放申购,开放赎回,,,,
2018-06-05,0.9534,0.9534,,,1,-0.16,开放申购,开放赎回,,,,
2018-06-04,0.9549,0.9549,,,1,-0.41,开放申购,开放赎回,,,,
2018-06-01,0.9588,0.9588,,,1,-0.17,开放申购,开放赎回,,,,
2018-05-31,0.9604,0.9604,,,1,0.25,开放申购,开放赎回,,,,
2018-05-30,0.9580,0.9580,,,1,0.16,开放申购,开放赎回,,,,
2018-05-29,0.9565,0.9565,,,1,0.21,开放申购,开放赎回,,,,
2018-05-28,0.9545,0.9545,,,1,-0.38,开放申购,开放赎回,,,,
2018-05-25,0.9581,0.9581,,,1,0.42,开放申购,开放赎回,,,,
2018-05-24,0.9541,0.9541,,,1,0.40,开放申购,开放赎回,,,,
2018-05-23,0.9503,0.9503,,,1,0.17,开放申购,开放赎回,,,,
2018-05-22,0.9487,0.9487,,,1,0.24,开放申购,开放赎回,,,,
2018-05-21,0.9464,0.9464,,,1,-0.17,开放申购,开放赎回,,,,
2018-05-18,0.9480,0.9480,,,1,0.11,开放申购,开放赎回,,,,
2018-05-17,0.9470,0.9470,,,1,-0.56,开放申购,开放赎回,,,,
2018-05-16,0.9523,0.9523,,,1,-0.83,开放申购,开放赎回,,,,
2018-05-15,0.9603,0.9603,,,1,-0.36,开放申购,开放赎回,,,,
2018-05-14,0.9638,0.9638,,,1,-0.09,开放申购,开放赎回,,,,
2018-05-11,0.9647,0.9647,,,1,0.24,开放申购,开放赎回,,,,
2018-05-10,0.9624,0.9624,,,1,0.17,开放申购,开放赎回,,,,
2018-05-09,0.9608,0.9608,,,1,-0.26,开放申购,开放赎回,,,,
2018-05-08,0.9633,0.9633,,,1,0.12,开放申购,开放赎回,,,,
2018-05-07,0.9621,0.9621,,,1,0.18,开放申购,开放赎回,,,,
2018-05-04,0.9604,0.9604,,,1,0.02,开放申购,开放赎回,,,,
2018-05-03,0.9602,0.9602,,,1,-0.16,开放申购,开放赎回,,,,
2018-05-02,0.9617,0.9617,,,1,-0.17,开放申购,开放赎回,,,,
2018-04-27,0.9633,0.9633,,,1,-0.34,开放申购,开放赎回,,,,
2018-04-26,0.9666,0.9666,,,1,0.27,开放申购,开放赎回,,,,
2018-04-25,0.9640,0.9640,,,1,-0.22,开放申购,开放赎回,,,,
2018-04-24,0.9661,0.9661,,,1,-0.12,开放申购,开放赎回,,,,
2018-04-23,0.9673,0.9673,,,1,-0.49,开放申购,开放赎回,,,,
2018-04-20,0.9721,0.9721,,,1,-0.42,开放申购,开放赎回,,,,
2018-04-19,0.9762,0.9762,,,1,0.36,开放申购,开放赎回,,,,
2018-04-18,0.9727,0.9727,,,1,-0.16,开放申购,开放赎回,,,,
2018-04-17,0.9743,0.9743,,,1,0.22,开放申购,开放赎回,,,,
2018-04-16,0.9722,0.9722,,,1,0.27,开放申购,开放赎回,,,,
2018-04-13,0.9696,0.9696,,,1,-0.69,开放申购,开放赎回,,,,
2018-04-12,0.9763,0.9763,,,1,0.40,开放申购,开放赎回,,,,
2018-04-11,0.9724,0.9724,,,1,0.33,开放申购,开放赎回,,,,
2018-04-10,0.9692,0.9692,,,1,0.17,开放申购,开放赎回,,,,
2018-04-09,0.9676,0.9676,,,1,-0.24,开放申购,开放赎回,,,,
2018-04-04,0.9699,0.9699,,,1,-0.10,开放申购,开放赎回,,,,
2018-04-03,0.9709,0.9709,,,1,0.56,开放申购,开放赎回,,,,
2018-04-02,0.9655,0.9655,,,1,0.09,开放申购,开放赎回,,,,
2018-03-30,0.9646,0.9646,,,1,0.23,开放申购,开放赎回,,,,
2018-03-29,0.9624,0.9624,,,1,-0.91,开放申购,开放赎回,,,,
2018-03-28,0.9712,0.9712,,,1,-0.55,开放申购,开放赎回,,,,
2018-03-27,0.9766,0.9766,,,1,-0.02,开放申购,开放赎回,,,,
2018-03-26,0.9768,0.9768,,,1,-0.28,开放申购,开放赎回,,,,
2018-03-23,0.9795,0.9795,,,1,0.99,开放申购,开放赎回,,,,
2018-03-22,0.9699,0.9699,,,1,0.81,开放申购,开放赎回,,,,
2018-03-21,0.9621,0.9621,,,1,0.08,开放申购,开放赎回,,,,
2018-03-20,0.9613,0.9613,,,1,0.31,开放申购,开放赎回,,,,
2018-03-19,0.9583,0.9583,,,1,-0.57,开放申购,开放赎回,,,,
2018-03-16,0.9638,0.9638,,,1,-0.26,开放申购,开放赎回,,,,
2018-03-15,0.9663,0.9663,,,1,-0.05,开放申购,开放赎回,,,,
2018-03-14,0.9668,0.9668,,,1,0.13,开放申购,开放赎回,,,,
2018-03-13,0.9655,0.9655,,,1,-0.03,开放申购,开放赎回,,,,
2018-03-12,0.9658,0.9658,,,1,0.06,开放申购,开放赎回,,,,
2018-03-09,0.9652,0.9652,,,1,-0.56,开放申购,开放赎回,,,,
2018-03-08,0.9706,0.9706,,,1,-0.03,开放申购,开放赎回,,,,
2018-03-07,0.9709,0.9709,,,1,0.39,开放申购,开放赎回,,,,
2018-03-06,0.9671,0.9671,,,1,-0.32,开放申购,开放赎回,,,,
2018-03-05,0.9702,0.9702,,,1,0.40,开放申购,开放赎回,,,,
2018-03-02,0.9663,0.9663,,,1,0.38,开放申购,开放赎回,,,,
2018-03-01,0.9626,0.9626,,,1,-0.18,开放申购,开放赎回,,,,
2018-02-28,0.9643,0.9643,,,1,-0.71,开放申购,开放赎回,,,,
2018-02-27,0.9712,0.9712,,,1,-0.41,开放申购,开放赎回,,,,
2018-02-26,0.9752,0.9752,,,1,0.56,开放申购,开放赎回,,,,
2018-02-23,0.9698,0.9698,,,1,0.20,开放申购,开放赎回,,,,
2018-02-22,0.9679,0.9679,,,1,-0.65,开放申购,开放赎回,,,,
2018-02-14,0.9742,0.9742,,,1,0.71,开放申购,开放赎回,,,,
2018-02-13,0.9673,0.9673,,,1,0.34,开放申购,开放赎回,,,,
2018-02-12,0.9640,0.9640,,,1,0.18,开放申购,开放赎回,,,,
2018-02-09,0.9623,0.9623,,,1,0.08,开放申购,开放赎回,,,,
2018-02-08,0.9615,0.9615,,,1,-0.17,开放申购,开放赎回,,,,
2018-02-07,0.9631,0.9631,,,1,-1.20,开放申购,开放赎回,,,,
2018-02-06,0.9748,0.9748,,,1,0.61,开放申购,开放赎回,,,,
2018-02-05,0.9689,0.9689,,,1,-0.78,开放申购,开放赎回,,,,
2018-02-02,0.9765,0.9765,,,1,0.11,开放申购,开放赎回,,,,
2018-02-01,0.9754,0.9754,,,1,-0.23,开放申购,开放赎回,,,,
2018-01-31,0.9776,0.9776,,,1,0.02,开放申购,开放赎回,,,,
2018-01-30,0.9774,0.9774,,,1,-0.68,开放申购,开放赎回,,,,
2018-01-29,0.9841,0.9841,,,1,-0.52,开放申购,开放赎回,,,,
2018-01-26,0.9892,0.9892,,,1,-0.46,开放申购,开放赎回,,,,
2018-01-25,0.9938,0.9938,,,1,0.33,开放申购,开放赎回,,,,
2018-01-24,0.9905,0.9905,,,1,0.23,开放申购,开放赎回,,,,
2018-01-23,0.9882,0.9882,,,1,0.41,开放申购,开放赎回,,,,
2018-01-22,0.9842,0.9842,,,1,0.11,开放申购,开放赎回,,,,
2018-01-19,0.9831,0.9831,,,1,-0.18,开放申购,开放赎回,,,,
2018-01-18,0.9849,0.9849,,,1,-0.52,开放申购,开放赎回,,,,
2018-01-17,0.9900,0.9900,,,1,-0.38,开放申购,开放赎回,,,,
2018-01-16,0.9938,0.9938,,,1,-0.25,开放申购,开放赎回,,,,
2018-01-15,0.9963,0.9963,,,1,0.38,开放申购,开放赎回,,,,
2018-01-12,0.9925,0.9925,,,1,0.19,开放申购,开放赎回,,,,
2018-01-11,0.9906,0.9906,,,1,0.40,开放申购,开放赎回,,,,
2018-01-10,0.9867,0.9867,,,1,-0.18,开放申购,开放赎回,,,,
2018-01-09,0.9885,0.9885,,,1,0.20,开放申购,开放赎回,,,,
2018-01-08,0.9865,0.9865,,,1,0.11,开放申购,开放赎回,,,,
2018-01-05,0.9854,0.9854,,,1,0.36,开放申购,开放赎回,,,,
2018-01-04,0.9819,0.9819,,,1,-0.27,开放申购,开放赎回,,,,
2018-01-03,0.9846,0.9846,,,1,0.24,开放申购,开放赎回,,,,
2018-01-02,0.9822,0.9822,,,1,0.78,开放申购,开放赎回,,,,
2017-12-31,0.9746,0.9746,,,0,,开放申购,开放赎回,,,,
2017-12-29,0.9746,0.9746,,,1,-0.17,开放申购,开放赎回,,,,
2017-12-28,0.9763,0.9763,,,1,0.26,开放申购,开放赎回,,,,
2017-12-27,0.9738,0.9738,,,1,0.29,开放申购,开放赎回,,,,
2017-12-26,0.9710,0.9710,,,1,0.12,开放申购,开放赎回,,,,
2017-12-25,0.9698,0.9698,,,1,0.34,开放申购,开放赎回,,,,
2017-12-22,0.9665,0.9665,,,1,0.13,开放申购,开放赎回,,,,
2017-12-21,0.9652,0.9652,,,1,-0.19,开放申购,开放赎回,,,,
2017-12-20,0.9670,0.9670,,,1,-0.22,开放申购,开放赎回,,,,
2017-12-19,0.9691,0.9691,,,1,0.49,开放申购,开放赎回,,,,
2017-12-18,0.9644,0.9644,,,1,0.10,开放申购,开放赎回,,,,
2017-12-15,0.9634,0.9634,,,1,-0.12,开放申购,开放赎回,,,,
2017-12-14,0.9646,0.9646,,,1,0.68,开放申购,开放赎回,,,,
2017-12-13,0.9581,0.9581,,,1,0.10,开放申购,开放赎回,,,,
2017-12-12,0.9571,0.9571,,,1,-0.28,开放申购,开放赎回,,,,
2017-12-11,0.9598,0.9598,,,1,0.17,开放申购,开放赎回,,,,
2017-12-08,0.9582,0.9582,,,1,-0.52,开放申购,开放赎回,,,,
2017-12-07,0.9632,0.9632,,,1,-0.74,开放申购,开放赎回,,,,
2017-12-06,0.9704,0.9704,,,1,-0.49,开放申购,开放赎回,,,,
2017-12-05,0.9752,0.9752,,,1,0.07,开放申购,开放赎回,,,,
2017-12-04,0.9745,0.9745,,,1,-0.06,开放申购,开放赎回,,,,
2017-12-01,0.9751,0.9751,,,1,-0.54,开放申购,开放赎回,,,,
2017-11-30,0.9804,0.9804,,,1,-0.61,开放申购,开放赎回,,,,
2017-11-29,0.9864,0.9864,,,1,0.16,开放申购,开放赎回,,,,
2017-11-28,0.9848,0.9848,,,1,0.12,开放申购,开放赎回,,,,
2017-11-27,0.9836,0.9836,,,1,0.03,开放申购,开放赎回,,,,
2017-11-24,0.9833,0.9833,,,1,0.01,开放申购,开放赎回,,,,
2017-11-23,0.9832,0.9832,,,1,0.15,开放申购,开放赎回,,,,
2017-11-22,0.9817,0.9817,,,1,-0.05,开放申购,开放赎回,,,,
2017-11-21,0.9822,0.9822,,,1,-0.48,开放申购,开放赎回,,,,
2017-11-20,0.9869,0.9869,,,1,0.49,开放申购,开放赎回,,,,
2017-11-17,0.9821,0.9821,,,1,0.30,开放申购,开放赎回,,,,
2017-11-16,0.9792,0.9792,,,1,-0.37,开放申购,开放赎回,,,,
2017-11-15,0.9828,0.9828,,,1,0.19,开放申购,开放赎回,,,,
2017-11-14,0.9809,0.9809,,,1,-0.17,开放申购,开放赎回,,,,
2017-11-13,0.9826,0.9826,,,1,-0.33,开放申购,开放赎回,,,,
2017-11-10,0.9859,0.9859,,,1,0.19,开放申购,开放赎回,,,,
2017-11-09,0.9840,0.9840,,,1,0.28,开放申购,开放赎回,,,,
2017-11-08,0.9813,0.9813,,,1,0.07,开放申购,开放赎回,,,,
2017-11-07,0.9806,0.9806,,,1,0.46,开放申购,开放赎回,,,,
2017-11-06,0.9761,0.9761,,,1,-0.20,开放申购,开放赎回,,,,
2017-11-03,0.9781,0.9781,,,1,0.09,开放申购,开放赎回,,,,
2017-11-02,0.9772,0.9772,,,1,-0.04,开放申购,开放赎回,,,,
2017-11-01,0.9776,0.9776,,,1,-0.16,开放申购,开放赎回,,,,
2017-10-31,0.9792,0.9792,,,1,0.34,开放申购,开放赎回,,,,
2017-10-30,0.9759,0.9759,,,1,0.00,开放申购,开放赎回,,,,
2017-10-27,0.9759,0.9759,,,1,-0.54,开放申购,开放赎回,,,,
2017-10-26,0.9812,0.9812,,,1,0.21,开放申购,开放赎回,,,,
2017-10-25,0.9791,0.9791,,,1,-0.40,开放申购,开放赎回,,,,
2017-10-24,0.9830,0.9830,,,1,0.32,开放申购,开放赎回,,,,
2017-10-23,0.9799,0.9799,,,1,-0.25,开放申购,开放赎回,,,,
2017-10-20,0.9824,0.9824,,,1,-0.03,开放申购,开放赎回,,,,
2017-10-19,0.9827,0.9827,,,1,-0.27,开放申购,开放赎回,,,,
2017-10-18,0.9854,0.9854,,,1,-0.30,开放申购,开放赎回,,,,
2017-10-17,0.9884,0.9884,,,1,-0.49,开放申购,开放赎回,,,,
2017-10-16,0.9933,0.9933,,,1,0.53,开放申购,开放赎回,,,,
2017-10-13,0.9881,0.9881,,,1,0.08,开放申购,开放赎回,,,,
2017-10-12,0.9873,0.9873,,,1,0.40,开放申购,开放赎回,,,,
2017-10-11,0.9834,0.9834,,,1,-0.37,开放申购,开放赎回,,,,
2017-10-10,0.9871,0.9871,,,1,-0.03,开放申购,开放赎回,,,,
2017-10-09,0.9874,0.9874,,,1,-0.39,开放申购,开放赎回,,,,
2017-09-29,0.9913,0.9913,,,1,0.26,开放申购,开放赎回,,,,
2017-09-28,0.9887,0.9887,,,1,-0.33,开放申购,开放赎回,,,,
2017-09-27,0.9920,0.9920,,,1,-0.83,开放申购,开放赎回,,,,
2017-09-26,1.0003,1.0003,,,1,1.20,开放申购,开放赎回,,,,
2017-09-25,0.9884,0.9884,,,1,-0.26,开放申购,开放赎回,,,,
2017-09-22,0.9910,0.9910,,,1,0.29,开放申购,开放赎回,,,,
2017-09-21,0.9881,0.9881,,,1,-0.82,开放申购,开放赎回,,,,
2017-09-20,0.9963,0.9963,,,1,0.08,开放申购,开放赎回,,,,
2017-09-19,0.9955,0.9955,,,1,-0.10,开放申购,开放赎回,,,,
2017-09-18,0.9965,0.9965,,,1,-0.43,开放申购,开放赎回,,,,
2017-09-15,1.0008,1.0008,,,1,0.14,开放申购,开放赎回,,,,
2017-09-14,0.9994,0.9994,,,1,-0.29,开放申购,开放赎回,,,,
2017-09-13,1.0023,1.0023,,,1,0.27,开放申购,开放赎回,,,,
2017-09-12,0.9996,0.9996,,,1,-0.55,开放申购,开放赎回,,,,
2017-09-11,1.0051,1.0051,,,1,-0.08,开放申购,开放赎回,,,,
2017-09-08,1.0059,1.0059,,,1,0.12,开放申购,开放赎回,,,,
2017-09-07,1.0047,1.0047,,,1,-0.35,开放申购,开放赎回,,,,
2017-09-06,1.0082,1.0082,,,1,0.41,开放申购,开放赎回,,,,
2017-09-05,1.0041,1.0041,,,1,-0.28,开放申购,开放赎回,,,,
2017-09-04,1.0069,1.0069,,,1,0.85,开放申购,开放赎回,,,,
2017-09-01,0.9984,0.9984,,,1,0.54,开放申购,开放赎回,,,,
2017-08-31,0.9930,0.9930,,,1,-0.03,开放申购,开放赎回,,,,
2017-08-30,0.9933,0.9933,,,1,-1.08,开放申购,开放赎回,,,,
2017-08-29,1.0041,1.0041,,,1,1.00,开放申购,开放赎回,,,,
2017-08-28,0.9942,0.9942,,,1,0.48,开放申购,开放赎回,,,,
2017-08-25,0.9895,0.9895,,,1,-0.10,开放申购,开放赎回,,,,
2017-08-24,0.9905,0.9905,,,1,0.02,开放申购,开放赎回,,,,
2017-08-23,0.9903,0.9903,,,1,0.11,开放申购,开放赎回,,,,
2017-08-22,0.9892,0.9892,,,1,-0.28,开放申购,开放赎回,,,,
2017-08-21,0.9920,0.9920,,,1,-0.34,开放申购,开放赎回,,,,
2017-08-18,0.9954,0.9954,,,1,0.50,开放申购,开放赎回,,,,
2017-08-17,0.9904,0.9904,,,1,0.86,开放申购,开放赎回,,,,
2017-08-16,0.9820,0.9820,,,1,-0.06,开放申购,开放赎回,,,,
2017-08-15,0.9826,0.9826,,,1,-0.65,开放申购,开放赎回,,,,
2017-08-14,0.9890,0.9890,,,1,-0.04,开放申购,开放赎回,,,,
2017-08-11,0.9894,0.9894,,,1,0.49,开放申购,开放赎回,,,,
2017-08-10,0.9846,0.9846,,,1,0.39,开放申购,开放赎回,,,,
2017-08-09,0.9808,0.9808,,,1,0.38,开放申购,开放赎回,,,,
2017-08-08,0.9771,0.9771,,,1,-0.12,开放申购,开放赎回,,,,
2017-08-07,0.9783,0.9783,,,1,-0.64,开放申购,开放赎回,,,,
2017-08-04,0.9846,0.9846,,,1,0.63,开放申购,开放赎回,,,,
2017-08-03,0.9784,0.9784,,,1,-0.47,开放申购,开放赎回,,,,
2017-08-02,0.9830,0.9830,,,1,-0.17,开放申购,开放赎回,,,,
2017-08-01,0.9847,0.9847,,,1,0.07,开放申购,开放赎回,,,,
2017-07-31,0.9840,0.9840,,,1,0.28,开放申购,开放赎回,,,,
2017-07-28,0.9813,0.9813,,,1,-0.10,开放申购,开放赎回,,,,
2017-07-27,0.9823,0.9823,,,1,0.79,开放申购,开放赎回,,,,
2017-07-26,0.9746,0.9746,,,1,-0.53,开放申购,开放赎回,,,,
2017-07-25,0.9798,0.9798,,,1,0.01,开放申购,开放赎回,,,,
2017-07-24,0.9797,0.9797,,,1,0.20,开放申购,开放赎回,,,,
2017-07-21,0.9777,0.9777,,,1,0.66,开放申购,开放赎回,,,,
2017-07-20,0.9713,0.9713,,,1,-0.02,开放申购,开放赎回,,,,
2017-07-19,0.9715,0.9715,,,1,0.17,开放申购,开放赎回,,,,
2017-07-18,0.9699,0.9699,,,1,0.20,开放申购,开放赎回,,,,
2017-07-17,0.9680,0.9680,,,1,0.86,开放申购,开放赎回,,,,
2017-07-14,0.9597,0.9597,,,1,-0.45,开放申购,开放赎回,,,,
2017-07-13,0.9640,0.9640,,,1,0.07,开放申购,开放赎回,,,,
2017-07-12,0.9633,0.9633,,,1,0.47,开放申购,开放赎回,,,,
2017-07-11,0.9588,0.9588,,,1,0.62,开放申购,开放赎回,,,,
2017-07-10,0.9529,0.9529,,,1,-1.39,开放申购,开放赎回,,,,
2017-07-07,0.9663,0.9663,,,1,-0.11,开放申购,开放赎回,,,,
2017-07-06,0.9674,0.9674,,,1,0.04,开放申购,开放赎回,,,,
2017-07-05,0.9670,0.9670,,,1,-0.12,开放申购,开放赎回,,,,
2017-07-04,0.9682,0.9682,,,1,-0.50,开放申购,开放赎回,,,,
2017-07-03,0.9731,0.9731,,,1,-0.43,开放申购,开放赎回,,,,
2017-06-30,0.9773,0.9773,,,1,-0.65,开放申购,开放赎回,,,,
2017-06-29,0.9837,0.9837,,,1,-0.31,开放申购,开放赎回,,,,
2017-06-28,0.9868,0.9868,,,1,-0.20,开放申购,开放赎回,,,,
2017-06-27,0.9888,0.9888,,,1,-0.45,开放申购,开放赎回,,,,
2017-06-26,0.9933,0.9933,,,1,0.04,开放申购,开放赎回,,,,
2017-06-23,0.9929,0.9929,,,1,0.10,开放申购,开放赎回,,,,
2017-06-22,0.9919,0.9919,,,1,0.58,开放申购,开放赎回,,,,
2017-06-21,0.9862,0.9862,,,1,-0.08,开放申购,开放赎回,,,,
2017-06-20,0.9870,0.9870,,,1,-0.08,开放申购,开放赎回,,,,
2017-06-19,0.9878,0.9878,,,1,-0.21,开放申购,开放赎回,,,,
2017-06-16,0.9899,0.9899,,,1,-0.18,开放申购,开放赎回,,,,
2017-06-15,0.9917,0.9917,,,1,-0.59,开放申购,开放赎回,,,,
2017-06-14,0.9976,0.9976,,,1,0.32,开放申购,开放赎回,,,,
2017-06-13,0.9944,0.9944,,,1,-0.17,开放申购,开放赎回,,,,
2017-06-12,0.9961,0.9961,,,1,-0.29,开放申购,开放赎回,,,,
2017-06-09,0.9990,0.9990,,,1,-1.00,开放申购,开放赎回,,,,
2017-06-08,1.0091,1.0091,,,1,-0.35,开放申购,开放赎回,,,,
2017-06-07,1.0126,1.0126,,,1,0.18,开放申购,开放赎回,,,,
2017-06-06,1.0108,1.0108,,,1,0.44,开放申购,开放赎回,,,,
2017-06-05,1.0064,1.0064,,,1,1.25,开放申购,开放赎回,,,,
2017-06-02,0.9940,0.9940,,,1,-0.27,开放申购,开放赎回,,,,
2017-06-01,0.9967,0.9967,,,1,-0.01,开放申购,开放赎回,,,,
2017-05-31,0.9968,0.9968,,,1,-0.46,开放申购,开放赎回,,,,
2017-05-26,1.0014,1.0014,,,1,0.21,开放申购,开放赎回,,,,
2017-05-25,0.9993,0.9993,,,1,0.41,开放申购,开放赎回,,,,
2017-05-24,0.9952,0.9952,,,1,-0.96,开放申购,开放赎回,,,,
2017-05-23,1.0048,1.0048,,,1,0.47,开放申购,开放赎回,,,,
2017-05-22,1.0001,1.0001,,,1,0.25,开放申购,开放赎回,,,,
2017-05-19,0.9976,0.9976,,,1,-0.19,开放申购,开放赎回,,,,
2017-05-18,0.9995,0.9995,,,1,0.75,开放申购,开放赎回,,,,
2017-05-17,0.9921,0.9921,,,1,0.30,开放申购,开放赎回,,,,
2017-05-16,0.9891,0.9891,,,1,0.14,开放申购,开放赎回,,,,
2017-05-15,0.9877,0.9877,,,1,0.26,开放申购,开放赎回,,,,
2017-05-12,0.9851,0.9851,,,1,0.42,开放申购,开放赎回,,,,
2017-05-11,0.9810,0.9810,,,1,0.13,开放申购,开放赎回,,,,
2017-05-10,0.9797,0.9797,,,1,-0.45,开放申购,开放赎回,,,,
2017-05-09,0.9841,0.9841,,,1,-0.10,开放申购,开放赎回,,,,
2017-05-08,0.9851,0.9851,,,1,-0.12,开放申购,开放赎回,,,,
2017-05-05,0.9863,0.9863,,,1,-0.11,开放申购,开放赎回,,,,
2017-05-04,0.9874,0.9874,,,1,-1.42,开放申购,开放赎回,,,,
2017-05-03,1.0016,1.0016,,,1,-0.18,开放申购,开放赎回,,,,
2017-05-02,1.0034,1.0034,,,1,-0.84,开放申购,开放赎回,,,,
2017-04-28,1.0119,1.0119,,,1,0.29,开放申购,开放赎回,,,,
2017-04-27,1.0090,1.0090,,,1,0.18,开放申购,开放赎回,,,,
2017-04-26,1.0072,1.0072,,,1,-0.42,开放申购,开放赎回,,,,
2017-04-25,1.0114,1.0114,,,1,-0.10,开放申购,开放赎回,,,,
2017-04-24,1.0124,1.0124,,,1,-0.59,开放申购,开放赎回,,,,
2017-04-21,1.0184,1.0184,,,1,-0.06,开放申购,开放赎回,,,,
2017-04-20,1.0190,1.0190,,,1,-0.11,开放申购,开放赎回,,,,
2017-04-19,1.0201,1.0201,,,1,-0.13,开放申购,开放赎回,,,,
2017-04-18,1.0214,1.0214,,,1,-0.26,开放申购,开放赎回,,,,
2017-04-17,1.0241,1.0241,,,1,0.09,开放申购,开放赎回,,,,
2017-04-14,1.0232,1.0232,,,1,-0.03,开放申购,开放赎回,,,,
2017-04-13,1.0235,1.0235,,,1,0.76,开放申购,开放赎回,,,,
2017-04-12,1.0158,1.0158,,,1,0.86,开放申购,开放赎回,,,,
2017-04-11,1.0071,1.0071,,,1,0.15,开放申购,开放赎回,,,,
2017-04-10,1.0056,1.0056,,,1,-0.52,开放申购,开放赎回,,,,
2017-04-07,1.0109,1.0109,,,1,0.93,开放申购,开放赎回,,,,
2017-04-06,1.0016,1.0016,,,1,-0.14,开放申购,开放赎回,,,,
2017-04-05,1.0030,1.0030,,,1,0.95,开放申购,开放赎回,,,,
2017-03-31,0.9936,0.9936,,,1,-0.60,开放申购,开放赎回,,,,
2017-03-30,0.9996,0.9996,,,1,-0.04,开放申购,开放赎回,,,,
2017-03-29,1.0000,1.0000,,,1,-0.17,开放申购,开放赎回,,,,
2017-03-28,1.0017,1.0017,,,1,-0.10,开放申购,开放赎回,,,,
2017-03-27,1.0027,1.0027,,,1,0.88,开放申购,开放赎回,,,,
2017-03-24,0.9940,0.9940,,,1,-0.11,开放申购,开放赎回,,,,
2017-03-23,0.9951,0.9951,,,1,0.00,开放申购,开放赎回,,,,
2017-03-22,0.9951,0.9951,,,1,0.81,开放申购,开放赎回,,,,
2017-03-21,0.9871,0.9871,,,1,-0.43,开放申购,开放赎回,,,,
2017-03-20,0.9914,0.9914,,,1,0.48,开放申购,开放赎回,,,,
2017-03-17,0.9867,0.9867,,,1,-0.09,开放申购,开放赎回,,,,
2017-03-16,0.9876,0.9876,,,1,1.48,开放申购,开放赎回,,,,
2017-03-15,0.9732,0.9732,,,1,0.07,开放申购,开放赎回,,,,
2017-03-14,0.9725,0.9725,,,1,-0.53,开放申购,开放赎回,,,,
2017-03-13,0.9777,0.9777,,,1,0.85,开放申购,开放赎回,,,,
2017-03-10,0.9695,0.9695,,,1,-0.62,开放申购,开放赎回,,,,
2017-03-09,0.9755,0.9755,,,1,-0.53,开放申购,开放赎回,,,,
2017-03-08,0.9807,0.9807,,,1,-0.51,开放申购,开放赎回,,,,
2017-03-07,0.9857,0.9857,,,1,-0.38,开放申购,开放赎回,,,,
2017-03-06,0.9895,0.9895,,,1,0.09,开放申购,开放赎回,,,,
2017-03-03,0.9886,0.9886,,,1,-0.70,开放申购,开放赎回,,,,
2017-03-02,0.9956,0.9956,,,1,0.12,开放申购,开放赎回,,,,
2017-03-01,0.9944,0.9944,,,1,-1.27,开放申购,开放赎回,,,,
2017-02-28,1.0072,1.0072,,,1,0.40,开放申购,开放赎回,,,,
2017-02-27,1.0032,1.0032,,,1,0.32,开放申购,开放赎回,,,,
2017-02-24,1.0000,1.0000,,,1,1.15,开放申购,开放赎回,,,,
2017-02-23,0.9886,0.9886,,,1,0.19,开放申购,开放赎回,,,,
2017-02-22,0.9867,0.9867,,,1,0.02,开放申购,开放赎回,,,,
2017-02-21,0.9865,0.9865,,,1,0.02,开放申购,开放赎回,,,,
2017-02-20,0.9863,0.9863,,,1,-0.08,开放申购,开放赎回,,,,
2017-02-17,0.9871,0.9871,,,1,0.27,开放申购,开放赎回,,,,
2017-02-16,0.9844,0.9844,,,1,0.51,开放申购,开放赎回,,,,
2017-02-15,0.9794,0.9794,,,1,-0.22,开放申购,开放赎回,,,,
2017-02-14,0.9816,0.9816,,,1,-0.20,开放申购,开放赎回,,,,
2017-02-13,0.9836,0.9836,,,1,0.57,开放申购,开放赎回,,,,
2017-02-10,0.9780,0.9780,,,1,-1.16,开放申购,开放赎回,,,,
2017-02-09,0.9895,0.9895,,,1,0.66,开放申购,开放赎回,,,,
2017-02-08,0.9830,0.9830,,,1,0.06,开放申购,开放赎回,,,,
2017-02-07,0.9824,0.9824,,,1,0.80,开放申购,开放赎回,,,,
2017-02-06,0.9746,0.9746,,,1,0.85,开放申购,开放赎回,,,,
2017-02-03,0.9664,0.9664,,,1,1.06,开放申购,开放赎回,,,,
2017-01-26,0.9563,0.9563,,,1,-0.63,开放申购,开放赎回,,,,
2017-01-25,0.9624,0.9624,,,1,-0.62,开放申购,开放赎回,,,,
2017-01-24,0.9684,0.9684,,,1,-0.14,开放申购,开放赎回,,,,
2017-01-23,0.9698,0.9698,,,1,0.42,开放申购,开放赎回,,,,
2017-01-20,0.9657,0.9657,,,1,0.35,开放申购,开放赎回,,,,
2017-01-19,0.9623,0.9623,,,1,-1.02,开放申购,开放赎回,,,,
2017-01-18,0.9722,0.9722,,,1,-0.40,开放申购,开放赎回,,,,
2017-01-17,0.9761,0.9761,,,1,0.56,开放申购,开放赎回,,,,
2017-01-16,0.9707,0.9707,,,1,0.59,开放申购,开放赎回,,,,
2017-01-13,0.9650,0.9650,,,1,-0.21,开放申购,开放赎回,,,,
2017-01-12,0.9670,0.9670,,,1,0.09,开放申购,开放赎回,,,,
2017-01-11,0.9661,0.9661,,,1,0.33,开放申购,开放赎回,,,,
2017-01-10,0.9629,0.9629,,,1,0.76,开放申购,开放赎回,,,,
2017-01-09,0.9556,0.9556,,,1,0.21,开放申购,开放赎回,,,,
2017-01-06,0.9536,0.9536,,,1,0.19,开放申购,开放赎回,,,,
2017-01-05,0.9518,0.9518,,,1,-0.05,开放申购,开放赎回,,,,
2017-01-04,0.9523,0.9523,,,1,0.42,开放申购,开放赎回,,,,
2017-01-03,0.9483,0.9483,,,1,-0.08,开放申购,开放赎回,,,,
2016-12-31,0.9491,0.9491,,,0,0.00,开放申购,开放赎回,,,,
2016-12-30,0.9491,0.9491,,,1,0.33,开放申购,开放赎回,,,,
2016-12-29,0.9460,0.9460,,,1,0.38,开放申购,开放赎回,,,,
2016-12-28,0.9424,0.9424,,,1,0.09,开放申购,开放赎回,,,,
2016-12-27,0.9416,0.9416,,,1,0.09,开放申购,开放赎回,,,,
2016-12-26,0.9408,0.9408,,,1,0.48,开放申购,开放赎回,,,,
2016-12-23,0.9363,0.9363,,,1,0.02,开放申购,开放赎回,,,,
2016-12-22,0.9361,0.9361,,,1,-0.33,开放申购,开放赎回,,,,
2016-12-21,0.9392,0.9392,,,1,-0.38,开放申购,开放赎回,,,,
2016-12-20,0.9428,0.9428,,,1,-0.24,开放申购,开放赎回,,,,
2016-12-19,0.9451,0.9451,,,1,0.22,开放申购,开放赎回,,,,
2016-12-16,0.9430,0.9430,,,1,-0.31,开放申购,开放赎回,,,,
2016-12-15,0.9459,0.9459,,,1,-1.00,开放申购,开放赎回,,,,
2016-12-14,0.9555,0.9555,,,1,0.21,开放申购,开放赎回,,,,
2016-12-13,0.9535,0.9535,,,1,0.12,开放申购,开放赎回,,,,
2016-12-12,0.9524,0.9524,,,1,-0.51,开放申购,开放赎回,,,,
2016-12-09,0.9573,0.9573,,,1,-0.68,开放申购,开放赎回,,,,
2016-12-08,0.9639,0.9639,,,1,1.05,开放申购,开放赎回,,,,
2016-12-07,0.9539,0.9539,,,1,0.26,开放申购,开放赎回,,,,
2016-12-06,0.9514,0.9514,,,1,-0.11,开放申购,开放赎回,,,,
2016-12-05,0.9524,0.9524,,,1,-0.12,开放申购,开放赎回,,,,
2016-12-02,0.9535,0.9535,,,1,-0.07,开放申购,开放赎回,,,,
2016-12-01,0.9542,0.9542,,,1,-0.80,开放申购,开放赎回,,,,
2016-11-30,0.9619,0.9619,,,1,-0.26,开放申购,开放赎回,,,,
2016-11-29,0.9644,0.9644,,,1,-0.64,开放申购,开放赎回,,,,
2016-11-28,0.9706,0.9706,,,1,0.41,开放申购,开放赎回,,,,
2016-11-25,0.9666,0.9666,,,1,-0.35,开放申购,开放赎回,,,,
2016-11-24,0.9700,0.9700,,,1,-0.87,开放申购,开放赎回,,,,
2016-11-23,0.9785,0.9785,,,1,0.19,开放申购,开放赎回,,,,
2016-11-22,0.9766,0.9766,,,1,-0.13,开放申购,开放赎回,,,,
2016-11-21,0.9779,0.9779,,,1,0.71,开放申购,开放赎回,,,,
2016-11-18,0.9710,0.9710,,,1,-0.92,开放申购,开放赎回,,,,
2016-11-17,0.9800,0.9800,,,1,0.06,开放申购,开放赎回,,,,
2016-11-16,0.9794,0.9794,,,1,-0.17,开放申购,开放赎回,,,,
2016-11-15,0.9811,0.9811,,,1,0.55,开放申购,开放赎回,,,,
2016-11-14,0.9757,0.9757,,,1,-2.15,开放申购,开放赎回,,,,
2016-11-11,0.9971,0.9971,,,1,-1.36,开放申购,开放赎回,,,,
2016-11-10,1.0108,1.0108,,,1,-1.85,开放申购,开放赎回,,,,
2016-11-09,1.0298,1.0298,,,1,2.53,开放申购,开放赎回,,,,
2016-11-08,1.0044,1.0044,,,1,-0.22,开放申购,开放赎回,,,,
2016-11-07,1.0066,1.0066,,,1,-0.51,开放申购,开放赎回,,,,
2016-11-04,1.0118,1.0118,,,1,-0.26,开放申购,开放赎回,,,,
2016-11-03,1.0144,1.0144,,,1,0.39,开放申购,开放赎回,,,,
2016-11-02,1.0105,1.0105,,,1,0.80,开放申购,开放赎回,,,,
2016-11-01,1.0025,1.0025,,,1,0.38,开放申购,开放赎回,,,,
2016-10-31,0.9987,0.9987,,,1,0.44,开放申购,开放赎回,,,,
2016-10-28,0.9943,0.9943,,,1,-0.04,开放申购,开放赎回,,,,
2016-10-27,0.9947,0.9947,,,1,-0.35,开放申购,开放赎回,,,,
2016-10-26,0.9982,0.9982,,,1,0.45,开放申购,开放赎回,,,,
2016-10-25,0.9937,0.9937,,,1,0.14,开放申购,开放赎回,,,,
2016-10-24,0.9923,0.9923,,,1,0.44,开放申购,开放赎回,,,,
2016-10-21,0.9880,0.9880,,,1,-0.15,开放申购,开放赎回,,,,
2016-10-20,0.9895,0.9895,,,1,0.46,开放申购,开放赎回,,,,
2016-10-19,0.9850,0.9850,,,1,-0.11,开放申购,开放赎回,,,,
2016-10-18,0.9861,0.9861,,,1,0.62,开放申购,开放赎回,,,,
2016-10-17,0.9800,0.9800,,,1,0.08,开放申购,开放赎回,,,,
2016-10-14,0.9792,0.9792,,,1,-0.13,开放申购,开放赎回,,,,
2016-10-13,0.9805,0.9805,,,1,0.18,开放申购,开放赎回,,,,
2016-10-12,0.9787,0.9787,,,1,-0.22,开放申购,开放赎回,,,,
2016-10-11,0.9809,0.9809,,,1,0.01,开放申购,开放赎回,,,,
2016-10-10,0.9808,0.9808,,,1,-3.70,开放申购,开放赎回,,,,
2016-09-30,1.0185,1.0185,,,1,0.13,开放申购,开放赎回,,,,
2016-09-29,1.0172,1.0172,,,1,-0.12,开放申购,开放赎回,,,,
2016-09-28,1.0184,1.0184,,,1,-0.82,开放申购,开放赎回,,,,
2016-09-27,1.0268,1.0268,,,1,0.12,开放申购,开放赎回,,,,
2016-09-26,1.0256,1.0256,,,1,0.10,开放申购,开放赎回,,,,
2016-09-23,1.0246,1.0246,,,1,-0.02,开放申购,开放赎回,,,,
2016-09-22,1.0248,1.0248,,,1,0.78,开放申购,开放赎回,,,,
2016-09-21,1.0169,1.0169,,,1,0.29,开放申购,开放赎回,,,,
2016-09-20,1.0140,1.0140,,,1,-0.10,开放申购,开放赎回,,,,
2016-09-19,1.0150,1.0150,,,1,-0.35,开放申购,开放赎回,,,,
2016-09-14,1.0186,1.0186,,,1,-0.37,开放申购,开放赎回,,,,
2016-09-13,1.0224,1.0224,,,1,-0.08,开放申购,开放赎回,,,,
2016-09-12,1.0232,1.0232,,,1,-0.39,开放申购,开放赎回,,,,
2016-09-09,1.0272,1.0272,,,1,-0.48,开放申购,开放赎回,,,,
2016-09-08,1.0322,1.0322,,,1,-0.05,开放申购,开放赎回,,,,
2016-09-07,1.0327,1.0327,,,1,1.00,开放申购,开放赎回,,,,
2016-09-06,1.0225,1.0225,,,1,0.30,开放申购,开放赎回,,,,
2016-09-05,1.0194,1.0194,,,1,0.94,开放申购,开放赎回,,,,
2016-09-02,1.0099,1.0099,,,1,0.34,开放申购,开放赎回,,,,
2016-09-01,1.0065,1.0065,,,1,-0.50,开放申购,开放赎回,,,,
2016-08-31,1.0116,1.0116,,,1,-0.22,开放申购,开放赎回,,,,
2016-08-30,1.0138,1.0138,,,1,0.13,开放申购,开放赎回,,,,
2016-08-29,1.0125,1.0125,,,1,-0.43,开放申购,开放赎回,,,,
2016-08-26,1.0169,1.0169,,,1,0.00,开放申购,开放赎回,,,,
2016-08-25,1.0169,1.0169,,,1,-0.57,开放申购,开放赎回,,,,
2016-08-24,1.0227,1.0227,,,1,-0.04,开放申购,开放赎回,,,,
2016-08-23,1.0231,1.0231,,,1,0.15,开放申购,开放赎回,,,,
2016-08-22,1.0216,1.0216,,,1,-0.57,开放申购,开放赎回,,,,
2016-08-19,1.0275,1.0275,,,1,-0.20,开放申购,开放赎回,,,,
2016-08-18,1.0296,1.0296,,,1,0.65,开放申购,开放赎回,,,,
2016-08-17,1.0230,1.0230,,,1,-0.36,开放申购,开放赎回,,,,
2016-08-16,1.0267,1.0267,,,1,0.20,开放申购,开放赎回,,,,
2016-08-15,1.0247,1.0247,,,1,0.17,开放申购,开放赎回,,,,
2016-08-12,1.0230,1.0230,,,1,-0.31,开放申购,开放赎回,,,,
2016-08-11,1.0262,1.0262,,,1,-0.51,开放申购,开放赎回,,,,
2016-08-10,1.0315,1.0315,,,1,0.17,开放申购,开放赎回,,,,
2016-08-09,1.0297,1.0297,,,1,0.78,开放申购,开放赎回,,,,
2016-08-08,1.0217,1.0217,,,1,-1.51,开放申购,开放赎回,,,,
2016-08-05,1.0374,1.0374,,,1,0.83,开放申购,开放赎回,,,,
2016-08-04,1.0289,1.0289,,,1,-0.74,开放申购,开放赎回,,,,
2016-08-03,1.0366,1.0366,,,1,0.47,开放申购,开放赎回,,,,
2016-08-02,1.0318,1.0318,,,1,0.49,开放申购,开放赎回,,,,
2016-08-01,1.0268,1.0268,,,1,0.55,开放申购,开放赎回,,,,
2016-07-29,1.0212,1.0212,,,1,-0.43,开放申购,开放赎回,,,,
2016-07-28,1.0256,1.0256,,,1,0.88,开放申购,开放赎回,,,,
2016-07-27,1.0167,1.0167,,,1,-0.07,开放申购,开放赎回,,,,
2016-07-26,1.0174,1.0174,,,1,0.15,开放申购,开放赎回,,,,
2016-07-25,1.0159,1.0159,,,1,-0.37,开放申购,开放赎回,,,,
2016-07-22,1.0197,1.0197,,,1,0.36,开放申购,开放赎回,,,,
2016-07-21,1.0160,1.0160,,,1,-0.53,开放申购,开放赎回,,,,
2016-07-20,1.0214,1.0214,,,1,-0.24,开放申购,开放赎回,,,,
2016-07-19,1.0239,1.0239,,,1,0.14,开放申购,开放赎回,,,,
2016-07-18,1.0225,1.0225,,,1,-0.14,开放申购,开放赎回,,,,
2016-07-15,1.0239,1.0239,,,1,-0.07,开放申购,开放赎回,,,,
2016-07-14,1.0246,1.0246,,,1,-0.34,开放申购,开放赎回,,,,
2016-07-13,1.0281,1.0281,,,1,-0.44,开放申购,开放赎回,,,,
2016-07-12,1.0326,1.0326,,,1,-0.09,开放申购,开放赎回,,,,
2016-07-11,1.0335,1.0335,,,1,0.18,开放申购,开放赎回,,,,
2016-07-08,1.0316,1.0316,,,1,-0.35,开放申购,开放赎回,,,,
2016-07-07,1.0352,1.0352,,,1,0.06,开放申购,开放赎回,,,,
2016-07-06,1.0346,1.0346,,,1,0.67,开放申购,开放赎回,,,,
2016-07-05,1.0277,1.0277,,,1,-0.14,开放申购,开放赎回,,,,
2016-07-04,1.0291,1.0291,,,1,0.46,开放申购,开放赎回,,,,
2016-07-01,1.0244,1.0244,,,1,0.50,开放申购,开放赎回,,,,
2016-06-30,1.0193,1.0193,,,1,-0.16,开放申购,开放赎回,,,,
2016-06-29,1.0209,1.0209,,,1,0.16,开放申购,开放赎回,,,,
2016-06-28,1.0193,1.0193,,,1,-0.14,开放申购,开放赎回,,,,
2016-06-27,1.0207,1.0207,,,1,0.16,开放申购,开放赎回,,,,
2016-06-24,1.0191,1.0191,,,1,1.36,开放申购,开放赎回,,,,
2016-06-23,1.0054,1.0054,,,1,0.03,开放申购,开放赎回,,,,
2016-06-22,1.0051,1.0051,,,1,-0.32,开放申购,开放赎回,,,,
2016-06-21,1.0083,1.0083,,,1,-0.04,开放申购,开放赎回,,,,
2016-06-20,1.0087,1.0087,,,1,-0.07,开放申购,开放赎回,,,,
2016-06-17,1.0094,1.0094,,,1,-0.38,开放申购,开放赎回,,,,
2016-06-16,1.0133,1.0133,,,1,0.40,开放申购,开放赎回,,,,
2016-06-15,1.0093,1.0093,,,1,0.10,开放申购,开放赎回,,,,
2016-06-14,1.0083,1.0083,,,1,-0.01,开放申购,开放赎回,,,,
2016-06-13,1.0084,1.0084,,,1,0.51,开放申购,开放赎回,,,,
2016-06-08,1.0033,1.0033,,,1,0.14,开放申购,开放赎回,,,,
2016-06-07,1.0019,1.0019,,,1,0.01,开放申购,开放赎回,,,,
2016-06-06,1.0018,1.0018,,,1,0.16,开放申购,开放赎回,,,,
2016-06-03,1.0002,1.0002,,,1,0.00,开放申购,开放赎回,,,,
2016-06-02,1.0002,1.0002,,,1,0.00,开放申购,开放赎回,,,,
2016-06-01,1.0002,1.0002,,,1,0.01,开放申购,开放赎回,,,,
2016-05-31,1.0001,1.0001,,,1,0.00,开放申购,开放赎回,,,,
2016-05-30,1.0001,1.0001,,,1,0.01,开放申购,开放赎回,,,,
2016-05-27,1.0000,1.0000,,,1,0.00,封闭期,封闭期,,,,
2016-05-26,1.0000,1.0000,,,1,,封闭期,封闭期,,,,
